Date,Day_Name,Is_Weekend,Is_Holiday,Season,School_Period,Event,Avg_Temp_C,Days_Since_Payday,Orders,Gross_Sales,Discount,Return_Amount,Net_Sales,COGS,Gross_Profit,Payment_Fee,Delivery_Commission,Items_Sold,Unique_Customers,New_Customers,Guest_Orders,Delivery_Orders,AOV,Items_per_Order,Gross_Margin_%,Staff_Cost,Rent,Utilities,Marketing,Other_Opex,Total_Opex,Net_Profit,Net_Margin_%
2023-01-01,Sunday,False,False,Winter,In Session,No Event,15.1,5,207,6193.71,0.0,0.0,6193.71,1750.05,4443.66,47.35,155.74,370,115,4,92,20,29.92,1.79,71.74,2000.0,1150.68,230.98,110,176.93,3668.59,571.98,9.23
2023-01-02,Monday,False,False,Winter,In Session,No Event,15.4,6,202,5622.41,73.04,0.0,5549.37,1568.9,3980.47,43.94,172.91,338,119,8,83,18,27.47,1.67,71.73,2000.0,1150.68,205.34,110,168.46,3634.48,129.14,2.33
2023-01-03,Tuesday,False,False,Winter,In Session,No Event,16.1,7,208,5650.24,79.99,0.0,5570.25,1549.1,4021.15,38.25,183.66,339,121,6,87,22,26.78,1.63,72.19,2000.0,1150.68,207.25,110,165.53,3633.46,165.78,2.98
2023-01-04,Wednesday,False,False,Winter,In Session,No Event,16.0,8,216,6111.91,71.3,0.0,6040.61,1735.6,4305.01,51.45,190.9,365,112,7,104,25,27.97,1.69,71.27,2000.0,1150.68,222.61,110,197.77,3681.06,381.6,6.32
2023-01-05,Thursday,False,False,Winter,In Session,No Event,16.0,9,267,8756.38,95.64,19.13,8641.61,2484.95,6156.66,71.03,237.42,511,143,5,124,26,32.37,1.91,71.24,2000.0,1150.68,192.67,110,184.09,3637.44,2210.77,25.58
2023-01-06,Friday,True,False,Winter,In Session,No Event,16.6,10,202,7914.54,70.43,22.61,7821.5,2215.9,5605.6,59.38,213.29,473,109,10,93,25,38.72,2.34,71.67,2000.0,1150.68,204.21,110,177.61,3642.5,1690.43,21.61
2023-01-07,Saturday,True,False,Winter,In Session,No Event,16.8,11,246,9072.96,56.51,25.22,8991.23,2606.7,6384.53,68.53,337.45,540,146,14,100,42,36.55,2.2,71.01,2000.0,1150.68,207.66,110,229.41,3697.75,2280.8,25.37
2023-01-08,Sunday,False,False,Winter,In Session,No Event,14.0,12,204,5700.72,169.56,0.0,5531.16,1627.6,3903.56,42.87,191.5,343,114,7,90,22,27.11,1.68,70.57,2000.0,1150.68,180.12,110,201.61,3642.41,26.78,0.48
2023-01-09,Monday,False,False,Winter,In Session,No Event,13.5,13,201,5679.83,159.12,58.26,5462.45,1576.5,3885.95,44.57,209.08,340,127,4,74,22,27.18,1.69,71.14,2000.0,1150.68,210.36,110,223.2,3694.24,-61.94,-1.13
2023-01-10,Tuesday,False,False,Winter,In Session,No Event,13.8,14,183,5143.28,187.81,17.39,4938.08,1402.4,3535.68,33.38,180.76,310,109,3,74,24,26.98,1.69,71.6,2000.0,1150.68,221.43,110,213.97,3696.08,-374.54,-7.58
2023-01-11,Wednesday,False,False,Winter,In Session,No Event,13.4,15,258,7124.96,133.9,0.0,6991.06,1965.7,5025.36,49.31,315.8,435,161,10,97,39,27.1,1.69,71.88,2000.0,1150.68,217.61,110,179.51,3657.8,1002.45,14.34
2023-01-12,Thursday,False,False,Winter,In Session,No Event,13.7,16,282,9124.19,270.41,19.13,8834.65,2588.85,6245.8,67.27,250.96,542,162,8,120,25,31.33,1.92,70.7,2000.0,1150.68,247.44,110,162.78,3670.9,2256.67,25.54
2023-01-13,Friday,True,False,Winter,In Session,No Event,12.9,17,187,6485.96,169.55,0.0,6316.41,1780.15,4536.26,50.64,183.26,401,111,10,76,27,33.78,2.14,71.82,2000.0,1150.68,212.89,110,196.6,3670.17,632.19,10.01
2023-01-14,Saturday,True,False,Winter,In Session,No Event,14.0,18,171,6443.39,36.52,25.22,6381.65,1803.5,4578.15,47.32,155.15,383,100,7,71,19,37.32,2.24,71.74,2000.0,1150.68,208.85,110,173.57,3643.1,732.58,11.48
2023-01-15,Sunday,False,False,Winter,In Session,No Event,15.1,19,188,5303.39,136.52,23.48,5143.39,1494.4,3648.99,36.99,183.09,317,118,6,70,21,27.36,1.69,70.95,2000.0,1150.68,204.0,110,186.35,3651.03,-222.12,-4.32
2023-01-16,Monday,False,False,Winter,In Session,No Event,14.2,20,196,5405.83,78.25,0.0,5327.58,1531.7,3795.88,43.44,112.65,328,102,8,94,15,27.18,1.67,71.25,2000.0,1150.68,208.8,110,179.73,3649.21,-9.42,-0.18
2023-01-17,Tuesday,False,False,Winter,In Session,No Event,13.0,21,179,4730.23,93.92,0.0,4636.31,1291.0,3345.31,34.75,193.81,286,86,7,93,25,25.9,1.6,72.15,2000.0,1150.68,209.58,110,186.57,3656.83,-540.08,-11.65
2023-01-18,Wednesday,False,False,Winter,In Session,No Event,15.5,22,206,5656.31,237.37,34.78,5384.16,1557.35,3826.81,40.78,222.26,342,123,4,83,30,26.14,1.66,71.08,2000.0,1150.68,198.79,110,172.93,3632.4,-68.63,-1.27
2023-01-19,Thursday,False,False,Winter,In Session,No Event,14.8,23,247,7525.85,267.81,15.65,7242.39,2097.25,5145.14,51.39,314.9,456,145,8,102,38,29.32,1.85,71.04,2000.0,1150.68,203.55,110,203.98,3668.21,1110.64,15.34
2023-01-20,Friday,True,False,Winter,In Session,No Event,14.5,24,225,7872.81,211.28,0.0,7661.53,2274.9,5386.63,57.36,284.08,474,124,7,101,36,34.05,2.11,70.31,2000.0,1150.68,199.28,110,193.85,3653.81,1391.38,18.16
2023-01-21,Saturday,True,False,Winter,In Session,No Event,16.4,25,183,6619.0,133.03,58.26,6427.71,1900.2,4527.51,42.15,347.63,395,111,7,72,37,35.12,2.16,70.44,2000.0,1150.68,167.89,110,166.18,3594.75,542.98,8.45
2023-01-22,Sunday,False,False,Winter,In Session,No Event,17.1,26,196,5524.17,93.04,13.91,5417.22,1538.3,3878.92,42.86,141.36,334,102,7,94,19,27.64,1.7,71.6,2000.0,1150.68,185.85,110,175.83,3622.36,72.34,1.34
2023-01-23,Monday,False,False,Winter,In Session,No Event,18.5,27,203,6101.61,157.38,41.74,5902.49,1683.9,4218.59,41.91,248.08,373,113,9,90,27,29.08,1.84,71.47,2000.0,1150.68,217.21,110,184.03,3661.92,266.68,4.52
2023-01-24,Tuesday,False,False,Winter,In Session,No Event,15.3,28,180,5496.23,153.03,13.04,5330.16,1536.75,3793.41,31.78,323.29,320,120,5,60,37,29.61,1.78,71.17,2000.0,1150.68,211.69,110,211.95,3684.32,-245.98,-4.61
2023-01-25,Wednesday,False,False,Winter,In Session,No Event,17.9,29,243,7241.6,56.52,43.48,7141.6,2018.4,5123.2,56.83,240.07,430,145,7,98,28,29.39,1.77,71.74,2000.0,1150.68,199.35,110,172.13,3632.16,1194.14,16.72
2023-01-26,Thursday,False,False,Winter,In Session,Salary Week,16.6,0,316,10456.31,253.9,0.0,10202.41,2977.1,7225.31,78.26,356.78,620,175,13,141,40,32.29,1.96,70.82,2000.0,1150.68,209.06,110,206.84,3676.58,3113.69,30.52
2023-01-27,Friday,True,False,Winter,In Session,Salary Week,15.5,1,210,8026.76,133.91,82.61,7810.24,2223.95,5586.29,57.8,274.09,481,118,2,92,32,37.19,2.29,71.53,2000.0,1150.68,201.39,110,159.93,3622.0,1632.4,20.9
2023-01-28,Saturday,True,False,Winter,In Session,Salary Week,16.6,2,202,8014.66,163.47,16.52,7834.67,2294.7,5539.97,48.41,422.22,477,115,10,87,38,38.79,2.36,70.71,2000.0,1150.68,223.19,110,189.38,3673.25,1396.09,17.82
2023-01-29,Sunday,False,False,Winter,In Session,Salary Week,15.2,3,188,5790.32,114.78,0.0,5675.54,1646.55,4028.99,43.15,212.31,355,109,5,79,23,30.19,1.89,70.99,2000.0,1150.68,211.45,110,230.09,3702.22,71.31,1.26
2023-01-30,Monday,False,False,Winter,In Session,Salary Week,14.9,4,191,5833.72,178.25,22.61,5632.86,1594.75,4038.11,41.1,299.22,350,127,2,64,32,29.49,1.83,71.69,2000.0,1150.68,235.53,110,167.16,3663.37,34.42,0.61
2023-01-31,Tuesday,False,False,Winter,In Session,No Event,15.2,5,169,4818.9,160.86,18.26,4639.78,1310.7,3329.08,32.66,161.84,292,103,7,66,20,27.45,1.73,71.75,2000.0,1150.68,211.55,110,163.31,3635.54,-500.96,-10.8
2023-02-01,Wednesday,False,False,Winter,In Session,No Event,17.3,6,192,5138.03,240.84,0.0,4897.19,1431.85,3465.34,36.99,188.04,313,123,5,69,21,25.51,1.63,70.76,2214.29,1150.68,192.44,110,201.82,3869.23,-628.92,-12.84
2023-02-02,Thursday,False,False,Winter,In Session,No Event,17.9,7,288,9593.63,247.82,72.17,9273.64,2713.0,6560.64,69.6,297.86,560,163,11,125,33,32.2,1.94,70.75,2214.29,1150.68,195.48,110,156.94,3827.39,2365.79,25.51
2023-02-03,Friday,True,False,Winter,In Session,No Event,19.9,8,241,9357.25,330.42,15.65,9011.18,2614.1,6397.08,66.94,382.09,553,155,5,86,46,37.39,2.29,70.99,2214.29,1150.68,185.0,110,210.2,3870.17,2077.88,23.06
2023-02-04,Saturday,True,False,Winter,In Session,No Event,20.1,9,236,8734.53,172.15,31.31,8531.07,2434.5,6096.57,60.49,279.5,528,123,9,113,29,36.15,2.24,71.46,2214.29,1150.68,211.26,110,190.02,3876.25,1880.33,22.04
2023-02-05,Sunday,False,False,Winter,In Session,No Event,19.6,10,181,5773.78,139.13,18.26,5616.39,1655.05,3961.34,43.74,221.0,340,108,8,73,22,31.03,1.88,70.53,2214.29,1150.68,232.09,110,189.91,3896.97,-200.37,-3.57
2023-02-06,Monday,False,False,Winter,In Session,No Event,19.6,11,202,5772.86,92.17,0.0,5680.69,1581.25,4099.44,40.68,256.55,352,119,3,83,31,28.12,1.74,72.16,2214.29,1150.68,232.12,110,204.11,3911.2,-108.99,-1.92
2023-02-07,Tuesday,False,False,Winter,In Session,No Event,18.2,12,194,5587.65,150.43,23.48,5413.74,1596.5,3817.24,35.05,275.31,334,119,1,75,37,27.91,1.72,70.51,2214.29,1150.68,189.99,110,212.36,3877.32,-370.44,-6.84
2023-02-08,Wednesday,False,False,Winter,In Session,No Event,19.5,13,241,7885.77,146.08,0.0,7739.69,2162.55,5577.14,57.33,201.64,477,144,9,97,22,32.11,1.98,72.06,2214.29,1150.68,229.19,110,209.02,3913.18,1404.99,18.15
2023-02-09,Thursday,False,False,Winter,In Session,No Event,19.1,14,288,9078.04,191.3,17.39,8869.35,2612.75,6256.6,78.2,288.51,536,180,9,108,36,30.8,1.86,70.54,2214.29,1150.68,207.01,110,181.67,3863.65,2026.24,22.85
2023-02-10,Friday,True,False,Winter,In Session,No Event,17.7,15,245,8305.88,236.51,13.91,8055.46,2301.65,5753.81,60.1,287.74,494,143,9,102,38,32.88,2.02,71.43,2214.29,1150.68,207.74,110,222.9,3905.61,1500.36,18.63
2023-02-11,Saturday,True,False,Winter,In Session,No Event,16.6,16,197,7180.76,113.06,57.39,7010.31,2109.7,4900.61,49.97,255.75,430,110,8,87,26,35.59,2.18,69.91,2214.29,1150.68,198.61,110,217.1,3890.68,704.21,10.05
2023-02-12,Sunday,False,False,Winter,In Session,No Event,17.5,17,197,5791.12,103.47,13.04,5674.61,1686.5,3988.11,48.24,215.95,349,120,9,77,24,28.81,1.77,70.28,2214.29,1150.68,224.95,110,175.02,3874.94,-151.02,-2.66
2023-02-13,Monday,False,False,Winter,In Session,No Event,17.8,18,186,5299.8,133.9,19.13,5146.77,1503.65,3643.12,36.29,263.06,314,102,6,84,30,27.67,1.69,70.78,2214.29,1150.68,205.09,110,187.75,3867.81,-524.04,-10.18
2023-02-14,Tuesday,False,False,Winter,In Session,No Event,17.3,19,185,5431.95,211.29,13.04,5207.62,1512.7,3694.92,40.76,175.03,330,106,9,79,21,28.15,1.78,70.95,2214.29,1150.68,202.52,110,220.45,3897.94,-418.81,-8.04
2023-02-15,Wednesday,False,False,Winter,In Session,No Event,18.4,20,196,7022.39,269.21,26.96,6726.22,2053.9,4672.32,43.69,176.0,411,121,8,75,21,34.32,2.1,69.46,2214.29,1150.68,239.7,110,155.21,3869.88,582.75,8.66
2023-02-16,Thursday,False,False,Winter,In Session,No Event,17.7,21,243,7616.27,168.68,73.91,7373.68,2090.65,5283.03,58.03,311.22,456,130,7,113,36,30.34,1.88,71.65,2214.29,1150.68,231.05,110,198.63,3904.65,1009.13,13.69
2023-02-17,Friday,True,False,Winter,In Session,No Event,18.4,22,262,9161.56,189.56,20.0,8952.0,2598.9,6353.1,65.55,364.1,529,142,12,120,39,34.17,2.02,70.97,2214.29,1150.68,222.76,110,170.62,3868.35,2055.1,22.96
2023-02-18,Saturday,True,False,Winter,In Session,No Event,16.7,23,203,7848.45,266.08,0.0,7582.37,2272.25,5310.12,59.81,222.3,460,120,7,83,27,37.35,2.27,70.03,2214.29,1150.68,190.3,110,190.69,3855.96,1172.05,15.46
2023-02-19,Sunday,False,False,Winter,Exams,No Event,16.4,24,198,5743.27,125.22,0.0,5618.05,1629.25,3988.8,44.3,210.26,349,118,9,80,24,28.37,1.76,71.0,2214.29,1150.68,200.98,110,212.03,3887.98,-153.74,-2.74
2023-02-20,Monday,False,False,Winter,Exams,No Event,16.0,25,185,7364.23,380.54,35.65,6948.04,2260.85,4687.19,36.64,166.05,425,102,8,83,21,37.56,2.3,67.46,2214.29,1150.68,194.93,110,205.76,3875.66,608.84,8.76
2023-02-21,Tuesday,False,False,Winter,Exams,Founding Day Offer,16.9,26,207,5818.93,922.09,23.48,4873.36,1639.35,3234.01,41.19,107.95,357,121,7,86,18,23.54,1.72,66.36,2214.29,1150.68,210.77,610,165.93,4351.67,-1266.8,-25.99
2023-02-22,Wednesday,False,True,Winter,Exams,Saudi Founding Day | Founding Day Offer,17.3,27,223,8196.36,1238.09,0.0,6958.27,2325.5,4632.77,53.12,205.97,472,129,10,94,34,31.2,2.12,66.58,2214.29,1150.68,213.94,610,174.92,4363.83,9.85,0.14
2023-02-23,Thursday,False,True,Winter,Exams,Founding Day Holiday | Founding Day Offer,17.9,28,196,6580.64,916.49,11.08,5653.07,1793.0,3860.07,41.82,197.92,394,120,8,76,31,28.84,2.01,68.28,2214.29,1150.68,213.91,610,192.23,4381.11,-760.78,-13.46
2023-02-24,Friday,True,False,Winter,Exams,No Event,17.1,29,216,7907.59,199.98,14.78,7692.83,2265.45,5427.38,60.25,286.93,473,116,10,100,34,35.61,2.19,70.55,2214.29,1150.68,234.82,110,188.3,3898.09,1182.11,15.37
2023-02-25,Saturday,True,False,Winter,Exams,No Event,18.0,30,160,6113.76,30.44,0.0,6083.32,1732.05,4351.27,45.59,227.01,363,90,7,70,30,38.02,2.27,71.53,2214.29,1150.68,223.78,110,221.23,3919.98,158.69,2.61
2023-02-26,Sunday,False,False,Winter,Exams,No Event,19.4,31,192,5715.51,51.3,0.0,5664.21,1619.55,4044.66,40.21,277.02,331,105,4,87,33,29.5,1.72,71.41,2214.29,1150.68,215.16,110,183.41,3873.54,-146.11,-2.58
2023-02-27,Monday,False,False,Winter,Exams,Salary Week,21.3,0,244,7265.82,223.47,53.91,6988.44,2028.55,4959.89,49.33,259.99,429,138,4,106,24,28.64,1.76,70.97,2214.29,1150.68,220.88,110,224.03,3919.88,730.69,10.46
2023-02-28,Tuesday,False,False,Winter,Exams,Salary Week,19.8,1,237,7386.77,291.3,49.56,7045.91,2150.95,4894.96,47.72,366.79,430,141,8,96,34,29.73,1.81,69.47,2214.29,1150.68,218.56,110,189.54,3883.07,597.38,8.48
2023-03-01,Wednesday,False,False,Spring,Exams,Salary Week,20.7,2,212,6149.3,129.55,15.65,6004.1,1735.55,4268.55,43.32,241.23,369,116,3,96,29,28.32,1.74,71.09,2000.0,1150.68,219.34,110,164.65,3644.67,339.33,5.65
2023-03-02,Thursday,False,False,Spring,Exams,Salary Week,20.4,3,278,9174.43,259.98,58.26,8856.19,2480.6,6375.59,70.91,250.2,554,158,4,120,29,31.86,1.99,71.99,2000.0,1150.68,219.24,110,185.8,3665.72,2388.76,26.97
2023-03-03,Friday,True,False,Spring,Term Break,Salary Week,20.9,4,236,8605.91,188.7,38.26,8378.95,2377.95,6001.0,58.63,290.59,520,134,6,102,37,35.5,2.2,71.62,2000.0,1150.68,185.66,110,222.37,3668.71,1983.07,23.67
2023-03-04,Saturday,True,False,Spring,Term Break,No Event,21.8,5,228,8579.73,294.76,21.74,8263.23,2431.35,5831.88,59.48,382.44,518,143,5,85,37,36.24,2.27,70.58,2000.0,1150.68,217.65,110,171.13,3649.46,1740.5,21.06
2023-03-05,Sunday,False,False,Spring,Term Break,No Event,21.3,6,186,5803.22,95.64,31.3,5676.28,1614.2,4062.08,45.12,154.2,356,98,3,88,17,30.52,1.91,71.56,2000.0,1150.68,218.74,110,201.96,3681.38,181.38,3.2
2023-03-06,Monday,False,False,Spring,Term Break,No Event,22.2,7,163,4865.91,150.43,0.0,4715.48,1327.0,3388.48,32.18,213.49,291,99,5,64,25,28.93,1.79,71.86,2000.0,1150.68,212.69,110,193.72,3667.09,-524.28,-11.12
2023-03-07,Tuesday,False,False,Spring,Term Break,No Event,21.5,8,221,6478.01,145.21,0.0,6332.8,1788.9,4543.9,44.19,261.54,390,132,8,89,31,28.66,1.76,71.75,2000.0,1150.68,208.96,110,176.55,3646.19,591.98,9.35
2023-03-08,Wednesday,False,False,Spring,Term Break,No Event,19.7,9,194,6235.5,113.91,20.0,6101.59,1778.65,4322.94,46.27,174.06,370,108,6,86,21,31.45,1.91,70.85,2000.0,1150.68,222.22,110,189.9,3672.8,429.81,7.04
2023-03-09,Thursday,False,False,Spring,Term Break,No Event,19.6,10,277,9324.86,270.42,0.0,9054.44,2617.8,6436.64,74.73,226.32,552,152,11,125,27,32.69,1.99,71.09,2000.0,1150.68,212.85,110,185.22,3658.75,2476.84,27.35
2023-03-10,Friday,True,False,Spring,Term Break,No Event,18.5,11,222,8196.23,242.61,33.91,7919.71,2224.5,5695.21,56.0,299.01,495,126,8,96,37,35.67,2.23,71.91,2000.0,1150.68,210.32,110,192.67,3663.67,1676.53,21.17
2023-03-11,Saturday,True,False,Spring,Term Break,No Event,18.4,12,173,6580.6,49.56,0.0,6531.04,1839.7,4691.34,50.08,228.63,400,94,8,79,27,37.75,2.31,71.83,2000.0,1150.68,178.82,110,188.16,3627.66,784.97,12.02
2023-03-12,Sunday,False,False,Spring,In Session,No Event,19.8,13,258,7921.49,185.21,37.39,7698.89,2248.45,5450.44,56.06,316.45,461,146,5,112,34,29.84,1.79,70.8,2000.0,1150.68,228.67,110,210.73,3700.08,1377.85,17.9
2023-03-13,Monday,False,False,Spring,In Session,No Event,20.0,14,218,6336.27,259.11,13.04,6064.12,1723.95,4340.17,43.73,242.4,380,135,8,83,29,27.82,1.74,71.57,2000.0,1150.68,201.96,110,169.09,3631.73,422.31,6.96
2023-03-14,Tuesday,False,False,Spring,In Session,No Event,21.5,15,246,7160.65,180.85,2.61,6977.19,2023.15,4954.04,51.15,260.58,429,149,9,97,29,28.36,1.74,71.0,2000.0,1150.68,204.21,110,203.24,3668.13,974.18,13.96
2023-03-15,Wednesday,False,False,Spring,In Session,No Event,19.7,16,232,6829.32,128.69,34.78,6665.85,1864.8,4801.05,50.36,278.69,421,128,4,104,34,28.73,1.81,72.02,2000.0,1150.68,199.24,110,163.81,3623.73,848.27,12.73
2023-03-16,Thursday,False,False,Spring,In Session,No Event,19.4,17,284,9111.01,284.32,19.13,8807.56,2549.5,6258.06,63.26,373.42,533,166,7,118,43,31.01,1.88,71.05,2000.0,1150.68,227.39,110,193.92,3681.99,2139.39,24.29
2023-03-17,Friday,True,False,Spring,In Session,No Event,19.0,18,274,10359.78,259.1,16.52,10084.16,2941.7,7142.46,70.23,436.01,613,164,14,110,48,36.8,2.24,70.83,2000.0,1150.68,191.1,110,212.17,3663.95,2972.27,29.47
2023-03-18,Saturday,True,False,Spring,In Session,No Event,19.0,19,220,8200.61,132.17,19.13,8049.31,2307.2,5742.11,57.31,366.01,504,129,4,91,40,36.59,2.29,71.34,2000.0,1150.68,196.17,110,215.99,3672.84,1645.95,20.45
2023-03-19,Sunday,False,False,Spring,In Session,No Event,20.0,20,225,7295.35,117.38,50.43,7127.54,2114.95,5012.59,50.12,303.22,434,125,9,100,40,31.68,1.93,70.33,2000.0,1150.68,220.71,110,169.29,3650.68,1008.57,14.15
2023-03-20,Monday,False,False,Spring,In Session,No Event,19.8,21,226,6389.23,86.08,21.74,6281.41,1780.9,4500.51,48.79,217.52,389,128,11,98,26,27.79,1.72,71.65,2000.0,1150.68,235.24,110,203.1,3699.02,535.18,8.52
2023-03-21,Tuesday,False,False,Spring,In Session,No Event,23.0,22,236,8091.78,301.11,0.0,7790.67,2354.7,5435.97,49.81,316.64,478,142,6,94,31,33.01,2.03,69.78,2000.0,1150.68,237.32,110,179.38,3677.38,1392.14,17.87
2023-03-22,Wednesday,False,False,Spring,In Session,Ramadan Eve,21.5,23,238,8071.02,261.46,0.0,7809.56,2268.6,5540.96,49.72,191.88,483,143,11,95,27,32.81,2.03,70.95,2000.0,1150.68,229.09,110,211.29,3701.06,1598.3,20.47
2023-03-23,Thursday,False,False,Spring,In Session,Ramadan | Ramadan Nights Desserts 10%,23.2,24,278,10865.9,297.69,0.0,10568.21,3039.95,7528.26,73.19,594.92,593,148,13,130,59,38.02,2.13,71.23,2240.0,1150.68,217.59,360,176.4,4144.67,2715.48,25.69
2023-03-24,Friday,True,False,Spring,In Session,Ramadan | Ramadan Nights Desserts 10%,24.6,25,231,8957.26,341.45,19.57,8596.24,2461.6,6134.64,54.0,588.4,503,136,5,95,58,37.21,2.18,71.36,2240.0,1150.68,248.11,360,174.82,4173.61,1318.63,15.34
2023-03-25,Saturday,True,False,Spring,In Session,Ramadan | Ramadan Nights Desserts 10%,23.0,26,202,7317.25,161.53,33.04,7122.68,1967.5,5155.18,63.39,159.47,403,110,12,92,23,35.26,2.0,72.38,2240.0,1150.68,210.79,360,197.5,4158.97,773.35,10.86
2023-03-26,Sunday,False,False,Spring,In Session,Ramadan | Ramadan Nights Desserts 10%,22.3,27,221,8208.55,246.47,34.78,7927.3,2286.75,5640.55,50.31,346.28,454,136,8,85,40,35.87,2.05,71.15,2240.0,1150.68,195.86,360,183.0,4129.54,1114.42,14.06
2023-03-27,Monday,False,False,Spring,In Session,Ramadan | Ramadan Nights Desserts 10% | Salary Week,21.2,0,277,11965.11,424.25,19.13,11521.73,3373.25,8148.48,85.84,616.76,631,182,16,95,57,41.59,2.28,70.72,2240.0,1150.68,213.84,360,187.57,4152.09,3293.79,28.59
2023-03-28,Tuesday,False,False,Spring,In Session,Ramadan | Ramadan Nights Desserts 10% | Salary Week,22.1,1,248,10453.64,230.9,32.17,10190.57,2976.8,7213.77,67.62,620.0,555,156,10,92,62,41.09,2.24,70.79,2240.0,1150.68,207.6,360,207.41,4165.69,2360.46,23.16
2023-03-29,Wednesday,False,False,Spring,In Session,Ramadan | Ramadan Nights Desserts 10% | Salary Week,22.2,2,289,11245.08,420.15,0.0,10824.93,3172.25,7652.68,76.38,510.26,601,178,11,111,57,37.46,2.08,70.69,2240.0,1150.68,206.93,360,205.07,4162.68,2903.36,26.82
2023-03-30,Thursday,False,False,Spring,In Session,Ramadan | Ramadan Nights Desserts 10% | Salary Week,24.6,3,241,10214.58,244.45,20.0,9950.13,2924.8,7025.33,74.19,428.48,529,122,12,119,37,41.29,2.2,70.61,2240.0,1150.68,240.86,360,201.51,4193.05,2329.61,23.41
2023-03-31,Friday,True,False,Spring,In Session,Ramadan | Ramadan Nights Desserts 10% | Salary Week,24.7,4,279,11990.33,294.65,32.17,11663.51,3318.35,8345.16,79.52,563.35,656,163,16,116,53,41.8,2.35,71.55,2240.0,1150.68,229.93,360,186.7,4167.31,3534.98,30.31
2023-04-01,Saturday,True,False,Spring,In Session,Ramadan | Ramadan Nights Desserts 10%,25.6,5,248,10178.93,370.2,28.7,9780.03,2845.7,6934.33,66.45,483.11,548,146,12,102,57,39.44,2.21,70.9,2314.67,1150.68,234.62,360,172.27,4232.24,2152.53,22.01
2023-04-02,Sunday,False,False,Spring,In Session,Ramadan | Ramadan Nights Desserts 10%,25.1,6,238,9157.21,131.01,0.0,9026.2,2537.4,6488.8,64.33,468.67,500,142,8,96,51,37.93,2.1,71.89,2314.67,1150.68,258.44,360,199.81,4283.6,1672.2,18.53
2023-04-03,Monday,False,False,Spring,In Session,Ramadan | Ramadan Nights Desserts 10%,23.8,7,223,8881.56,370.57,49.56,8461.43,2495.4,5966.03,59.07,412.95,477,126,8,97,46,37.94,2.14,70.51,2314.67,1150.68,231.68,360,209.98,4267.01,1227.0,14.5
2023-04-04,Tuesday,False,False,Spring,In Session,Ramadan | Ramadan Nights Desserts 10%,25.0,8,226,8173.76,300.05,22.7,7851.01,2213.55,5637.46,57.45,389.12,450,121,13,105,43,34.74,1.99,71.81,2314.67,1150.68,270.62,360,180.91,4276.88,914.01,11.64
2023-04-05,Wednesday,False,False,Spring,In Session,Ramadan | Ramadan Nights Desserts 10%,25.8,9,228,8092.11,395.53,24.35,7672.23,2307.55,5364.68,44.76,509.73,450,146,10,82,54,33.65,1.97,69.92,2314.67,1150.68,253.14,360,153.39,4231.88,578.31,7.54
2023-04-06,Thursday,False,False,Spring,In Session,Ramadan | Ramadan Nights Desserts 10%,26.1,10,247,9539.02,344.91,59.13,9134.98,2685.95,6449.03,62.08,443.32,510,143,8,104,47,36.98,2.06,70.6,2314.67,1150.68,233.03,360,174.72,4233.1,1710.53,18.73
2023-04-07,Friday,True,False,Spring,In Session,Ramadan | Ramadan Nights Desserts 10%,27.6,11,204,8211.23,345.26,68.78,7797.19,2315.95,5481.24,53.98,426.54,434,139,8,65,47,38.22,2.13,70.3,2314.67,1150.68,242.18,360,210.01,4277.54,723.18,9.27
2023-04-08,Saturday,True,False,Spring,In Session,Ramadan | Ramadan Nights Desserts 10%,27.3,12,241,10175.41,294.14,0.0,9881.27,2792.55,7088.72,66.15,486.72,556,150,9,91,54,41.0,2.31,71.74,2314.67,1150.68,238.5,360,215.98,4279.83,2256.02,22.83
2023-04-09,Sunday,False,False,Spring,In Session,Ramadan | Ramadan Nights Desserts 10%,28.0,13,212,7869.43,184.09,0.0,7685.34,2148.8,5536.54,50.0,424.11,450,123,10,89,45,36.25,2.12,72.04,2314.67,1150.68,291.18,360,199.68,4316.21,746.22,9.71
2023-04-10,Monday,False,False,Spring,In Session,Ramadan | Ramadan Nights Desserts 10%,27.2,14,216,8626.67,229.36,12.17,8385.14,2335.9,6049.24,57.12,493.8,461,121,10,95,49,38.82,2.13,72.14,2314.67,1150.68,242.84,360,169.65,4237.84,1260.48,15.03
2023-04-11,Tuesday,False,False,Spring,In Session,Ramadan - Last 10 Nights | Ramadan Nights Desserts 10%,26.3,15,194,7118.15,208.13,7.83,6902.19,1964.95,4937.24,46.99,405.12,393,116,7,78,45,35.58,2.03,71.53,2314.67,1150.68,261.64,360,220.51,4307.5,177.63,2.57
2023-04-12,Wednesday,False,False,Spring,In Session,Ramadan - Last 10 Nights | Ramadan Nights Desserts 10%,27.1,16,196,7745.94,197.79,0.0,7548.15,2155.95,5392.2,50.08,361.79,419,118,6,78,41,38.51,2.14,71.44,2314.67,1150.68,266.8,360,168.65,4260.8,719.53,9.53
2023-04-13,Thursday,False,False,Spring,Term Break,Ramadan - Last 10 Nights | Ramadan Nights Desserts 10%,27.2,17,277,12540.67,376.6,25.22,12138.85,3573.0,8565.85,83.42,699.7,669,158,8,119,62,43.82,2.42,70.57,2314.67,1150.68,258.9,360,173.11,4257.36,3525.37,29.04
2023-04-14,Friday,True,False,Spring,Term Break,Ramadan - Last 10 Nights | Ramadan Nights Desserts 10%,27.4,18,212,8443.37,366.82,0.0,8076.55,2346.65,5729.9,57.09,426.15,464,140,7,72,49,38.1,2.19,70.94,2314.67,1150.68,250.93,360,176.07,4252.35,994.31,12.31
2023-04-15,Saturday,True,False,Spring,Term Break,Ramadan - Last 10 Nights | Ramadan Nights Desserts 10%,28.0,19,190,7918.99,144.56,54.78,7719.65,2189.05,5530.6,64.09,337.33,425,100,4,90,36,40.63,2.24,71.64,2314.67,1150.68,267.86,360,180.57,4273.78,855.4,11.08
2023-04-16,Sunday,False,False,Spring,Term Break,Ramadan - Last 10 Nights | Ramadan Nights Desserts 10%,28.6,20,215,8738.11,200.22,0.0,8537.89,2437.15,6100.74,50.59,580.09,469,129,13,86,51,39.71,2.18,71.45,2314.67,1150.68,305.31,360,228.65,4359.31,1110.75,13.01
2023-04-17,Monday,False,False,Spring,Term Break,Ramadan - Last 10 Nights | Ramadan Nights Desserts 10%,28.7,21,193,9142.52,201.72,20.87,8919.93,2697.35,6222.58,53.79,563.84,466,116,8,77,58,46.22,2.41,69.76,2314.67,1150.68,310.87,360,175.1,4311.32,1293.63,14.5
2023-04-18,Tuesday,False,False,Spring,Term Break,Ramadan - Last 10 Nights | Ramadan Nights Desserts 10%,29.3,22,172,6541.58,132.51,18.26,6390.81,1781.1,4609.71,47.11,426.05,357,116,8,56,50,37.16,2.08,72.13,2314.67,1150.68,289.93,360,177.14,4292.42,-155.87,-2.44
2023-04-19,Wednesday,False,False,Spring,Term Break,Ramadan - Last 10 Nights | Ramadan Nights Desserts 10%,28.0,23,194,7546.87,238.26,19.13,7289.48,2139.65,5149.83,45.85,426.43,408,114,9,80,46,37.57,2.1,70.65,2314.67,1150.68,297.56,360,180.29,4303.2,374.35,5.14
2023-04-20,Thursday,False,False,Spring,Term Break,Ramadan - Last 10 Nights | Eid Al-Fitr Eve | Ramadan Nights Desserts 10%,26.9,24,336,12537.27,408.4,16.52,12112.35,3519.45,8592.9,85.25,554.01,668,189,11,147,50,36.05,1.99,70.94,2314.67,1150.68,249.95,360,197.52,4272.82,3680.82,30.39
2023-04-21,Friday,True,True,Spring,Term Break,Eid Al-Fitr,27.8,25,171,7205.13,76.53,99.13,7029.47,2087.9,4941.57,43.43,343.06,385,90,5,81,29,41.11,2.25,70.3,2066.67,1150.68,277.55,110,165.42,3770.32,784.76,11.16
2023-04-22,Saturday,True,True,Spring,Term Break,Eid Al-Fitr,31.0,26,225,9411.04,282.59,88.69,9039.76,2649.85,6389.91,64.67,388.03,519,124,6,101,35,40.18,2.31,70.69,2066.67,1150.68,310.88,110,164.32,3802.55,2134.66,23.61
2023-04-23,Sunday,False,True,Spring,Term Break,Eid Al-Fitr,28.9,27,183,7108.51,174.76,0.0,6933.75,2061.35,4872.4,48.95,335.93,400,112,5,71,35,37.89,2.19,70.27,2066.67,1150.68,254.52,110,166.75,3748.62,738.9,10.66
2023-04-24,Monday,False,True,Spring,Term Break,Eid Al-Fitr,31.1,28,212,8550.11,199.13,15.65,8335.33,2402.45,5932.88,59.15,329.25,463,129,11,83,37,39.32,2.18,71.18,2066.67,1150.68,312.74,110,244.86,3884.95,1659.53,19.91
2023-04-25,Tuesday,False,False,Spring,Term Break,Post-Eid Al-Fitr Holiday,31.5,29,176,5437.16,134.78,0.0,5302.38,1529.25,3773.13,36.27,286.77,319,105,8,71,39,30.13,1.81,71.16,2066.67,1150.68,307.0,110,189.07,3823.42,-373.33,-7.04
2023-04-26,Wednesday,False,False,Spring,Term Break,Post-Eid Al-Fitr Holiday,30.0,30,135,4365.07,116.52,0.0,4248.55,1204.4,3044.15,26.54,250.41,260,80,2,55,26,31.47,1.93,71.65,2066.67,1150.68,295.39,110,183.99,3806.73,-1039.53,-24.47
2023-04-27,Thursday,False,False,Spring,Term Break,Post-Eid Al-Fitr Holiday | Salary Week,30.3,0,231,8537.1,188.68,33.04,8315.38,2387.9,5927.48,62.17,305.16,504,129,11,102,33,36.0,2.18,71.28,2066.67,1150.68,315.33,110,183.69,3826.37,1733.78,20.85
2023-04-28,Friday,True,False,Spring,Term Break,Salary Week,28.6,1,198,8223.24,137.38,0.0,8085.86,2253.75,5832.11,64.38,379.62,496,123,16,75,40,40.84,2.51,72.13,2066.67,1150.68,306.06,110,211.67,3845.08,1543.03,19.08
2023-04-29,Saturday,True,False,Spring,Term Break,Salary Week,26.9,2,209,8429.31,207.81,0.0,8221.5,2421.6,5799.9,67.01,223.07,502,126,9,83,27,39.34,2.4,70.55,2066.67,1150.68,254.43,110,181.42,3763.2,1746.62,21.24
2023-04-30,Sunday,False,False,Spring,In Session,Salary Week,26.9,3,216,7620.52,329.36,19.13,7272.03,2075.85,5196.18,47.3,201.26,453,132,8,84,28,33.67,2.1,71.45,2066.67,1150.68,256.84,110,203.0,3787.19,1160.43,15.96
2023-05-01,Monday,False,False,Spring,In Session,Salary Week,29.6,4,230,7566.73,176.51,34.78,7355.44,2135.85,5219.59,56.7,289.86,448,125,7,105,29,31.98,1.95,70.96,2000.0,1150.68,304.88,110,198.84,3764.4,1108.63,15.07
2023-05-02,Tuesday,False,False,Spring,In Session,No Event,30.4,5,208,6653.64,117.38,39.13,6497.13,1842.45,4654.68,48.07,327.32,392,126,8,82,36,31.24,1.88,71.64,2000.0,1150.68,322.13,110,201.33,3784.14,495.15,7.62
2023-05-03,Wednesday,False,False,Spring,In Session,No Event,30.7,6,209,6012.79,215.63,0.0,5797.16,1655.85,4141.31,40.11,236.82,361,132,7,77,23,27.74,1.73,71.44,2000.0,1150.68,306.2,110,225.97,3792.85,71.53,1.23
2023-05-04,Thursday,False,False,Spring,In Session,No Event,30.6,7,260,8110.15,105.21,18.26,7986.68,2193.45,5793.23,62.81,305.52,487,156,12,104,38,30.72,1.87,72.54,2000.0,1150.68,284.67,110,206.8,3752.15,1672.75,20.94
2023-05-05,Friday,True,False,Spring,In Session,No Event,32.7,8,243,9104.05,177.38,17.39,8909.28,2523.2,6386.08,56.95,588.35,546,150,8,93,61,36.66,2.25,71.68,2000.0,1150.68,328.69,110,187.78,3777.15,1963.63,22.04
2023-05-06,Saturday,True,False,Spring,In Session,No Event,32.7,9,168,6897.19,173.02,0.0,6724.17,1935.8,4788.37,51.58,281.25,417,100,6,68,28,40.02,2.48,71.21,2000.0,1150.68,325.7,110,161.57,3747.95,707.59,10.52
2023-05-07,Sunday,False,False,Spring,In Session,No Event,34.2,10,197,6002.41,99.99,41.74,5860.68,1713.2,4147.48,40.01,285.44,369,111,6,86,33,29.75,1.87,70.77,2000.0,1150.68,340.92,110,183.44,3785.04,36.99,0.63
2023-05-08,Monday,False,False,Spring,In Session,No Event,33.9,11,239,7158.82,173.04,63.48,6922.3,2009.05,4913.25,54.15,272.25,425,149,7,90,32,28.96,1.78,70.98,2000.0,1150.68,359.29,110,183.22,3803.19,783.66,11.32
2023-05-09,Tuesday,False,False,Spring,In Session,No Event,32.7,12,238,8356.37,432.16,63.48,7860.73,2365.2,5495.53,46.77,303.41,498,144,10,94,33,33.03,2.09,69.91,2000.0,1150.68,330.22,110,208.56,3799.46,1345.89,17.12
2023-05-10,Wednesday,False,False,Spring,In Session,No Event,34.2,13,204,6414.53,243.45,0.0,6171.08,1748.35,4422.73,36.49,400.63,386,126,8,78,46,30.25,1.89,71.67,2000.0,1150.68,348.88,110,173.91,3783.47,202.14,3.28
2023-05-11,Thursday,False,False,Spring,In Session,No Event,33.2,14,261,8531.89,183.48,27.83,8320.58,2323.35,5997.23,57.58,455.71,518,143,7,118,52,31.88,1.98,72.08,2000.0,1150.68,332.5,110,200.91,3794.09,1689.85,20.31
2023-05-12,Friday,True,False,Spring,In Session,No Event,31.8,15,249,9364.04,182.59,0.0,9181.45,2601.3,6580.15,69.06,443.29,546,159,9,90,50,36.87,2.19,71.67,2000.0,1150.68,347.04,110,146.75,3754.47,2313.33,25.2
2023-05-13,Saturday,True,False,Spring,In Session,No Event,32.0,16,194,7334.52,224.35,0.0,7110.17,2044.85,5065.32,53.68,287.58,429,110,7,84,33,36.65,2.21,71.24,2000.0,1150.68,332.5,110,218.61,3811.79,912.27,12.83
2023-05-14,Sunday,False,False,Spring,In Session,No Event,31.7,17,208,6106.74,73.91,8.7,6024.13,1665.3,4358.83,42.17,327.17,364,128,7,80,40,28.96,1.75,72.36,2000.0,1150.68,317.87,110,177.65,3756.2,233.29,3.87
2023-05-15,Monday,False,False,Spring,In Session,No Event,30.2,18,217,6379.72,162.6,0.0,6217.12,1735.1,4482.02,45.63,259.81,383,134,6,83,37,28.65,1.76,72.09,2000.0,1150.68,297.81,110,185.18,3743.67,432.91,6.96
2023-05-16,Tuesday,False,False,Spring,In Session,No Event,31.2,19,164,5044.17,111.3,0.0,4932.87,1389.25,3543.62,27.21,400.45,289,112,4,52,48,30.08,1.76,71.84,2000.0,1150.68,292.04,110,168.37,3721.09,-605.13,-12.27
2023-05-17,Wednesday,False,False,Spring,In Session,No Event,31.6,20,154,4463.33,120.87,0.0,4342.46,1199.35,3143.11,35.67,165.68,270,87,9,67,19,28.2,1.75,72.38,2000.0,1150.68,310.15,110,177.47,3748.3,-806.54,-18.57
2023-05-18,Thursday,False,False,Spring,In Session,No Event,32.0,21,281,8636.22,190.42,6.96,8438.84,2322.35,6116.49,68.33,303.29,520,160,11,121,38,30.03,1.85,72.48,2000.0,1150.68,341.16,110,190.07,3791.91,1952.96,23.14
2023-05-19,Friday,True,False,Spring,In Session,No Event,32.3,22,206,7714.55,91.3,0.0,7623.25,2107.85,5515.4,54.79,445.81,467,120,8,86,44,37.01,2.27,72.35,2000.0,1150.68,310.25,110,174.21,3745.14,1269.66,16.66
2023-05-20,Saturday,True,False,Spring,In Session,No Event,32.8,23,180,6329.38,164.34,0.0,6165.04,1753.2,4411.84,47.74,222.88,373,106,6,74,29,34.25,2.07,71.56,2000.0,1150.68,327.66,110,219.09,3807.43,333.79,5.41
2023-05-21,Sunday,False,False,Spring,In Session,No Event,32.4,24,196,5922.37,160.86,40.87,5720.64,1629.85,4090.79,43.6,209.12,359,114,5,82,25,29.19,1.83,71.51,2000.0,1150.68,316.18,110,176.3,3753.16,84.91,1.48
2023-05-22,Monday,False,False,Spring,In Session,No Event,33.1,25,184,5414.62,179.98,0.0,5234.64,1454.45,3780.19,38.46,215.03,339,111,12,73,25,28.45,1.84,72.21,2000.0,1150.68,346.69,110,194.58,3801.95,-275.25,-5.26
2023-05-23,Tuesday,False,False,Spring,In Session,No Event,31.8,26,229,6303.24,206.94,46.96,6049.34,1705.1,4344.24,41.09,325.83,377,147,10,82,42,26.42,1.65,71.81,2000.0,1150.68,309.23,110,193.48,3763.39,213.93,3.54
2023-05-24,Wednesday,False,False,Spring,In Session,No Event,33.1,27,178,5042.32,137.38,20.0,4884.94,1365.35,3519.59,34.91,179.82,309,108,9,70,25,27.44,1.74,72.05,2000.0,1150.68,342.74,110,128.29,3731.71,-426.85,-8.74
2023-05-25,Thursday,False,False,Spring,In Session,Salary Week,35.7,0,296,9705.8,163.45,17.39,9524.96,2649.75,6875.21,60.64,490.68,588,186,4,110,52,32.18,1.99,72.18,2000.0,1150.68,357.06,110,183.07,3800.81,2523.08,26.49
2023-05-26,Friday,True,False,Spring,In Session,Salary Week,34.9,1,203,8526.66,192.15,45.22,8289.29,2400.5,5888.79,62.5,337.88,492,122,5,81,37,40.83,2.42,71.04,2000.0,1150.68,360.2,110,188.12,3809.0,1679.41,20.26
2023-05-27,Saturday,True,False,Spring,In Session,Salary Week,35.7,2,195,8391.05,133.9,0.0,8257.15,2328.4,5928.75,54.21,458.25,496,117,11,78,43,42.34,2.54,71.8,2000.0,1150.68,354.95,110,146.86,3762.49,1653.8,20.03
2023-05-28,Sunday,False,False,Spring,In Session,Salary Week,35.2,3,201,6630.2,172.17,11.3,6446.73,1883.5,4563.23,45.67,359.86,398,123,9,78,39,32.07,1.98,70.78,2000.0,1150.68,346.28,110,185.62,3792.58,365.12,5.66
2023-05-29,Monday,False,False,Spring,In Session,Salary Week,35.3,4,187,6518.88,217.13,19.13,6282.62,1738.6,4544.02,45.2,278.38,403,114,4,73,27,33.6,2.16,72.33,2000.0,1150.68,352.48,110,165.28,3778.44,442.0,7.04
2023-05-30,Tuesday,False,False,Spring,In Session,No Event,35.7,5,209,6071.98,161.74,26.09,5884.15,1673.45,4210.7,38.84,359.65,368,127,7,82,39,28.15,1.76,71.56,2000.0,1150.68,368.78,110,181.53,3810.99,1.22,0.02
2023-05-31,Wednesday,False,False,Spring,In Session,No Event,35.9,6,193,5906.75,152.16,16.52,5738.07,1666.85,4071.22,44.82,193.23,355,112,7,81,25,29.73,1.84,70.95,2000.0,1150.68,354.66,110,194.19,3809.53,23.64,0.41
2023-06-01,Thursday,False,False,Summer,In Session,No Event,36.2,7,246,8572.86,104.34,0.0,8468.52,2444.95,6023.57,53.12,489.41,505,148,5,98,53,34.42,2.05,71.13,2066.67,1150.68,358.38,110,174.75,3860.48,1620.56,19.14
2023-06-02,Friday,True,False,Summer,In Session,No Event,34.6,8,171,6966.77,146.08,16.52,6804.17,1968.9,4835.27,41.9,384.35,401,98,7,73,43,39.79,2.35,71.06,2066.67,1150.68,338.74,110,184.59,3850.68,558.34,8.21
2023-06-03,Saturday,True,False,Summer,In Session,No Event,35.6,9,173,7238.97,119.12,57.39,7062.46,2064.25,4998.21,53.78,434.85,420,102,2,71,36,40.82,2.43,70.77,2066.67,1150.68,363.54,110,182.37,3873.26,636.32,9.01
2023-06-04,Sunday,False,False,Summer,In Session,No Event,35.8,10,186,6973.75,318.52,0.0,6655.23,2117.0,4538.23,39.76,308.57,393,118,3,68,33,35.78,2.11,68.19,2066.67,1150.68,371.42,110,179.93,3878.7,311.2,4.68
2023-06-05,Monday,False,False,Summer,In Session,No Event,35.9,11,137,4026.82,155.64,19.13,3852.05,1105.6,2746.45,24.59,197.8,247,90,4,47,25,28.12,1.8,71.3,2066.67,1150.68,361.56,110,218.85,3907.76,-1383.7,-35.92
2023-06-06,Tuesday,False,False,Summer,In Session,No Event,34.6,12,183,5563.32,143.47,0.0,5419.85,1582.65,3837.2,34.75,359.68,337,108,7,75,42,29.62,1.84,70.8,2066.67,1150.68,350.83,110,188.51,3866.69,-423.92,-7.82
2023-06-07,Wednesday,False,False,Summer,In Session,No Event,35.0,13,184,5548.56,80.87,6.96,5460.73,1536.7,3924.03,38.41,198.42,333,98,7,86,25,29.68,1.81,71.86,2066.67,1150.68,349.05,110,175.99,3852.39,-165.19,-3.03
2023-06-08,Thursday,False,False,Summer,In Session,No Event,35.9,14,240,8124.16,153.03,0.0,7971.13,2281.2,5689.93,57.61,426.24,483,150,13,90,46,33.21,2.01,71.38,2066.67,1150.68,379.12,110,148.56,3855.03,1351.05,16.95
2023-06-09,Friday,True,False,Summer,In Session,No Event,38.0,15,184,7849.43,191.29,0.0,7658.14,2277.0,5381.14,49.02,435.44,463,111,2,73,45,41.62,2.52,70.27,2066.67,1150.68,380.54,110,175.36,3883.25,1013.43,13.23
2023-06-10,Saturday,True,False,Summer,In Session,No Event,39.7,16,180,7053.72,277.37,0.0,6776.35,1985.1,4791.25,40.0,383.02,416,117,8,63,39,37.65,2.31,70.71,2066.67,1150.68,390.93,110,200.2,3918.48,449.75,6.64
2023-06-11,Sunday,False,False,Summer,Exams,No Event,37.6,17,207,6272.03,125.21,0.0,6146.82,1747.1,4399.72,42.47,394.53,360,123,4,84,43,29.69,1.74,71.58,2066.67,1150.68,382.84,110,188.07,3898.26,64.46,1.05
2023-06-12,Monday,False,False,Summer,Exams,No Event,36.6,18,180,5385.95,99.13,0.0,5286.82,1546.1,3740.72,37.09,257.1,309,102,7,78,29,29.37,1.72,70.76,2066.67,1150.68,348.21,110,164.61,3840.17,-393.64,-7.45
2023-06-13,Tuesday,False,False,Summer,Exams,No Event,37.5,19,178,5504.18,86.08,19.13,5398.97,1575.25,3823.72,38.82,257.73,325,106,7,72,29,30.33,1.83,70.82,2066.67,1150.68,369.54,110,184.73,3881.62,-354.45,-6.57
2023-06-14,Wednesday,False,False,Summer,Exams,No Event,37.1,20,151,4450.3,102.6,40.0,4307.7,1239.7,3068.0,27.78,259.42,266,94,7,57,31,28.53,1.76,71.22,2066.67,1150.68,351.95,110,206.87,3886.17,-1105.37,-25.66
2023-06-15,Thursday,False,False,Summer,Exams,No Event,39.1,21,217,7104.21,167.82,55.65,6880.74,2055.05,4825.69,42.84,360.25,406,138,5,79,48,31.71,1.87,70.13,2066.67,1150.68,389.6,110,229.27,3946.22,476.38,6.92
2023-06-16,Friday,True,False,Summer,Exams,No Event,36.3,22,230,8321.58,191.29,18.26,8112.03,2351.55,5760.48,51.93,540.87,481,146,14,84,60,35.27,2.09,71.01,2066.67,1150.68,357.14,110,214.44,3898.93,1268.75,15.64
2023-06-17,Saturday,True,False,Summer,Exams,No Event,37.9,23,170,6959.83,139.12,23.48,6797.23,2030.15,4767.08,54.51,259.83,398,102,8,68,28,39.98,2.34,70.13,2066.67,1150.68,384.18,110,208.22,3919.75,532.99,7.84
2023-06-18,Sunday,False,False,Summer,Exams,No Event,37.7,24,210,5965.11,59.13,44.35,5861.63,1685.55,4176.08,46.04,315.51,355,129,6,81,39,27.91,1.69,71.24,2066.67,1150.68,379.64,110,213.63,3920.62,-106.09,-1.81
2023-06-19,Monday,False,False,Summer,Exams,No Event,34.0,25,188,5206.79,275.63,0.0,4931.16,1481.45,3449.71,32.01,281.76,314,119,7,69,30,26.23,1.67,69.96,2066.67,1150.68,315.01,110,198.91,3841.27,-705.33,-14.3
2023-06-20,Tuesday,False,False,Summer,Exams,No Event,34.1,26,185,5285.88,209.55,19.13,5057.2,1498.15,3559.05,32.38,272.06,314,120,4,65,30,27.34,1.7,70.38,2066.67,1150.68,345.85,110,194.67,3867.87,-613.26,-12.13
2023-06-21,Wednesday,False,False,Summer,Exams,No Event,35.5,27,210,6365.85,107.81,0.0,6258.04,1812.45,4445.59,42.74,367.7,375,128,10,82,40,29.8,1.79,71.04,2066.67,1150.68,362.21,110,223.21,3912.77,122.38,1.96
2023-06-22,Thursday,False,False,Summer,Exams,No Event,35.9,28,210,6505.84,223.45,21.74,6260.65,1772.75,4487.9,49.12,295.8,390,123,7,87,36,29.81,1.86,71.68,2066.67,1150.68,355.77,110,210.89,3894.01,248.97,3.98
2023-06-23,Friday,True,False,Summer,Summer Vacation,No Event,36.4,29,181,6463.34,219.99,19.13,6224.22,1838.7,4385.52,38.59,361.38,379,117,6,64,41,34.39,2.09,70.46,2066.67,1150.68,347.12,110,189.86,3864.33,121.22,1.95
2023-06-24,Saturday,True,False,Summer,Summer Vacation,No Event,33.8,30,149,5530.29,124.34,55.65,5350.3,1537.25,3813.05,33.46,312.58,329,91,8,58,34,35.91,2.21,71.27,2066.67,1150.68,330.23,110,203.87,3861.45,-394.44,-7.37
2023-06-25,Sunday,False,False,Summer,Summer Vacation,No Event,33.8,31,169,5101.66,150.42,13.91,4937.33,1488.15,3449.18,37.05,206.23,299,108,8,61,24,29.21,1.77,69.86,2066.67,1150.68,329.64,110,190.33,3847.32,-641.42,-12.99
2023-06-26,Monday,False,False,Summer,Summer Vacation,No Event,31.6,32,129,3523.35,85.21,0.0,3438.14,992.95,2445.19,23.03,175.4,194,82,3,47,25,26.65,1.5,71.12,2066.67,1150.68,336.86,110,188.54,3852.75,-1605.99,-46.71
2023-06-27,Tuesday,False,True,Summer,Summer Vacation,Day of Arafah | Salary Week,34.0,0,155,6368.52,53.91,2.61,6312.0,1836.8,4475.2,40.17,456.07,368,103,9,52,47,40.72,2.37,70.9,2066.67,1150.68,336.23,110,159.07,3822.65,156.31,2.48
2023-06-28,Wednesday,False,True,Summer,Summer Vacation,Eid Al-Adha | Salary Week,35.6,1,124,6062.5,189.55,0.0,5872.95,1775.35,4097.6,39.09,282.01,335,75,2,49,27,47.36,2.7,69.77,2066.67,1150.68,350.85,110,194.3,3872.5,-96.0,-1.63
2023-06-29,Thursday,False,True,Summer,Summer Vacation,Eid Al-Adha | Salary Week,36.3,2,177,7767.67,111.29,19.13,7637.25,2251.95,5385.3,46.88,407.52,434,103,4,74,47,43.15,2.45,70.51,2066.67,1150.68,338.27,110,183.37,3848.99,1081.91,14.17
2023-06-30,Friday,True,True,Summer,Summer Vacation,Eid Al-Adha | Salary Week,37.7,3,200,7841.54,194.77,54.78,7591.99,2229.5,5362.49,48.74,449.41,457,131,8,69,41,37.96,2.28,70.63,2066.67,1150.68,372.79,110,224.34,3924.48,939.86,12.38
2023-07-01,Saturday,True,True,Summer,Summer Vacation,Eid Al-Adha | Salary Week,37.4,4,165,6704.23,211.29,14.78,6478.16,1914.35,4563.81,50.3,329.63,377,103,5,62,37,39.26,2.28,70.45,2000.0,1150.68,394.04,110,192.43,3847.15,336.73,5.2
2023-07-02,Sunday,False,False,Summer,Summer Vacation,Post-Eid Al-Adha Holiday,37.8,5,104,3001.64,127.82,36.52,2837.3,823.95,2013.35,19.44,146.54,180,62,3,42,21,27.28,1.73,70.96,2000.0,1150.68,389.71,110,198.64,3849.03,-2001.66,-70.55
2023-07-03,Monday,False,False,Summer,Summer Vacation,Post-Eid Al-Adha Holiday,36.6,6,122,3926.81,124.34,0.0,3802.47,1127.75,2674.72,21.99,293.66,241,79,1,43,31,31.17,1.98,70.34,2000.0,1150.68,355.46,110,179.46,3795.6,-1436.53,-37.78
2023-07-04,Tuesday,False,False,Summer,Summer Vacation,Post-Eid Al-Adha Holiday,36.9,7,153,4852.87,98.26,33.91,4720.7,1359.05,3361.65,31.08,276.06,284,99,4,54,32,30.85,1.86,71.21,2000.0,1150.68,374.21,110,158.51,3793.4,-738.89,-15.65
2023-07-05,Wednesday,False,False,Summer,Summer Vacation,No Event,36.5,8,163,5376.34,107.82,19.13,5249.39,1503.9,3745.49,29.15,436.06,308,106,9,57,41,32.2,1.89,71.35,2000.0,1150.68,352.71,110,164.22,3777.61,-497.33,-9.47
2023-07-06,Thursday,False,False,Summer,Summer Vacation,No Event,36.4,9,212,7401.56,195.64,0.0,7205.92,2080.6,5125.32,52.73,331.74,436,130,12,82,37,33.99,2.06,71.13,2000.0,1150.68,390.78,110,174.58,3826.04,914.81,12.7
2023-07-07,Friday,True,False,Summer,Summer Vacation,No Event,35.5,10,170,6790.31,98.25,18.26,6673.8,1949.7,4724.1,44.61,460.9,401,112,11,58,50,39.26,2.36,70.79,2000.0,1150.68,364.53,110,194.38,3819.59,399.0,5.98
2023-07-08,Saturday,True,False,Summer,Summer Vacation,No Event,37.3,11,175,6908.52,99.13,49.57,6759.82,1909.8,4850.02,40.65,444.25,409,98,12,77,44,38.63,2.34,71.75,2000.0,1150.68,377.08,110,177.07,3814.83,550.29,8.14
2023-07-09,Sunday,False,False,Summer,Summer Vacation,No Event,37.5,12,156,5033.78,148.68,22.61,4862.49,1404.35,3458.14,29.86,378.25,294,102,2,54,43,31.17,1.88,71.12,2000.0,1150.68,350.46,110,173.21,3784.35,-734.32,-15.1
2023-07-10,Monday,False,False,Summer,Summer Vacation,No Event,35.8,13,153,4950.3,91.3,0.0,4859.0,1385.8,3473.2,33.05,220.94,294,78,2,75,27,31.76,1.92,71.48,2000.0,1150.68,335.11,110,192.31,3788.1,-568.89,-11.71
2023-07-11,Tuesday,False,False,Summer,Summer Vacation,No Event,36.5,14,148,4785.99,42.6,59.13,4684.26,1342.8,3341.46,32.98,302.04,286,93,4,55,34,31.65,1.93,71.33,2000.0,1150.68,359.7,110,7005.64,10626.02,-7619.58,-162.66
2023-07-12,Wednesday,False,False,Summer,Summer Vacation,No Event,36.8,15,159,5347.68,199.12,22.61,5125.95,1536.0,3589.95,33.14,318.15,307,101,5,58,39,32.24,1.93,70.03,2000.0,1150.68,393.22,110,168.1,3822.0,-583.34,-11.38
2023-07-13,Thursday,False,False,Summer,Summer Vacation,No Event,37.0,16,234,7808.47,135.64,0.0,7672.83,2165.1,5507.73,47.45,560.98,470,158,6,76,64,32.79,2.01,71.78,2000.0,1150.68,397.02,110,221.61,3879.31,1019.99,13.29
2023-07-14,Friday,True,False,Summer,Summer Vacation,No Event,37.5,17,153,5756.37,90.43,10.43,5655.51,1617.65,4037.86,38.0,363.5,332,99,3,54,43,36.96,2.17,71.4,2000.0,1150.68,366.52,110,159.2,3786.4,-150.04,-2.65
2023-07-15,Saturday,True,False,Summer,Summer Vacation,No Event,35.9,18,139,5034.72,137.39,0.0,4897.33,1421.35,3475.98,31.48,336.71,300,99,8,40,35,35.23,2.16,70.98,2000.0,1150.68,357.28,110,183.4,3801.36,-693.57,-14.16
2023-07-16,Sunday,False,False,Summer,Summer Vacation,No Event,33.3,19,151,4318.14,70.43,19.13,4228.58,1233.2,2995.38,29.27,244.32,253,100,10,51,28,28.0,1.68,70.84,2000.0,1150.68,338.72,110,216.15,3815.55,-1093.76,-25.87
2023-07-17,Monday,False,False,Summer,Summer Vacation,No Event,33.8,20,162,5115.54,133.04,0.0,4982.5,1463.75,3518.75,36.81,251.57,308,95,6,67,30,30.76,1.9,70.62,2000.0,1150.68,341.12,110,171.78,3773.58,-543.21,-10.9
2023-07-18,Tuesday,False,False,Summer,Summer Vacation,No Event,36.4,21,153,4444.19,0.0,25.22,4418.97,1245.3,3173.67,28.93,252.91,275,88,4,65,29,28.88,1.8,71.82,2000.0,1150.68,363.06,110,155.92,3779.66,-887.83,-20.09
2023-07-19,Wednesday,False,False,Summer,Summer Vacation,No Event,35.9,22,142,4199.85,82.6,0.0,4117.25,1168.0,2949.25,34.02,200.3,249,92,6,50,26,28.99,1.75,71.63,2000.0,1150.68,349.54,110,193.16,3803.38,-1088.45,-26.44
2023-07-20,Thursday,False,False,Summer,Summer Vacation,No Event,37.2,23,181,6061.56,202.59,19.13,5839.84,1676.6,4163.24,35.37,333.47,358,124,7,57,38,32.26,1.98,71.29,2000.0,1150.68,363.66,110,201.74,3826.08,-31.68,-0.54
2023-07-21,Friday,True,False,Summer,Summer Vacation,No Event,37.1,24,157,5806.84,70.44,0.0,5736.4,1626.4,4110.0,34.53,383.58,349,93,3,64,40,36.54,2.22,71.65,2000.0,1150.68,357.05,110,188.34,3806.07,-114.18,-1.99
2023-07-22,Saturday,True,False,Summer,Summer Vacation,No Event,35.5,25,127,4336.37,83.48,0.0,4252.89,1175.95,3076.94,27.5,240.49,264,82,9,45,28,33.49,2.08,72.35,2000.0,1150.68,349.29,110,163.32,3773.29,-964.34,-22.67
2023-07-23,Sunday,False,False,Summer,Summer Vacation,No Event,35.3,26,137,4390.22,72.17,37.39,4280.66,1247.1,3033.56,33.78,236.25,265,90,2,47,25,31.25,1.93,70.87,2000.0,1150.68,324.78,110,162.59,3748.05,-984.52,-23.0
2023-07-24,Monday,False,False,Summer,Summer Vacation,No Event,35.2,27,109,3521.67,86.95,22.61,3412.11,1029.45,2382.66,22.21,220.37,202,66,2,43,26,31.3,1.85,69.83,2000.0,1150.68,354.28,110,201.67,3816.63,-1676.55,-49.14
2023-07-25,Tuesday,False,False,Summer,Summer Vacation,No Event,36.0,28,150,3969.46,73.91,0.0,3895.55,1118.3,2777.25,27.09,164.53,246,92,4,58,22,25.97,1.64,71.29,2000.0,1150.68,314.19,110,142.7,3717.57,-1131.94,-29.06
2023-07-26,Wednesday,False,False,Summer,Summer Vacation,No Event,34.3,29,171,4837.22,128.69,6.96,4701.57,1351.0,3350.57,33.84,276.26,288,104,3,67,33,27.49,1.68,71.26,2000.0,1150.68,360.7,110,181.36,3802.74,-762.27,-16.21
2023-07-27,Thursday,False,False,Summer,Summer Vacation,Salary Week,33.2,0,208,7382.43,113.9,0.0,7268.53,2106.3,5162.23,49.38,415.18,430,117,3,91,38,34.94,2.07,71.02,2000.0,1150.68,313.73,110,183.89,3758.3,939.37,12.92
2023-07-28,Friday,True,False,Summer,Summer Vacation,Salary Week,34.2,1,165,6381.53,163.48,0.0,6218.05,1769.9,4448.15,40.49,383.99,379,105,9,60,41,37.69,2.3,71.54,2000.0,1150.68,341.05,110,195.24,3796.97,226.7,3.65
2023-07-29,Saturday,True,False,Summer,Summer Vacation,Salary Week,35.0,2,212,9265.85,274.76,43.48,8947.61,2619.3,6328.31,56.71,575.67,546,142,5,70,54,42.21,2.58,70.73,2000.0,1150.68,359.58,110,177.16,3797.42,1898.51,21.22
2023-07-30,Sunday,False,False,Summer,Summer Vacation,Salary Week,34.8,3,151,4592.01,136.51,0.0,4455.5,1293.25,3162.25,32.98,273.01,276,91,3,60,30,29.51,1.83,70.97,2000.0,1150.68,339.83,110,201.4,3801.91,-945.65,-21.22
2023-07-31,Monday,False,False,Summer,Summer Vacation,Salary Week,36.1,4,138,4429.46,149.55,20.87,4259.04,1207.85,3051.19,26.12,269.59,265,90,3,48,28,30.86,1.92,71.64,2000.0,1150.68,353.3,110,198.27,3812.25,-1056.77,-24.81
2023-08-01,Tuesday,False,False,Summer,Summer Vacation,No Event,36.5,5,162,4947.66,66.95,59.13,4821.58,1404.55,3417.03,31.27,333.09,302,103,3,59,39,29.76,1.86,70.87,2000.0,1150.68,402.79,110,164.61,3828.08,-775.41,-16.08
2023-08-02,Wednesday,False,False,Summer,Summer Vacation,No Event,36.4,6,160,4976.33,128.68,47.83,4799.82,1418.3,3381.52,25.53,377.29,295,99,8,61,41,30.0,1.84,70.45,2000.0,1150.68,381.6,110,183.37,3825.65,-846.95,-17.65
2023-08-03,Thursday,False,False,Summer,Summer Vacation,No Event,37.2,7,214,7804.18,224.33,0.0,7579.85,2188.2,5391.65,45.64,647.4,459,135,12,79,60,35.42,2.14,71.13,2000.0,1150.68,365.2,110,194.56,3820.44,878.17,11.59
2023-08-04,Friday,True,False,Summer,Summer Vacation,No Event,38.6,8,163,6514.64,52.17,103.48,6358.99,1900.45,4458.54,43.96,369.06,381,101,9,62,39,39.01,2.34,70.11,2000.0,1150.68,393.19,110,187.78,3841.65,203.87,3.21
2023-08-05,Saturday,True,False,Summer,Summer Vacation,No Event,37.7,9,162,6274.61,152.16,0.0,6122.45,1753.65,4368.8,45.12,340.78,364,103,7,59,40,37.79,2.25,71.36,2000.0,1150.68,378.5,110,170.86,3810.04,172.86,2.82
2023-08-06,Sunday,False,False,Summer,Summer Vacation,No Event,38.6,10,128,4174.69,92.17,0.0,4082.52,1199.2,2883.32,23.3,328.35,244,85,4,43,33,31.89,1.91,70.63,2000.0,1150.68,398.09,110,203.79,3862.56,-1330.89,-32.6
2023-08-07,Monday,False,False,Summer,Summer Vacation,No Event,37.6,11,139,4286.01,97.38,23.48,4165.15,1208.85,2956.3,27.47,224.79,260,85,10,54,27,29.97,1.87,70.98,2000.0,1150.68,386.81,110,220.92,3868.41,-1164.37,-27.96
2023-08-08,Tuesday,False,False,Summer,Summer Vacation,No Event,36.0,12,130,4447.71,121.73,2.61,4323.37,1294.8,3028.57,25.0,259.41,258,82,4,48,27,33.26,1.98,70.05,2000.0,1150.68,367.4,110,181.27,3809.35,-1065.19,-24.64
2023-08-09,Wednesday,False,False,Summer,Summer Vacation,No Event,35.1,13,151,5103.29,127.82,13.91,4961.56,1434.75,3526.81,31.45,368.26,307,105,5,46,37,32.86,2.03,71.08,2000.0,1150.68,355.79,110,188.17,3804.64,-677.54,-13.66
2023-08-10,Thursday,False,False,Summer,Summer Vacation,No Event,35.1,14,231,7573.66,173.03,13.91,7386.72,2103.1,5283.62,52.96,434.43,445,146,11,85,50,31.98,1.93,71.53,2000.0,1150.68,340.91,110,182.0,3783.59,1012.64,13.71
2023-08-11,Friday,True,False,Summer,Summer Vacation,No Event,36.1,15,159,6438.97,144.33,54.78,6239.86,1784.7,4455.16,41.02,352.8,376,102,8,57,40,39.24,2.36,71.4,2000.0,1150.68,352.78,110,205.23,3818.69,242.65,3.89
2023-08-12,Saturday,True,False,Summer,Summer Vacation,No Event,38.3,16,174,6438.14,96.52,2.61,6339.01,1903.1,4435.91,44.78,381.48,373,103,8,71,40,36.43,2.14,69.98,2000.0,1150.68,360.43,110,176.1,3797.21,212.44,3.35
2023-08-13,Sunday,False,False,Summer,Summer Vacation,No Event,38.8,17,132,4158.97,89.56,21.74,4047.67,1216.0,2831.67,26.52,261.73,251,80,6,52,29,30.66,1.9,69.96,2000.0,1150.68,418.48,110,205.98,3885.14,-1341.72,-33.15
2023-08-14,Monday,False,False,Summer,Summer Vacation,No Event,37.6,18,160,4762.44,73.91,0.0,4688.53,1339.45,3349.08,35.02,245.28,282,98,7,62,31,29.3,1.76,71.43,2000.0,1150.68,370.5,110,200.3,3831.48,-762.7,-16.27
2023-08-15,Tuesday,False,False,Summer,Summer Vacation,No Event,36.5,19,158,4941.57,106.95,0.0,4834.62,1372.9,3461.72,29.7,339.23,295,105,5,53,41,30.6,1.87,71.6,2000.0,1150.68,386.98,110,183.19,3830.85,-738.06,-15.27
2023-08-16,Wednesday,False,False,Summer,Summer Vacation,No Event,36.4,20,155,5173.73,139.12,17.39,5017.22,1461.75,3555.47,33.46,308.37,310,99,7,56,35,32.37,2.0,70.87,2000.0,1150.68,389.71,110,202.3,3852.69,-639.05,-12.74
2023-08-17,Thursday,False,False,Summer,Summer Vacation,No Event,36.5,21,208,6591.09,170.42,37.39,6383.28,1816.3,4566.98,45.34,319.32,388,129,7,79,39,30.69,1.87,71.55,2000.0,1150.68,352.33,110,188.62,3801.63,400.69,6.28
2023-08-18,Friday,True,False,Summer,Summer Vacation,No Event,36.6,22,173,7251.18,166.07,17.39,7067.72,2147.65,4920.07,46.74,443.1,423,119,10,54,55,40.85,2.45,69.61,2000.0,1150.68,362.37,110,154.66,3777.71,652.52,9.23
2023-08-19,Saturday,True,False,Summer,Summer Vacation,No Event,35.3,23,156,5721.61,101.73,0.0,5619.88,1586.35,4033.53,36.09,404.25,341,110,5,46,47,36.02,2.19,71.77,2000.0,1150.68,340.25,110,220.51,3821.44,-228.25,-4.06
2023-08-20,Sunday,False,False,Summer,In Session,No Event,35.4,24,191,6581.76,320.44,20.87,6240.45,1871.85,4368.6,40.29,202.63,409,111,3,80,23,32.67,2.14,70.0,2000.0,1150.68,354.28,110,196.16,3811.12,314.56,5.04
2023-08-21,Monday,False,False,Summer,In Session,No Event,35.9,25,189,5058.9,128.69,8.7,4921.51,1401.7,3519.81,33.27,264.76,303,122,3,67,37,26.04,1.6,71.52,2000.0,1150.68,351.53,110,173.79,3786.0,-564.22,-11.46
2023-08-22,Tuesday,False,False,Summer,In Session,No Event,37.0,26,185,5431.98,159.99,18.26,5253.73,1496.4,3757.33,35.82,287.94,328,102,5,83,35,28.4,1.77,71.52,2000.0,1150.68,346.64,110,176.97,3784.29,-350.72,-6.68
2023-08-23,Wednesday,False,False,Summer,In Session,No Event,37.0,27,235,6642.47,166.08,0.0,6476.39,1919.25,4557.14,48.18,268.22,387,138,7,97,31,27.56,1.65,70.37,2000.0,1150.68,408.32,110,219.89,3888.89,351.85,5.43
2023-08-24,Thursday,False,False,Summer,In Session,No Event,34.7,28,213,6225.96,261.73,14.78,5949.45,1708.0,4241.45,43.88,277.8,385,122,4,91,34,27.93,1.81,71.29,2000.0,1150.68,369.78,110,189.44,3819.9,99.87,1.68
2023-08-25,Friday,True,False,Summer,In Session,No Event,34.4,29,180,6913.74,138.25,51.3,6724.19,1951.45,4772.74,50.11,308.59,398,115,7,65,37,37.36,2.21,70.98,2000.0,1150.68,360.66,110,208.89,3830.23,583.81,8.68
2023-08-26,Saturday,True,False,Summer,In Session,No Event,36.1,30,177,6172.88,116.51,39.13,6017.24,1751.35,4265.89,43.21,275.32,361,109,7,68,35,34.0,2.04,70.89,2000.0,1150.68,365.82,110,200.96,3827.46,119.9,1.99
2023-08-27,Sunday,False,False,Summer,In Session,Salary Week,34.8,0,183,5846.82,141.73,24.35,5680.74,1674.7,4006.04,40.52,212.36,345,109,7,74,21,31.04,1.89,70.52,2000.0,1150.68,335.0,110,206.79,3802.47,-49.31,-0.87
2023-08-28,Monday,False,False,Summer,In Session,Salary Week,35.4,1,202,6910.16,234.15,0.0,6676.01,2007.3,4668.71,42.12,382.04,399,128,6,74,41,33.05,1.98,69.93,2000.0,1150.68,341.01,110,175.11,3776.8,467.75,7.01
2023-08-29,Tuesday,False,False,Summer,In Session,Salary Week,35.0,2,232,7147.59,196.51,0.0,6951.08,1971.4,4979.68,48.24,344.57,423,149,6,83,40,29.96,1.82,71.64,2000.0,1150.68,337.94,110,174.48,3773.1,813.77,11.71
2023-08-30,Wednesday,False,False,Summer,In Session,Salary Week,35.2,3,230,7499.8,166.94,17.39,7315.47,2118.3,5197.17,52.04,407.14,448,131,8,99,41,31.81,1.95,71.04,2000.0,1150.68,340.96,110,233.84,3835.48,902.51,12.34
2023-08-31,Thursday,False,False,Summer,In Session,Salary Week,32.8,4,262,8345.86,293.89,47.83,8004.14,2343.35,5660.79,58.6,332.51,496,158,6,104,38,30.55,1.89,70.72,2000.0,1150.68,317.68,110,179.95,3758.31,1511.37,18.88
2023-09-01,Friday,True,False,Autumn,In Session,No Event,33.6,5,245,9524.03,192.15,61.74,9270.14,2636.5,6633.64,67.19,500.33,569,153,13,92,60,37.84,2.32,71.56,2066.67,1150.68,333.62,110,150.25,3811.22,2254.9,24.32
2023-09-02,Saturday,True,False,Autumn,In Session,No Event,32.7,6,216,8050.97,145.21,28.69,7877.07,2217.4,5659.67,57.35,405.86,476,139,9,77,44,36.47,2.2,71.85,2066.67,1150.68,298.99,110,212.84,3839.18,1357.28,17.23
2023-09-03,Sunday,False,False,Autumn,In Session,No Event,33.4,7,190,5524.11,140.87,19.13,5364.11,1511.5,3852.61,40.39,222.09,342,116,3,74,28,28.23,1.8,71.82,2066.67,1150.68,341.05,110,210.16,3878.56,-288.43,-5.38
2023-09-04,Monday,False,False,Autumn,In Session,No Event,31.5,8,206,6217.12,236.5,0.0,5980.62,1713.35,4267.27,46.89,228.28,372,115,5,91,25,29.03,1.81,71.35,2066.67,1150.68,309.26,110,204.28,3840.89,151.21,2.53
2023-09-05,Tuesday,False,False,Autumn,In Session,No Event,33.4,9,199,5543.26,206.95,16.52,5319.79,1522.8,3796.99,37.44,296.38,336,111,7,88,31,26.73,1.69,71.37,2066.67,1150.68,330.67,110,211.74,3869.76,-406.59,-7.64
2023-09-06,Wednesday,False,False,Autumn,In Session,No Event,33.8,10,181,5523.28,153.03,60.87,5309.38,1501.95,3807.43,37.54,250.82,336,106,9,75,26,29.33,1.86,71.71,2066.67,1150.68,370.25,110,182.47,3880.07,-361.0,-6.8
2023-09-07,Thursday,False,False,Autumn,In Session,No Event,32.4,11,272,8911.89,154.77,36.52,8720.6,2425.2,6295.4,65.89,287.2,534,154,3,118,40,32.06,1.96,72.19,2066.67,1150.68,314.82,110,203.18,3845.35,2096.96,24.05
2023-09-08,Friday,True,False,Autumn,In Session,No Event,34.0,12,187,7606.76,151.3,0.0,7455.46,2198.15,5257.31,49.73,403.32,449,112,5,75,43,39.87,2.4,70.52,2066.67,1150.68,355.83,110,179.1,3862.28,941.98,12.63
2023-09-09,Saturday,True,False,Autumn,In Session,No Event,35.6,13,197,7417.99,199.11,17.39,7201.49,2077.7,5123.79,55.38,343.23,441,126,10,71,34,36.56,2.24,71.15,2066.67,1150.68,363.01,110,196.83,3887.19,837.99,11.64
2023-09-10,Sunday,False,False,Autumn,In Session,App Launch 25% Off,36.2,14,213,6599.76,188.03,0.0,6411.73,1847.25,4564.48,47.17,295.37,386,130,10,83,33,30.1,1.81,71.19,2066.67,1150.68,359.56,1010,214.56,4801.47,-579.53,-9.04
2023-09-11,Monday,False,False,Autumn,In Session,App Launch 25% Off,34.9,15,189,6049.36,281.07,37.39,5730.9,1738.0,3992.9,39.01,384.52,366,132,16,57,43,30.32,1.94,69.67,2066.67,1150.68,340.98,1010,188.39,4756.72,-1187.35,-20.72
2023-09-12,Tuesday,False,False,Autumn,In Session,App Launch 25% Off,35.3,16,224,6579.81,207.38,47.82,6324.61,1834.15,4490.46,47.42,323.14,394,152,16,72,37,28.23,1.76,71.0,2066.67,1150.68,343.77,1010,194.56,4765.68,-645.78,-10.21
2023-09-13,Wednesday,False,False,Autumn,In Session,App Launch 25% Off,35.4,17,224,6681.54,190.42,0.0,6491.12,1882.25,4608.87,49.56,202.43,394,142,12,82,27,28.98,1.76,71.0,2066.67,1150.68,360.07,1010,192.52,4779.94,-423.06,-6.52
2023-09-14,Thursday,False,False,Autumn,In Session,App Launch 25% Off,35.1,18,252,8323.35,298.24,20.0,8005.11,2368.05,5637.06,54.33,457.84,505,167,15,85,45,31.77,2.0,70.42,2066.67,1150.68,360.56,1010,170.69,4758.6,366.29,4.58
2023-09-15,Friday,True,False,Autumn,In Session,App Launch 25% Off,34.4,19,243,9837.14,295.41,0.0,9541.73,2762.2,6779.53,63.93,543.74,581,162,19,81,61,39.27,2.39,71.05,2066.67,1150.68,350.96,1010,197.57,4775.88,1395.98,14.63
2023-09-16,Saturday,True,False,Autumn,In Session,App Launch 25% Off,34.4,20,185,7702.42,229.33,18.26,7454.83,2188.1,5266.73,51.01,405.62,450,120,12,65,40,40.3,2.43,70.65,2066.67,1150.68,297.49,1010,180.06,4704.9,105.2,1.41
2023-09-17,Sunday,False,False,Autumn,In Session,App Launch 25% Off,31.2,21,254,7433.61,209.77,37.39,7186.45,2005.7,5180.75,52.17,264.2,438,146,17,108,34,28.29,1.72,72.09,2066.67,1150.68,328.12,1010,182.03,4737.5,126.88,1.77
2023-09-18,Monday,False,False,Autumn,In Session,App Launch 25% Off,32.8,22,193,5587.7,306.49,0.0,5281.21,1606.45,3674.76,39.02,228.25,339,133,11,60,29,27.36,1.76,69.58,2066.67,1150.68,309.5,1010,245.6,4782.45,-1374.96,-26.03
2023-09-19,Tuesday,False,False,Autumn,In Session,App Launch 25% Off,32.2,23,260,8510.14,321.46,40.01,8148.67,2429.05,5719.62,54.42,397.38,517,171,15,89,50,31.34,1.99,70.19,2066.67,1150.68,316.67,1010,206.45,4750.47,517.35,6.35
2023-09-20,Wednesday,False,False,Autumn,In Session,App Launch 25% Off,33.4,24,236,7754.64,335.34,0.0,7419.3,2266.05,5153.25,51.23,296.33,470,150,14,86,32,31.44,1.99,69.46,2066.67,1150.68,351.39,1010,192.89,4771.63,34.06,0.46
2023-09-21,Thursday,False,False,Autumn,In Session,App Launch 25% Off | National Day Offer,33.9,25,294,10414.48,1912.42,10.43,8491.63,2896.95,5594.68,60.29,206.81,621,173,29,121,29,28.88,2.11,65.88,2416.67,1150.68,345.34,1810,177.68,5900.37,-572.79,-6.75
2023-09-22,Friday,True,False,Autumn,In Session,National Day Eve | App Launch 25% Off | National Day Offer,34.4,26,220,8467.68,1479.11,0.0,6988.57,2431.5,4557.07,55.57,286.33,490,139,22,81,32,31.77,2.23,65.21,2416.67,1150.68,345.48,1810,171.43,5894.26,-1679.09,-24.03
2023-09-23,Saturday,True,True,Autumn,In Session,Saudi National Day | App Launch 25% Off | National Day Offer,32.4,27,232,8493.62,1555.53,22.61,6915.48,2363.2,4552.28,53.48,268.23,507,140,31,92,41,29.81,2.19,65.83,2416.67,1150.68,306.08,1810,176.54,5859.97,-1629.4,-23.56
2023-09-24,Sunday,False,True,Autumn,In Session,National Day Holiday | App Launch 25% Off | National Day Offer,32.7,28,219,8542.43,1518.53,0.0,7023.9,2438.5,4585.4,57.1,339.72,495,144,23,75,47,32.07,2.26,65.28,2416.67,1150.68,284.03,1810,173.42,5834.8,-1646.22,-23.44
2023-09-25,Monday,False,False,Autumn,In Session,App Launch 25% Off,32.8,29,186,5500.67,195.64,0.0,5305.03,1557.65,3747.38,37.94,271.31,335,126,17,60,30,28.52,1.8,70.64,2066.67,1150.68,349.72,1010,198.9,4775.97,-1337.84,-25.22
2023-09-26,Tuesday,False,False,Autumn,In Session,App Launch 25% Off,32.1,30,227,8214.66,410.52,0.0,7804.14,2390.7,5413.44,40.59,352.99,474,157,13,70,41,34.38,2.09,69.37,2066.67,1150.68,326.39,1010,204.17,4757.91,261.95,3.36
2023-09-27,Wednesday,False,False,Autumn,In Session,App Launch 25% Off | Salary Week,32.8,0,285,9648.36,278.89,0.0,9369.47,2747.15,6622.32,67.92,425.9,574,184,19,101,41,32.88,2.01,70.68,2066.67,1150.68,336.01,1010,209.54,4772.9,1355.6,14.47
2023-09-28,Thursday,False,False,Autumn,In Session,App Launch 25% Off | Salary Week,32.0,1,279,9423.23,264.78,0.0,9158.45,2644.75,6513.7,70.61,443.28,540,179,14,100,48,32.83,1.94,71.12,2066.67,1150.68,330.15,1010,207.51,4765.01,1234.8,13.48
2023-09-29,Friday,True,False,Autumn,In Session,App Launch 25% Off | Salary Week,33.8,2,241,10250.18,328.45,0.0,9921.73,2902.55,7019.18,68.82,467.63,602,149,16,92,52,41.17,2.5,70.75,2066.67,1150.68,321.48,1010,214.01,4762.84,1719.89,17.33
2023-09-30,Saturday,True,False,Autumn,In Session,App Launch 25% Off | Salary Week,33.5,3,213,8426.81,344.97,61.74,8020.1,2419.3,5600.8,60.59,364.67,491,133,14,80,38,37.65,2.31,69.83,2066.67,1150.68,333.17,1010,189.87,4750.39,425.15,5.3
2023-10-01,Sunday,False,False,Autumn,In Session,Salary Week,29.8,4,209,6595.48,177.39,64.35,6353.74,1877.9,4475.84,45.64,305.98,382,133,2,76,32,30.4,1.83,70.44,2000.0,1150.68,266.5,110,173.94,3701.12,423.1,6.66
2023-10-02,Monday,False,False,Autumn,In Session,No Event,30.8,5,244,7477.09,141.74,22.61,7312.74,2056.7,5256.04,50.72,370.8,447,155,8,89,43,29.97,1.83,71.88,2000.0,1150.68,303.51,110,205.55,3769.74,1064.78,14.56
2023-10-03,Tuesday,False,False,Autumn,In Session,No Event,32.3,6,245,7669.29,264.32,0.0,7404.97,2169.2,5235.77,53.36,332.48,461,153,4,92,39,30.22,1.88,70.71,2000.0,1150.68,310.58,110,168.57,3739.83,1110.1,14.99
2023-10-04,Wednesday,False,False,Autumn,In Session,No Event,30.8,7,261,7838.83,223.46,56.52,7558.85,2257.85,5301.0,48.76,401.61,461,158,11,103,44,28.96,1.77,70.13,2000.0,1150.68,320.05,110,179.78,3760.51,1090.12,14.42
2023-10-05,Thursday,False,False,Autumn,In Session,No Event,29.1,8,288,9064.07,349.53,0.0,8714.54,2472.45,6242.09,65.79,314.55,530,179,11,109,36,30.26,1.84,71.63,2000.0,1150.68,289.57,110,150.07,3700.32,2161.43,24.8
2023-10-06,Friday,True,False,Autumn,In Session,No Event,28.5,9,233,9003.3,182.6,17.39,8803.31,2583.15,6220.16,61.57,407.49,527,144,12,89,45,37.78,2.26,70.66,2000.0,1150.68,287.67,110,197.97,3746.32,2004.78,22.77
2023-10-07,Saturday,True,False,Autumn,In Session,No Event,29.1,10,204,7975.47,164.34,37.39,7773.74,2297.15,5476.59,46.6,449.41,456,137,9,67,44,38.11,2.24,70.45,2000.0,1150.68,292.53,110,193.5,3746.71,1233.87,15.87
2023-10-08,Sunday,False,False,Autumn,In Session,No Event,29.1,11,247,6470.2,226.07,17.39,6226.74,1770.55,4456.19,48.44,217.72,388,148,5,99,30,25.21,1.57,71.57,2000.0,1150.68,274.29,110,226.79,3761.76,428.27,6.88
2023-10-09,Monday,False,False,Autumn,In Session,No Event,27.4,12,261,7322.36,142.6,0.0,7179.76,2033.25,5146.51,54.06,392.62,439,164,13,97,46,27.51,1.68,71.68,2000.0,1150.68,274.22,110,191.42,3726.32,973.51,13.56
2023-10-10,Tuesday,False,False,Autumn,In Session,No Event,25.9,13,261,7658.88,227.81,33.04,7398.03,2151.95,5246.08,55.44,294.06,462,163,3,98,38,28.34,1.77,70.91,2000.0,1150.68,242.86,110,170.07,3673.61,1222.97,16.53
2023-10-11,Wednesday,False,False,Autumn,In Session,No Event,25.7,14,243,7161.47,159.12,0.0,7002.35,1984.55,5017.8,61.12,249.69,424,156,8,87,31,28.82,1.74,71.66,2000.0,1150.68,276.46,110,203.54,3740.68,966.31,13.8
2023-10-12,Thursday,False,False,Autumn,In Session,No Event,26.9,15,322,10627.49,226.08,0.0,10401.41,2927.95,7473.46,81.98,471.95,627,205,14,117,58,32.3,1.95,71.85,2000.0,1150.68,243.21,110,178.96,3682.85,3236.68,31.12
2023-10-13,Friday,True,False,Autumn,In Session,No Event,25.7,16,215,8472.0,193.03,29.56,8249.41,2399.1,5850.31,59.86,342.67,505,133,8,82,41,38.37,2.35,70.92,2000.0,1150.68,239.05,110,185.99,3685.72,1762.06,21.36
2023-10-14,Saturday,True,False,Autumn,In Session,No Event,27.5,17,231,8816.29,186.07,70.44,8559.78,2470.25,6089.53,63.08,341.12,514,147,8,84,36,37.06,2.23,71.14,2000.0,1150.68,246.98,110,198.09,3705.75,1979.58,23.13
2023-10-15,Sunday,False,False,Autumn,In Session,No Event,27.7,18,186,5150.31,88.7,0.0,5061.61,1435.15,3626.46,42.55,127.79,300,117,3,69,20,27.21,1.61,71.65,2000.0,1150.68,278.22,110,232.75,3771.65,-315.53,-6.23
2023-10-16,Monday,False,False,Autumn,In Session,No Event,27.0,19,251,7404.08,204.33,19.13,7180.62,2033.3,5147.32,60.97,220.18,439,147,16,104,26,28.61,1.75,71.68,2000.0,1150.68,275.05,110,243.58,3779.31,1086.86,15.14
2023-10-17,Tuesday,False,False,Autumn,In Session,No Event,25.3,20,296,10237.74,427.9,14.78,9795.06,2895.6,6899.46,70.93,296.35,599,199,6,97,34,33.09,2.02,70.44,2000.0,1150.68,253.97,110,207.36,3722.01,2810.17,28.69
2023-10-18,Wednesday,False,False,Autumn,In Session,No Event,27.5,21,246,7125.83,227.81,0.0,6898.02,1869.8,5028.22,55.44,227.84,437,163,10,83,30,28.04,1.78,72.89,2000.0,1150.68,270.47,110,198.96,3730.11,1014.83,14.71
2023-10-19,Thursday,False,False,Autumn,In Session,No Event,27.9,22,296,9632.76,316.5,68.69,9247.57,2674.6,6572.97,67.22,396.39,571,191,12,105,46,31.24,1.93,71.08,2000.0,1150.68,263.57,110,190.02,3714.27,2395.09,25.9
2023-10-20,Friday,True,False,Autumn,In Session,No Event,25.0,23,252,9458.83,238.24,122.61,9097.98,2629.25,6468.73,69.71,457.93,563,159,13,93,52,36.1,2.23,71.1,2000.0,1150.68,274.8,110,191.55,3727.03,2214.06,24.34
2023-10-21,Saturday,True,False,Autumn,In Session,No Event,25.9,24,214,7720.65,115.64,8.7,7596.31,2154.65,5441.66,60.64,345.12,454,136,8,78,33,35.5,2.12,71.64,2000.0,1150.68,244.83,110,194.57,3700.08,1335.82,17.59
2023-10-22,Sunday,False,False,Autumn,In Session,No Event,25.2,25,205,7485.81,222.42,18.26,7245.13,2122.75,5122.38,43.58,243.16,440,129,8,76,28,35.34,2.15,70.7,2000.0,1150.68,249.33,110,217.89,3727.9,1107.74,15.29
2023-10-23,Monday,False,False,Autumn,In Session,No Event,23.9,26,217,5506.74,266.93,0.0,5239.81,1477.15,3762.66,45.49,134.09,335,128,7,89,24,24.15,1.54,71.81,2000.0,1150.68,217.86,110,151.03,3629.57,-46.49,-0.89
2023-10-24,Tuesday,False,False,Autumn,In Session,No Event,24.0,27,234,7568.45,342.85,18.26,7207.34,2196.5,5010.84,51.08,211.4,450,147,8,87,29,30.8,1.92,69.52,2000.0,1150.68,239.62,110,219.52,3719.82,1028.54,14.27
2023-10-25,Wednesday,False,False,Autumn,In Session,No Event,24.0,28,266,7367.55,171.29,0.0,7196.26,2030.45,5165.81,59.36,175.27,438,166,10,100,21,27.05,1.65,71.78,2000.0,1150.68,219.25,110,186.27,3666.2,1264.98,17.58
2023-10-26,Thursday,False,False,Autumn,In Session,Salary Week,24.6,0,278,10190.02,241.71,65.22,9883.09,2742.85,7140.24,72.57,353.15,595,168,8,110,34,35.55,2.14,72.25,2000.0,1150.68,226.08,110,193.73,3680.49,3034.03,30.7
2023-10-27,Friday,True,False,Autumn,In Session,Salary Week,23.6,1,262,10884.06,166.07,41.74,10676.25,3011.15,7665.1,74.84,517.49,648,178,12,84,53,40.75,2.47,71.8,2000.0,1150.68,224.64,110,195.25,3680.57,3392.2,31.77
2023-10-28,Saturday,True,False,Autumn,In Session,Salary Week,22.9,2,286,10750.15,260.85,33.04,10456.26,2924.55,7531.71,79.25,378.03,630,186,16,100,43,36.56,2.2,72.03,2000.0,1150.68,221.38,110,178.23,3660.29,3414.14,32.65
2023-10-29,Sunday,False,False,Autumn,In Session,Salary Week,20.6,3,241,6617.96,101.74,0.0,6516.22,1790.75,4725.47,48.02,277.21,398,154,14,87,34,27.04,1.65,72.52,2000.0,1150.68,187.65,110,208.41,3656.74,743.5,11.41
2023-10-30,Monday,False,False,Autumn,In Session,Salary Week,20.8,4,215,6192.81,135.65,18.26,6038.9,1733.6,4305.3,48.5,157.25,378,124,7,91,26,28.09,1.76,71.29,2000.0,1150.68,190.13,110,198.01,3648.82,450.73,7.46
2023-10-31,Tuesday,False,False,Autumn,In Session,No Event,20.8,5,236,6830.19,284.33,18.26,6527.6,1925.8,4601.8,52.29,198.78,411,149,17,87,21,27.66,1.74,70.5,2000.0,1150.68,215.46,110,128.75,3604.89,745.84,11.43
2023-11-01,Wednesday,False,False,Autumn,In Session,No Event,20.2,6,271,9832.67,356.85,19.13,9456.69,2825.65,6631.04,66.92,334.77,582,186,12,85,34,34.9,2.15,70.12,2066.67,1150.68,176.57,110,160.21,3664.13,2565.22,27.13
2023-11-02,Thursday,False,False,Autumn,In Session,No Event,21.5,7,246,8190.2,246.08,0.0,7944.12,2170.35,5773.77,65.06,265.57,492,146,16,100,27,32.29,2.0,72.68,2066.67,1150.68,207.71,110,198.79,3733.85,1709.29,21.52
2023-11-03,Friday,True,False,Autumn,In Session,No Event,20.3,8,293,11178.04,254.76,43.48,10879.8,3129.65,7750.15,82.26,416.27,654,174,6,119,47,37.13,2.23,71.23,2066.67,1150.68,191.96,110,210.15,3729.46,3522.16,32.37
2023-11-04,Saturday,True,False,Autumn,In Session,No Event,21.2,9,226,8864.06,103.46,39.13,8721.47,2456.15,6265.32,76.18,238.19,525,144,8,82,29,38.59,2.32,71.84,2066.67,1150.68,206.12,110,177.69,3711.16,2239.79,25.68
2023-11-05,Sunday,False,False,Autumn,Exams,No Event,20.8,10,257,7891.87,247.8,90.44,7553.63,2146.75,5406.88,59.69,253.09,478,153,11,104,31,29.39,1.86,71.58,2066.67,1150.68,190.09,110,204.64,3722.08,1372.02,18.16
2023-11-06,Monday,False,False,Autumn,Exams,No Event,21.1,11,242,6885.04,120.86,21.74,6742.44,1921.2,4821.24,52.97,203.96,411,150,6,92,24,27.86,1.7,71.51,2066.67,1150.68,198.69,110,141.92,3667.96,896.35,13.29
2023-11-07,Tuesday,False,False,Autumn,Exams,No Event,20.9,12,255,7238.01,58.25,76.52,7103.24,1982.7,5120.54,53.87,275.9,434,151,10,104,33,27.86,1.7,72.09,2066.67,1150.68,218.53,110,182.75,3728.63,1062.14,14.95
2023-11-08,Wednesday,False,False,Autumn,Exams,No Event,21.5,13,226,6247.57,103.47,41.74,6102.36,1692.05,4410.31,46.69,207.4,377,133,3,93,23,27.0,1.67,72.27,2066.67,1150.68,194.56,110,208.87,3730.78,425.44,6.97
2023-11-09,Thursday,False,False,Autumn,Exams,No Event,21.8,14,321,10203.13,334.75,38.26,9830.12,2842.1,6988.02,78.45,368.61,601,208,14,113,47,30.62,1.87,71.09,2066.67,1150.68,200.24,110,168.05,3695.64,2845.32,28.94
2023-11-10,Friday,True,False,Autumn,Exams,No Event,20.5,15,232,8698.97,359.99,37.39,8301.59,2465.25,5836.34,66.21,398.64,519,153,10,79,42,35.78,2.24,70.3,2066.67,1150.68,213.1,110,192.26,3732.71,1638.78,19.74
2023-11-11,Saturday,True,False,Autumn,Exams,No Event,20.9,16,260,8923.1,306.06,32.17,8584.87,2447.5,6137.37,68.01,281.96,531,177,12,83,33,33.02,2.04,71.49,2066.67,1150.68,175.87,110,181.82,3685.04,2102.36,24.49
2023-11-12,Sunday,False,False,Autumn,Exams,No Event,20.9,17,234,6695.35,163.47,6.96,6524.92,1800.5,4724.42,49.72,281.57,412,166,6,68,33,27.88,1.76,72.41,2066.67,1150.68,225.71,110,181.55,3734.61,658.52,10.09
2023-11-13,Monday,False,False,Autumn,Exams,No Event,21.2,18,262,7369.28,286.07,0.0,7083.21,2065.2,5018.01,55.02,212.95,435,170,5,92,24,27.04,1.66,70.84,2066.67,1150.68,201.96,110,198.51,3727.82,1022.22,14.43
2023-11-14,Tuesday,False,False,Autumn,Exams,No Event,21.4,19,249,7267.49,257.36,30.43,6979.7,2007.6,4972.1,50.03,249.26,440,158,10,91,32,28.03,1.77,71.24,2066.67,1150.68,203.06,110,150.03,3680.44,992.37,14.22
2023-11-15,Wednesday,False,False,Autumn,Exams,No Event,20.9,20,244,7557.04,227.81,10.43,7318.8,2028.95,5289.85,51.74,375.34,462,175,11,69,43,30.0,1.89,72.28,2066.67,1150.68,223.69,110,187.51,3738.55,1124.22,15.36
2023-11-16,Thursday,False,False,Autumn,Exams,No Event,19.2,21,299,9755.37,148.7,36.52,9570.15,2694.55,6875.6,75.01,399.85,574,182,7,117,46,32.01,1.92,71.84,2066.67,1150.68,232.83,110,194.91,3755.09,2645.65,27.64
2023-11-17,Friday,True,False,Autumn,Term Break,No Event,18.6,22,237,9257.96,120.87,18.26,9118.83,2557.7,6561.13,80.72,320.6,554,152,11,85,33,38.48,2.34,71.95,2066.67,1150.68,185.69,110,160.64,3673.68,2486.13,27.26
2023-11-18,Saturday,True,False,Autumn,Term Break,No Event,20.8,23,193,6892.91,201.74,43.47,6647.7,1967.2,4680.5,50.76,261.33,409,114,8,79,29,34.44,2.12,70.41,2066.67,1150.68,213.49,110,219.97,3760.81,607.6,9.14
2023-11-19,Sunday,False,False,Autumn,Term Break,No Event,20.8,24,196,5380.66,170.42,26.95,5183.29,1510.05,3673.24,45.61,126.25,319,118,6,78,16,26.45,1.63,70.87,2066.67,1150.68,196.04,110,202.18,3725.57,-224.19,-4.33
2023-11-20,Monday,False,False,Autumn,Term Break,No Event,18.3,25,191,5615.46,171.3,19.13,5425.03,1530.55,3894.48,40.93,258.07,338,117,4,74,32,28.4,1.77,71.79,2066.67,1150.68,199.08,110,173.52,3699.95,-104.47,-1.93
2023-11-21,Tuesday,False,False,Autumn,Term Break,No Event,20.2,26,197,5451.94,92.17,0.0,5359.77,1543.45,3816.32,36.35,268.4,326,127,8,70,32,27.21,1.65,71.2,2066.67,1150.68,206.05,110,206.66,3740.06,-228.49,-4.26
2023-11-22,Wednesday,False,False,Autumn,Term Break,White Friday,17.7,27,219,6768.45,1470.38,41.74,5256.33,1924.3,3332.03,38.19,262.56,408,138,21,81,36,24.0,1.86,63.39,2416.67,1150.68,209.54,1310,160.74,5247.63,-2216.35,-42.17
2023-11-23,Thursday,False,False,Autumn,Term Break,White Friday,18.4,28,355,11881.51,2613.18,94.6,9173.73,3296.35,5877.38,69.95,331.61,707,230,29,125,52,25.84,1.99,64.07,2416.67,1150.68,185.99,1310,193.25,5256.59,219.23,2.39
2023-11-24,Friday,True,False,Autumn,Term Break,White Friday,18.4,29,273,10817.91,2323.42,45.91,8448.58,2953.15,5495.43,64.56,412.53,652,182,38,91,47,30.95,2.39,65.05,2416.67,1150.68,220.64,1310,192.49,5290.48,-272.14,-3.22
2023-11-25,Saturday,True,False,Autumn,Term Break,White Friday,20.0,30,259,9889.32,2192.66,0.0,7696.66,2708.9,4987.76,56.78,285.1,589,176,32,83,38,29.72,2.27,64.8,2416.67,1150.68,197.43,1310,167.61,5242.39,-596.51,-7.75
2023-11-26,Sunday,False,False,Autumn,In Session,White Friday,19.4,31,248,7343.15,1653.47,29.91,5659.77,1985.85,3673.92,46.2,206.14,445,154,16,94,32,22.82,1.79,64.91,2416.67,1150.68,219.39,1310,175.01,5271.75,-1850.17,-32.69
2023-11-27,Monday,False,False,Autumn,In Session,White Friday | Salary Week,17.1,0,281,8907.42,1948.27,18.78,6940.37,2432.55,4507.82,40.33,631.64,536,206,19,75,80,24.7,1.91,64.95,2416.67,1150.68,205.54,1310,203.79,5286.68,-1450.83,-20.9
2023-11-28,Tuesday,False,False,Autumn,In Session,Post-White Friday | Salary Week,20.9,1,251,7503.23,168.68,0.0,7334.55,2081.7,5252.85,53.81,307.61,453,149,10,102,35,29.22,1.8,71.62,2066.67,1150.68,223.24,110,201.47,3752.06,1139.37,15.53
2023-11-29,Wednesday,False,False,Autumn,In Session,Post-White Friday | Salary Week,19.9,2,219,6424.91,278.23,0.0,6146.68,1740.45,4406.23,51.6,136.39,379,130,7,89,19,28.07,1.73,71.68,2066.67,1150.68,224.02,110,227.44,3778.81,439.43,7.15
2023-11-30,Thursday,False,False,Autumn,In Session,Post-White Friday | Salary Week,21.1,3,293,9262.28,209.54,39.13,9013.61,2585.9,6427.71,69.32,373.84,544,175,8,118,39,30.76,1.86,71.31,2066.67,1150.68,220.62,110,224.17,3772.14,2212.41,24.55
2023-12-01,Friday,True,False,Winter,In Session,Post-White Friday | Salary Week,21.4,4,239,8533.66,305.18,19.13,8209.35,2464.2,5745.15,65.4,323.28,500,135,5,104,40,34.35,2.09,69.98,2000.0,1150.68,220.39,110,181.13,3662.2,1694.27,20.64
2023-12-02,Saturday,True,False,Winter,In Session,Post-White Friday,20.3,5,218,8475.53,362.58,0.0,8112.95,2508.6,5604.35,66.34,215.6,490,143,10,75,28,37.22,2.25,69.08,2000.0,1150.68,202.12,110,192.64,3655.44,1666.97,20.55
2023-12-03,Sunday,False,False,Winter,In Session,Post-White Friday,20.1,6,269,8149.23,237.37,0.0,7911.86,2271.85,5640.01,62.77,296.14,482,177,9,92,35,29.41,1.79,71.29,2000.0,1150.68,229.33,110,198.8,3688.81,1592.29,20.13
2023-12-04,Monday,False,False,Winter,In Session,Post-White Friday,17.3,7,232,6670.25,186.07,13.91,6470.27,1874.25,4596.02,52.96,282.0,400,144,8,88,35,27.89,1.72,71.03,2000.0,1150.68,185.57,110,226.19,3672.44,588.62,9.1
2023-12-05,Tuesday,False,False,Winter,In Session,No Event,18.6,8,215,6333.71,189.55,0.0,6144.16,1815.65,4328.51,47.66,249.47,382,133,7,82,27,28.58,1.78,70.45,2000.0,1150.68,231.11,110,210.77,3702.56,328.82,5.35
2023-12-06,Wednesday,False,False,Winter,In Session,No Event,16.2,9,249,7200.67,194.76,16.52,6989.39,1989.25,5000.14,54.6,170.26,426,154,6,95,21,28.07,1.71,71.54,2000.0,1150.68,220.46,110,197.18,3678.32,1096.96,15.69
2023-12-07,Thursday,False,False,Winter,In Session,No Event,15.1,10,281,8804.07,292.14,58.26,8453.67,2426.3,6027.37,75.61,179.46,518,163,10,118,26,30.08,1.84,71.3,2000.0,1150.68,250.05,110,187.0,3697.73,2074.57,24.54
2023-12-08,Friday,True,False,Winter,In Session,No Event,15.9,11,207,8117.21,166.08,9.57,7941.56,2326.3,5615.26,56.59,338.74,482,129,9,78,38,38.37,2.33,70.71,2000.0,1150.68,207.75,110,158.05,3626.48,1593.45,20.06
2023-12-09,Saturday,True,False,Winter,In Session,No Event,14.9,12,231,8578.95,199.11,22.61,8357.23,2447.5,5909.73,74.12,198.54,504,134,6,97,26,36.18,2.18,70.71,2000.0,1150.68,223.83,110,174.59,3659.1,1977.97,23.67
2023-12-10,Sunday,False,False,Winter,In Session,No Event,15.8,13,240,6462.33,170.42,40.0,6251.91,1822.95,4428.96,45.32,243.37,391,158,10,82,31,26.05,1.63,70.84,2000.0,1150.68,205.53,110,207.16,3673.37,466.9,7.47
2023-12-11,Monday,False,False,Winter,In Session,No Event,17.1,14,247,7525.87,290.68,17.39,7217.8,2139.7,5078.1,49.57,251.94,456,164,5,83,30,29.22,1.85,70.36,2000.0,1150.68,190.34,110,166.28,3617.3,1159.29,16.06
2023-12-12,Tuesday,False,False,Winter,In Session,No Event,15.9,15,253,7155.45,183.46,28.69,6943.3,1977.35,4965.95,51.95,277.75,431,169,7,84,30,27.44,1.7,71.52,2000.0,1150.68,223.5,110,165.14,3649.32,986.93,14.21
2023-12-13,Wednesday,False,False,Winter,In Session,No Event,16.1,16,271,8308.41,204.34,60.87,8043.2,2348.9,5694.3,66.98,188.59,492,178,10,93,25,29.68,1.82,70.8,2000.0,1150.68,219.8,110,160.16,3640.64,1798.09,22.36
2023-12-14,Thursday,False,False,Winter,In Session,No Event,15.5,17,359,10650.9,333.03,51.3,10266.57,2987.45,7279.12,89.44,261.36,629,232,24,127,30,28.6,1.75,70.9,2000.0,1150.68,216.76,110,177.75,3655.19,3273.13,31.88
2023-12-15,Friday,True,False,Winter,In Session,No Event,15.2,18,214,7701.63,233.05,0.0,7468.58,2150.75,5317.83,63.88,226.14,468,139,14,75,26,34.9,2.19,71.2,2000.0,1150.68,203.96,110,172.06,3636.7,1391.11,18.63
2023-12-16,Saturday,True,False,Winter,In Session,No Event,15.8,19,217,8975.45,167.82,0.0,8807.63,2593.5,6214.13,68.58,365.92,534,129,8,88,34,40.59,2.46,70.55,2000.0,1150.68,222.44,110,196.84,3679.96,2099.67,23.84
2023-12-17,Sunday,False,False,Winter,In Session,No Event,14.3,20,220,6416.39,198.26,9.57,6208.56,1868.4,4340.16,45.97,238.38,378,139,7,81,27,28.22,1.72,69.91,2000.0,1150.68,234.45,110,181.32,3676.45,379.36,6.11
2023-12-18,Monday,False,False,Winter,In Session,No Event,12.0,21,204,5933.71,133.9,19.13,5780.68,1726.7,4053.98,44.94,236.83,349,123,8,81,27,28.34,1.71,70.13,2000.0,1150.68,204.16,110,186.78,3651.62,120.59,2.09
2023-12-19,Tuesday,False,False,Winter,In Session,No Event,11.8,22,248,6995.36,228.67,0.0,6766.69,1937.15,4829.54,54.23,171.95,417,168,11,80,23,27.29,1.68,71.37,2000.0,1150.68,198.89,110,170.47,3630.04,973.32,14.38
2023-12-20,Wednesday,False,False,Winter,In Session,No Event,13.0,23,219,6626.76,210.42,19.13,6397.21,1899.5,4497.71,53.35,178.08,396,134,13,85,24,29.21,1.81,70.31,2000.0,1150.68,195.87,110,194.17,3650.72,615.56,9.62
2023-12-21,Thursday,False,False,Winter,In Session,No Event,14.4,24,269,8334.54,319.99,0.0,8014.55,2359.1,5655.45,69.63,236.25,499,160,15,109,24,29.79,1.86,70.56,2000.0,1150.68,207.5,110,197.4,3665.58,1683.99,21.01
2023-12-22,Friday,True,False,Winter,In Session,No Event,15.0,25,183,6810.26,217.39,0.0,6592.87,1953.05,4639.82,49.0,245.22,410,125,6,58,35,36.03,2.24,70.38,2000.0,1150.68,199.85,110,191.07,3651.6,694.0,10.53
2023-12-23,Saturday,True,False,Winter,In Session,No Event,18.0,26,229,8011.1,211.3,20.0,7779.8,2211.95,5567.85,56.39,364.07,482,141,8,88,36,33.97,2.1,71.57,2000.0,1150.68,208.19,110,215.73,3684.6,1462.79,18.8
2023-12-24,Sunday,False,False,Winter,In Session,No Event,18.3,27,214,6476.37,242.59,58.26,6175.52,1841.25,4334.27,44.14,223.8,384,134,6,80,26,28.86,1.79,70.18,2000.0,1150.68,204.83,110,190.93,3656.44,409.89,6.64
2023-12-25,Monday,False,False,Winter,In Session,No Event,16.2,28,221,6412.0,281.73,25.22,6105.05,1817.9,4287.15,47.24,215.99,385,134,1,87,23,27.62,1.74,70.22,2000.0,1150.68,222.04,110,207.74,3690.46,333.46,5.46
2023-12-26,Tuesday,False,False,Winter,In Session,No Event,14.6,29,240,6692.86,249.56,25.22,6418.08,1873.35,4544.73,50.9,230.53,394,146,11,94,27,26.74,1.64,70.81,2000.0,1150.68,221.14,110,183.54,3665.36,597.94,9.32
2023-12-27,Wednesday,False,False,Winter,In Session,Salary Week,16.1,0,273,8169.19,198.25,11.3,7959.64,2290.25,5669.39,58.73,293.01,497,180,9,93,37,29.16,1.82,71.23,2000.0,1150.68,236.6,110,186.83,3684.11,1633.54,20.52
2023-12-28,Thursday,False,False,Winter,In Session,Salary Week,16.0,1,341,10936.14,373.89,33.04,10529.21,3039.15,7490.06,90.5,269.7,656,208,9,133,34,30.88,1.92,71.14,2000.0,1150.68,196.21,110,239.14,3696.03,3433.83,32.61
2023-12-29,Friday,True,False,Winter,In Session,Salary Week,15.6,2,241,9458.97,286.07,119.13,9053.77,2726.35,6327.42,64.51,410.12,565,155,10,86,50,37.57,2.34,69.89,2000.0,1150.68,232.97,110,206.16,3699.81,2152.98,23.78
2023-12-30,Saturday,True,False,Winter,In Session,Salary Week,14.8,3,185,6589.35,146.07,20.0,6423.28,1809.25,4614.03,50.39,171.81,405,113,5,72,22,34.72,2.19,71.83,2000.0,1150.68,234.07,110,200.71,3695.46,696.37,10.84
2023-12-31,Sunday,False,False,Winter,In Session,Salary Week,14.2,4,260,7420.59,173.04,18.26,7229.29,2070.15,5159.14,52.02,320.39,448,169,11,91,30,27.8,1.72,71.36,2000.0,1150.68,223.79,110,224.99,3709.46,1077.27,14.9
2024-01-01,Monday,False,False,Winter,In Session,No Event,15.0,5,220,6298.05,215.63,19.13,6063.29,1835.44,4227.85,48.74,179.8,371,141,7,79,21,27.56,1.69,69.73,2177.42,1147.54,207.14,110,210.54,3852.64,146.67,2.42
2024-01-02,Tuesday,False,False,Winter,In Session,No Event,16.0,6,229,6610.17,244.34,0.0,6365.83,1880.8,4485.03,52.4,189.96,401,150,10,79,23,27.8,1.75,70.45,2177.42,1147.54,215.87,110,177.43,3828.26,414.41,6.51
2024-01-03,Wednesday,False,False,Winter,In Session,No Event,18.1,7,237,7212.81,173.03,21.74,7018.04,2165.1,4852.94,53.01,239.88,438,146,14,91,30,29.61,1.85,69.15,2177.42,1147.54,206.23,110,200.37,3841.56,718.49,10.24
2024-01-04,Thursday,False,False,Winter,In Session,No Event,17.2,8,347,10936.3,311.29,0.0,10625.01,3186.44,7438.57,87.21,304.58,636,228,6,119,35,30.62,1.83,70.01,2177.42,1147.54,210.71,110,219.03,3864.7,3182.08,29.95
2024-01-05,Friday,True,False,Winter,In Session,No Event,18.8,9,246,9575.42,201.73,0.0,9373.69,2796.7,6576.99,74.48,298.07,563,170,17,76,34,38.1,2.29,70.16,2177.42,1147.54,211.12,110,161.42,3807.5,2396.94,25.57
2024-01-06,Saturday,True,False,Winter,In Session,No Event,16.5,10,231,7985.91,139.14,16.52,7830.25,2349.41,5480.84,63.93,375.35,472,143,10,88,47,33.9,2.04,70.0,2177.42,1147.54,201.59,110,158.35,3794.9,1246.66,15.92
2024-01-07,Sunday,False,False,Winter,In Session,No Event,15.0,11,231,7148.51,163.48,18.26,6966.77,2089.06,4877.71,56.14,252.32,428,137,11,94,25,30.16,1.85,70.01,2177.42,1147.54,216.56,110,200.27,3851.79,717.46,10.3
2024-01-08,Monday,False,False,Winter,In Session,No Event,11.5,12,216,6330.95,151.3,0.0,6179.65,1864.14,4315.51,43.11,308.15,385,141,5,75,43,28.61,1.78,69.83,2177.42,1147.54,227.5,110,211.55,3874.01,90.24,1.46
2024-01-09,Tuesday,False,False,Winter,In Session,No Event,14.1,13,257,7483.26,196.51,13.91,7272.84,2212.52,5060.32,53.65,292.88,445,166,11,91,32,28.3,1.73,69.58,2177.42,1147.54,185.28,110,198.72,3818.96,894.83,12.3
2024-01-10,Wednesday,False,False,Winter,In Session,No Event,13.9,14,236,8025.99,242.09,0.0,7783.9,2404.09,5379.81,52.22,248.11,463,152,13,84,33,32.98,1.96,69.11,2177.42,1147.54,207.59,110,158.7,3801.25,1278.23,16.42
2024-01-11,Thursday,False,False,Winter,In Session,No Event,14.5,15,263,9111.04,314.75,20.0,8776.29,2718.59,6057.7,72.16,236.47,528,170,11,93,23,33.37,2.01,69.02,2177.42,1147.54,197.81,110,205.98,3838.75,1910.32,21.77
2024-01-12,Friday,True,False,Winter,In Session,No Event,14.0,16,237,9159.78,199.11,49.56,8911.11,2670.63,6240.48,74.54,296.29,553,153,10,84,28,37.6,2.33,70.03,2177.42,1147.54,199.75,110,233.65,3868.36,2001.29,22.46
2024-01-13,Saturday,True,False,Winter,In Session,No Event,13.5,17,213,7715.54,214.77,18.26,7482.51,2328.93,5153.58,58.48,249.64,461,145,6,68,31,35.13,2.16,68.88,2177.42,1147.54,205.76,110,227.13,3867.85,977.61,13.07
2024-01-14,Sunday,False,False,Winter,In Session,No Event,14.6,18,266,7362.32,325.19,31.3,7005.83,2123.15,4882.68,54.23,269.14,444,171,9,95,30,26.34,1.67,69.69,2177.42,1147.54,212.57,110,209.37,3856.9,702.41,10.03
2024-01-15,Monday,False,False,Winter,In Session,No Event,15.1,19,207,5897.11,260.85,63.47,5572.79,1686.35,3886.44,49.13,139.47,356,134,9,73,19,26.92,1.72,69.74,2177.42,1147.54,207.37,110,201.21,3843.54,-145.7,-2.61
2024-01-16,Tuesday,False,False,Winter,In Session,No Event,16.0,20,222,6237.12,234.76,0.0,6002.36,1774.98,4227.38,39.65,306.09,381,139,10,83,35,27.04,1.72,70.43,2177.42,1147.54,197.49,110,179.12,3811.57,70.07,1.17
2024-01-17,Wednesday,False,False,Winter,In Session,No Event,14.8,21,264,7604.13,195.64,20.0,7388.49,2143.66,5244.83,56.94,277.17,460,160,8,104,33,27.99,1.74,70.99,2177.42,1147.54,226.99,110,179.5,3841.45,1069.27,14.47
2024-01-18,Thursday,False,False,Winter,In Session,No Event,16.8,22,309,9349.28,326.95,96.52,8925.81,2663.27,6262.54,71.02,311.06,561,214,13,95,35,28.89,1.82,70.16,2177.42,1147.54,216.37,110,169.27,3820.6,2059.86,23.08
2024-01-19,Friday,True,False,Winter,In Session,No Event,16.7,23,219,7884.14,179.12,8.7,7696.32,2299.64,5396.68,56.26,277.77,465,144,14,75,30,35.14,2.12,70.12,2177.42,1147.54,223.94,110,175.65,3834.55,1228.1,15.96
2024-01-20,Saturday,True,False,Winter,In Session,No Event,15.8,24,267,9864.09,166.07,20.0,9678.02,2934.34,6743.68,70.53,418.77,582,185,14,82,48,36.25,2.18,69.68,2177.42,1147.54,213.15,110,215.23,3863.34,2391.04,24.71
2024-01-21,Sunday,False,False,Winter,In Session,No Event,14.1,25,260,7771.84,250.42,15.65,7505.77,2295.05,5210.72,56.75,304.2,473,177,7,83,34,28.87,1.82,69.42,2177.42,1147.54,201.21,110,197.04,3833.21,1016.56,13.54
2024-01-22,Monday,False,False,Winter,In Session,No Event,14.8,26,213,5329.32,163.45,0.0,5165.87,1501.98,3663.89,44.24,169.7,334,144,10,69,23,24.25,1.57,70.92,2177.42,1147.54,203.32,110,197.55,3835.83,-385.88,-7.47
2024-01-23,Tuesday,False,False,Winter,In Session,No Event,13.4,27,216,6176.34,138.25,0.0,6038.09,1802.14,4235.95,48.88,212.14,378,147,7,69,26,27.95,1.75,70.15,2177.42,1147.54,224.8,110,151.52,3811.28,163.65,2.71
2024-01-24,Wednesday,False,False,Winter,In Session,No Event,14.7,28,217,6639.74,291.28,0.0,6348.46,1954.13,4394.33,47.87,217.5,381,129,5,88,30,29.26,1.76,69.22,2177.42,1147.54,217.45,110,184.9,3837.31,291.65,4.59
2024-01-25,Thursday,False,False,Winter,In Session,Salary Week,14.3,0,315,10964.09,345.2,16.52,10602.37,3154.07,7448.3,82.36,380.6,655,205,11,110,39,33.66,2.08,70.25,2177.42,1147.54,222.32,110,210.19,3867.47,3117.87,29.41
2024-01-26,Friday,True,False,Winter,In Session,Salary Week,15.3,1,241,9457.19,267.81,16.52,9172.86,2750.92,6421.94,74.81,360.76,560,144,10,97,38,38.06,2.32,70.01,2177.42,1147.54,194.38,110,195.12,3824.46,2161.91,23.57
2024-01-27,Saturday,True,False,Winter,In Session,Salary Week,15.2,2,195,7194.57,246.94,0.0,6947.63,2091.17,4856.46,51.45,311.66,427,138,8,57,30,35.63,2.19,69.9,2177.42,1147.54,211.7,110,182.46,3829.12,664.23,9.56
2024-01-28,Sunday,False,False,Winter,In Session,Salary Week,17.6,3,250,6837.25,205.22,22.61,6609.42,1994.92,4614.5,51.08,205.64,416,158,8,92,24,26.44,1.66,69.82,2177.42,1147.54,204.5,110,193.5,3832.96,524.82,7.94
2024-01-29,Monday,False,False,Winter,In Session,Salary Week,18.4,4,248,6883.24,176.52,0.0,6706.72,1986.37,4720.35,52.29,270.88,417,158,14,90,34,27.04,1.68,70.38,2177.42,1147.54,197.45,110,215.54,3847.95,549.23,8.19
2024-01-30,Tuesday,False,False,Winter,In Session,No Event,19.4,5,243,7600.62,209.55,21.74,7369.33,2231.15,5138.18,58.62,261.17,456,164,7,79,29,30.33,1.88,69.72,2177.42,1147.54,232.99,110,176.27,3844.22,974.17,13.22
2024-01-31,Wednesday,False,False,Winter,In Session,No Event,20.0,6,279,8524.93,280.84,0.0,8244.09,2525.23,5718.86,59.81,341.91,510,186,6,93,34,29.55,1.83,69.37,2177.42,1147.54,206.04,110,181.98,3822.98,1494.16,18.12
2024-02-01,Thursday,False,False,Winter,In Session,No Event,19.4,7,319,9791.83,413.04,13.92,9364.87,2758.95,6605.92,79.7,244.49,586,197,15,122,33,29.36,1.84,70.54,2327.59,1147.54,246.95,110,198.57,4030.65,2251.08,24.04
2024-02-02,Friday,True,False,Winter,In Session,No Event,18.6,8,242,8534.61,354.76,0.0,8179.85,2443.17,5736.68,68.06,279.27,500,161,13,81,30,33.8,2.07,70.13,2327.59,1147.54,199.38,110,202.29,3986.8,1402.55,17.15
2024-02-03,Saturday,True,False,Winter,In Session,No Event,18.4,9,213,7728.55,249.55,33.04,7445.96,2280.78,5165.18,53.98,336.16,458,149,5,64,44,34.96,2.15,69.37,2327.59,1147.54,176.1,110,197.01,3958.24,816.8,10.97
2024-02-04,Sunday,False,False,Winter,In Session,No Event,17.4,10,250,6936.29,171.29,0.0,6765.0,2000.36,4764.64,52.99,242.57,410,158,8,92,27,27.06,1.64,70.43,2327.59,1147.54,201.85,110,186.24,3973.22,495.86,7.33
2024-02-05,Monday,False,False,Winter,In Session,No Event,15.7,11,266,7203.24,174.78,33.04,6995.42,2127.79,4867.63,53.38,268.74,437,168,5,98,29,26.3,1.64,69.58,2327.59,1147.54,206.99,110,187.28,3979.4,566.11,8.09
2024-02-06,Tuesday,False,False,Winter,In Session,No Event,17.0,12,227,6685.87,146.08,0.0,6539.79,1975.91,4563.88,55.33,167.8,402,138,4,89,22,28.81,1.77,69.79,2327.59,1147.54,219.63,110,223.54,4028.3,312.45,4.78
2024-02-07,Wednesday,False,False,Winter,In Session,No Event,17.9,13,282,8345.01,278.24,0.0,8066.77,2396.77,5670.0,65.34,256.56,504,180,9,102,30,28.61,1.79,70.29,2327.59,1147.54,198.4,110,207.44,3990.97,1357.13,16.82
2024-02-08,Thursday,False,False,Winter,In Session,No Event,17.8,14,481,14986.54,383.45,0.0,14603.09,4319.91,10283.18,123.67,400.25,885,299,49,182,47,30.36,1.84,70.42,2327.59,1147.54,223.81,110,184.17,3993.11,5766.15,39.49
2024-02-09,Friday,True,False,Winter,In Session,No Event,17.0,15,403,14976.24,441.74,40.87,14493.63,4358.77,10134.86,111.88,635.31,883,266,40,137,59,35.96,2.19,69.93,2327.59,1147.54,212.85,110,200.23,3998.21,5389.46,37.19
2024-02-10,Saturday,True,False,Winter,In Session,No Event,17.2,16,290,11501.38,262.59,92.17,11146.62,3290.05,7856.57,93.93,346.07,679,192,34,98,35,38.44,2.34,70.48,2327.59,1147.54,198.97,110,174.48,3958.58,3457.99,31.02
2024-02-11,Sunday,False,False,Winter,Exams,No Event,17.2,17,293,9627.52,424.95,18.26,9184.31,2815.37,6368.94,63.42,299.8,571,193,21,100,38,31.35,1.95,69.35,2327.59,1147.54,208.74,110,201.78,3995.65,2010.07,21.89
2024-02-12,Monday,False,False,Winter,Exams,No Event,17.0,18,253,8537.34,353.85,46.96,8136.53,2519.55,5616.98,55.15,209.31,508,165,16,88,28,32.16,2.01,69.03,2327.59,1147.54,194.55,110,186.13,3965.81,1386.71,17.04
2024-02-13,Tuesday,False,False,Winter,Exams,No Event,18.3,19,277,8312.82,131.28,26.08,8155.46,2357.19,5798.27,57.62,285.03,503,188,13,89,33,29.44,1.82,71.1,2327.59,1147.54,229.54,110,211.9,4026.57,1429.05,17.52
2024-02-14,Wednesday,False,False,Winter,Exams,No Event,18.6,20,328,9342.28,285.2,35.65,9021.43,2689.44,6331.99,65.68,364.43,573,213,15,115,43,27.5,1.75,70.19,2327.59,1147.54,220.24,110,163.37,3968.74,1933.14,21.43
2024-02-15,Thursday,False,False,Winter,Exams,No Event,17.0,21,337,10417.1,322.58,0.0,10094.52,3043.8,7050.72,77.49,344.51,623,222,10,115,35,29.95,1.85,69.85,2327.59,1147.54,189.78,110,184.06,3958.97,2669.75,26.45
2024-02-16,Friday,True,False,Winter,Exams,No Event,18.0,22,238,9658.1,347.8,40.87,9269.43,2795.17,6474.26,74.05,425.44,567,157,14,81,42,38.95,2.38,69.85,2327.59,1147.54,208.73,110,187.56,3981.42,1993.35,21.5
2024-02-17,Saturday,True,False,Winter,Exams,No Event,16.7,23,208,8014.53,197.37,46.95,7770.21,2369.9,5400.31,53.88,412.76,478,136,4,72,36,37.36,2.3,69.5,2327.59,1147.54,216.08,110,221.54,4022.75,910.92,11.72
2024-02-18,Sunday,False,False,Winter,Exams,No Event,15.9,24,262,6682.35,217.37,0.0,6464.98,1901.02,4563.96,50.03,191.12,411,188,13,74,27,24.68,1.57,70.6,2327.59,1147.54,193.45,110,177.57,3956.15,366.66,5.67
2024-02-19,Monday,False,False,Winter,Exams,No Event,15.8,25,238,6471.08,170.43,40.87,6259.78,1881.76,4378.02,50.63,166.05,398,166,5,72,22,26.3,1.67,69.94,2327.59,1147.54,210.55,110,199.12,3994.8,166.54,2.66
2024-02-20,Tuesday,False,False,Winter,Exams,No Event,17.7,26,260,7795.46,292.58,19.13,7483.75,2221.96,5261.79,58.11,199.14,471,187,9,73,28,28.78,1.81,70.31,2327.59,1147.54,200.55,110,213.48,3999.16,1005.38,13.43
2024-02-21,Wednesday,False,False,Winter,Exams,Founding Day Offer,19.2,27,261,7806.72,1140.91,25.12,6640.69,2267.09,4373.6,48.84,327.93,462,177,14,84,43,25.44,1.77,65.86,2327.59,1147.54,214.51,610,188.63,4488.27,-491.44,-7.4
2024-02-22,Thursday,False,True,Winter,Exams,Saudi Founding Day | Founding Day Offer,17.4,28,240,8468.38,1239.95,0.0,7228.43,2398.6,4829.83,54.84,257.19,510,171,14,69,38,30.12,2.12,66.82,2327.59,1147.54,218.47,610,155.9,4459.5,58.3,0.81
2024-02-23,Friday,True,False,Winter,Term Break,Founding Day Offer,16.3,29,249,9529.35,1435.09,31.04,8063.22,2757.04,5306.18,61.31,370.82,557,167,17,82,46,32.38,2.24,65.81,2327.59,1147.54,239.04,610,207.01,4531.18,342.87,4.25
2024-02-24,Saturday,True,False,Winter,Term Break,No Event,16.3,30,193,6552.81,231.29,25.22,6296.3,1937.01,4359.29,46.57,289.98,388,131,6,62,33,32.62,2.01,69.24,2327.59,1147.54,208.09,110,199.23,3992.45,30.29,0.48
2024-02-25,Sunday,False,False,Winter,Term Break,No Event,17.9,31,243,6885.85,319.98,0.0,6565.87,1938.43,4627.44,56.64,202.0,413,167,13,76,28,27.02,1.7,70.48,2327.59,1147.54,207.05,110,227.92,4020.1,348.7,5.31
2024-02-26,Monday,False,False,Winter,Term Break,No Event,19.4,32,180,5549.39,137.38,0.0,5412.01,1606.19,3805.82,47.6,122.08,325,109,2,71,16,30.07,1.81,70.32,2327.59,1147.54,213.1,110,224.36,4022.59,-386.45,-7.14
2024-02-27,Tuesday,False,False,Winter,Term Break,Salary Week,17.2,0,188,6244.15,188.69,0.0,6055.46,1811.86,4243.6,43.57,218.84,373,124,9,64,25,32.21,1.98,70.08,2327.59,1147.54,230.2,110,225.86,4041.19,-60.0,-0.99
2024-02-28,Wednesday,False,False,Winter,Term Break,Salary Week,17.8,1,257,8127.57,201.72,36.52,7889.33,2366.65,5522.68,64.65,253.24,490,160,5,97,29,30.7,1.91,70.0,2327.59,1147.54,223.14,110,187.72,3995.99,1208.8,15.32
2024-02-29,Thursday,False,False,Winter,Term Break,Salary Week,18.2,2,292,9430.1,297.37,28.7,9104.03,2657.09,6446.94,72.71,297.88,561,185,11,107,32,31.18,1.92,70.81,2327.59,1147.54,240.35,110,180.1,4005.58,2070.77,22.75
2024-03-01,Friday,True,False,Spring,Term Break,Salary Week,17.5,3,265,10445.93,326.08,8.7,10111.15,2960.75,7150.4,85.57,245.66,615,166,12,99,26,38.16,2.32,70.72,2177.42,1147.54,209.01,110,208.3,3852.27,2966.9,29.34
2024-03-02,Saturday,True,False,Spring,Term Break,Salary Week,20.0,4,242,9375.49,267.82,41.74,9065.93,2659.65,6406.28,68.25,405.79,549,166,7,76,45,37.46,2.27,70.66,2177.42,1147.54,189.42,110,215.33,3839.71,2092.53,23.08
2024-03-03,Sunday,False,False,Spring,In Session,No Event,19.8,5,264,7919.78,191.3,0.0,7728.48,2233.0,5495.48,57.83,260.0,459,174,7,90,32,29.27,1.74,71.11,2177.42,1147.54,188.27,110,205.89,3829.12,1348.53,17.45
2024-03-04,Monday,False,False,Spring,In Session,No Event,20.7,6,244,6496.33,289.55,0.0,6206.78,1795.98,4410.8,49.57,176.6,389,170,5,74,23,25.44,1.59,71.06,2177.42,1147.54,217.85,110,208.16,3860.97,323.66,5.21
2024-03-05,Tuesday,False,False,Spring,In Session,No Event,22.8,7,255,7706.73,261.72,0.0,7445.01,2170.13,5274.88,56.49,306.48,445,173,4,82,31,29.2,1.75,70.85,2177.42,1147.54,220.16,110,166.14,3821.26,1090.65,14.65
2024-03-06,Wednesday,False,False,Spring,In Session,No Event,22.1,8,253,8186.73,348.59,14.78,7823.36,2264.05,5559.31,61.08,259.81,504,171,8,82,26,30.92,1.99,71.06,2177.42,1147.54,191.26,110,222.03,3848.25,1390.17,17.77
2024-03-07,Thursday,False,False,Spring,In Session,No Event,20.7,9,295,9491.1,178.25,0.0,9312.85,2633.05,6679.8,72.69,335.17,550,194,7,101,37,31.57,1.86,71.73,2177.42,1147.54,212.5,110,214.16,3861.62,2410.32,25.88
2024-03-08,Friday,True,False,Spring,In Session,No Event,19.5,10,250,9637.2,336.51,57.39,9243.3,2722.86,6520.44,71.92,382.7,568,175,8,75,44,36.97,2.27,70.54,2177.42,1147.54,205.58,110,144.14,3784.68,2281.14,24.68
2024-03-09,Saturday,True,False,Spring,In Session,No Event,19.1,11,244,9240.71,333.89,0.0,8906.82,2643.62,6263.2,75.75,254.45,534,163,16,81,25,36.5,2.19,70.32,2177.42,1147.54,201.2,110,199.59,3835.75,2097.25,23.55
2024-03-10,Sunday,False,False,Spring,In Session,Ramadan Eve,20.0,12,293,8448.46,294.77,0.0,8153.69,2361.14,5792.55,63.89,278.4,512,193,8,100,34,27.83,1.75,71.04,2177.42,1147.54,233.23,110,169.2,3837.39,1612.87,19.78
2024-03-11,Monday,False,False,Spring,In Session,Ramadan | Ramadan Nights Desserts 10%,19.0,13,221,8770.42,219.48,29.57,8521.37,2449.09,6072.28,64.15,425.52,462,151,7,70,41,38.56,2.09,71.26,2438.71,1147.54,210.46,360,178.79,4335.5,1247.11,14.64
2024-03-12,Tuesday,False,False,Spring,In Session,Ramadan | Ramadan Nights Desserts 10%,19.6,14,200,7779.01,172.23,19.13,7587.65,2137.7,5449.95,48.86,455.9,405,129,20,71,39,37.94,2.02,71.83,2438.71,1147.54,185.64,360,197.64,4329.53,615.66,8.11
2024-03-13,Wednesday,False,False,Spring,In Session,Ramadan | Ramadan Nights Desserts 10%,19.4,15,253,10348.61,435.03,60.87,9852.71,2904.35,6948.36,74.35,471.76,537,169,4,84,50,38.94,2.12,70.52,2438.71,1147.54,211.6,360,169.14,4326.99,2075.26,21.06
2024-03-14,Thursday,False,False,Spring,In Session,Ramadan | Ramadan Nights Desserts 10%,17.4,16,269,10998.24,373.15,0.0,10625.09,3125.79,7499.3,88.32,374.05,558,171,15,98,35,39.5,2.07,70.58,2438.71,1147.54,193.61,360,185.21,4325.07,2711.86,25.52
2024-03-15,Friday,True,False,Spring,In Session,Ramadan | Ramadan Nights Desserts 10%,19.6,17,241,9551.2,386.39,19.13,9145.68,2645.03,6500.65,76.2,336.58,516,150,7,91,40,37.95,2.14,71.08,2438.71,1147.54,227.32,360,187.46,4361.03,1726.84,18.88
2024-03-16,Saturday,True,False,Spring,In Session,Ramadan | Ramadan Nights Desserts 10%,21.1,18,266,10623.46,455.9,39.13,10128.43,2999.63,7128.8,78.56,419.32,567,178,16,88,49,38.08,2.13,70.38,2438.71,1147.54,209.57,360,211.64,4367.46,2263.46,22.35
2024-03-17,Sunday,False,False,Spring,In Session,Ramadan | Ramadan Nights Desserts 10%,19.7,19,242,9551.32,322.28,42.7,9186.34,2722.14,6464.2,68.6,489.15,494,163,6,79,52,37.96,2.04,70.37,2438.71,1147.54,219.5,360,197.94,4363.69,1542.76,16.79
2024-03-18,Monday,False,False,Spring,In Session,Ramadan | Ramadan Nights Desserts 10%,19.9,20,244,9954.78,316.54,62.61,9575.63,2816.72,6758.91,71.62,523.92,527,160,7,84,54,39.24,2.16,70.58,2438.71,1147.54,234.5,360,222.7,4403.45,1759.92,18.38
2024-03-19,Tuesday,False,False,Spring,In Session,Ramadan | Ramadan Nights Desserts 10%,17.3,21,233,9036.47,274.89,20.0,8741.58,2526.29,6215.29,57.18,514.15,480,166,10,67,54,37.52,2.06,71.1,2438.71,1147.54,243.9,360,152.65,4342.8,1301.16,14.88
2024-03-20,Wednesday,False,False,Spring,In Session,Ramadan | Ramadan Nights Desserts 10%,16.6,22,222,9100.84,324.56,80.87,8695.41,2516.76,6178.65,67.72,329.82,485,147,9,75,37,39.17,2.18,71.06,2438.71,1147.54,209.75,360,194.8,4350.8,1430.31,16.45
2024-03-21,Thursday,False,False,Spring,In Session,Ramadan | Ramadan Nights Desserts 10%,17.6,23,236,8939.93,301.61,0.0,8638.32,2532.82,6105.5,61.4,376.7,487,154,7,82,46,36.6,2.06,70.68,2438.71,1147.54,188.97,360,187.41,4322.63,1344.77,15.57
2024-03-22,Friday,True,False,Spring,In Session,Ramadan | Ramadan Nights Desserts 10%,19.7,24,257,10620.86,406.75,35.65,10178.46,2986.03,7192.43,74.16,508.15,555,168,8,89,47,39.6,2.16,70.66,2438.71,1147.54,211.05,360,162.42,4319.72,2290.4,22.5
2024-03-23,Saturday,True,False,Spring,In Session,Ramadan | Ramadan Nights Desserts 10%,18.7,25,264,10959.94,332.14,17.39,10610.41,3192.51,7417.9,71.55,554.77,562,179,16,85,47,40.19,2.13,69.91,2438.71,1147.54,206.32,360,208.41,4360.98,2430.6,22.91
2024-03-24,Sunday,False,False,Spring,In Session,Ramadan | Ramadan Nights Desserts 10%,19.5,26,265,9479.06,303.2,22.7,9153.16,2690.91,6462.25,61.07,479.91,507,181,12,84,48,34.54,1.91,70.6,2438.71,1147.54,181.18,360,191.77,4319.2,1602.07,17.5
2024-03-25,Monday,False,False,Spring,In Session,Ramadan | Ramadan Nights Desserts 10%,19.0,27,250,8834.69,232.16,53.05,8549.48,2391.23,6158.25,55.68,539.25,487,167,14,83,58,34.2,1.95,72.03,2438.71,1147.54,209.76,360,147.59,4303.6,1259.72,14.73
2024-03-26,Tuesday,False,False,Spring,In Session,Ramadan | Ramadan Nights Desserts 10%,21.1,28,240,9640.92,222.15,10.43,9408.34,2729.71,6678.63,67.61,527.88,524,160,11,80,62,39.2,2.18,70.99,2438.71,1147.54,213.84,360,175.44,4335.53,1747.61,18.58
2024-03-27,Wednesday,False,False,Spring,In Session,Ramadan | Ramadan Nights Desserts 10% | Salary Week,22.8,0,274,11206.04,281.87,53.04,10871.13,3129.77,7741.36,80.1,623.06,609,178,8,96,49,39.68,2.22,71.21,2438.71,1147.54,198.2,360,189.25,4333.7,2704.5,24.88
2024-03-28,Thursday,False,False,Spring,In Session,Ramadan | Ramadan Nights Desserts 10% | Salary Week,25.0,1,318,12807.87,626.36,0.0,12181.51,3644.39,8537.12,90.3,517.66,660,223,18,95,59,38.31,2.08,70.08,2438.71,1147.54,239.59,360,201.95,4387.79,3541.37,29.07
2024-03-29,Friday,True,False,Spring,In Session,Ramadan | Ramadan Nights Desserts 10% | Salary Week,23.7,2,305,13179.04,462.56,74.78,12641.7,3654.32,8987.38,90.7,664.11,699,211,16,94,69,41.45,2.29,71.09,2438.71,1147.54,210.66,360,191.33,4348.24,3884.33,30.73
2024-03-30,Saturday,True,False,Spring,In Session,Ramadan | Ramadan Nights Desserts 10% | Salary Week,26.3,3,290,11717.34,503.54,62.0,11151.8,3332.38,7819.42,84.85,644.68,620,183,13,107,68,38.45,2.14,70.12,2438.71,1147.54,251.31,360,164.14,4361.7,2728.19,24.46
2024-03-31,Sunday,False,False,Spring,In Session,Ramadan - Last 10 Nights | Ramadan Nights Desserts 10% | Salary Week,25.1,4,257,9946.99,349.67,20.87,9576.45,2820.59,6755.86,69.86,522.34,516,180,9,77,50,37.26,2.01,70.55,2438.71,1147.54,258.47,360,217.96,4422.68,1740.98,18.18
2024-04-01,Monday,False,False,Spring,In Session,Ramadan - Last 10 Nights | Ramadan Nights Desserts 10%,27.8,5,247,10276.47,276.37,20.0,9980.1,2855.01,7125.09,77.48,447.3,539,168,12,79,45,40.41,2.18,71.39,2520.0,1147.54,297.52,360,227.51,4552.57,2047.74,20.52
2024-04-02,Tuesday,False,False,Spring,In Session,Ramadan - Last 10 Nights | Ramadan Nights Desserts 10%,26.7,6,239,9704.26,268.37,49.56,9386.33,2711.45,6674.88,59.34,592.99,523,154,7,85,60,39.27,2.19,71.11,2520.0,1147.54,276.81,360,177.84,4482.19,1540.36,16.41
2024-04-03,Wednesday,False,False,Spring,In Session,Ramadan - Last 10 Nights | Ramadan Nights Desserts 10%,27.3,7,229,9256.37,286.59,53.9,8915.88,2632.61,6283.27,60.62,537.98,494,165,8,64,52,38.93,2.16,70.47,2520.0,1147.54,265.48,360,194.23,4487.25,1197.42,13.43
2024-04-04,Thursday,False,False,Spring,Term Break,Ramadan - Last 10 Nights | Ramadan Nights Desserts 10%,28.4,8,258,10846.83,317.45,35.65,10493.73,3064.02,7429.71,67.55,700.6,564,180,12,78,71,40.67,2.19,70.8,2520.0,1147.54,267.24,360,180.06,4474.84,2186.72,20.84
2024-04-05,Friday,True,False,Spring,Term Break,Ramadan - Last 10 Nights | Ramadan Nights Desserts 10%,28.7,9,232,10869.49,277.85,17.39,10574.25,3159.19,7415.06,78.79,533.35,551,159,12,73,49,45.58,2.38,70.12,2520.0,1147.54,298.36,360,204.33,4530.23,2272.69,21.49
2024-04-06,Saturday,True,False,Spring,Term Break,Ramadan - Last 10 Nights | Ramadan Nights Desserts 10%,28.0,10,270,12400.78,349.0,0.0,12051.78,3668.69,8383.09,82.69,758.43,615,191,15,79,72,44.64,2.28,69.56,2520.0,1147.54,297.24,360,157.82,4482.6,3059.37,25.39
2024-04-07,Sunday,False,False,Spring,Term Break,Ramadan - Last 10 Nights | Ramadan Nights Desserts 10%,29.3,11,230,9155.6,324.59,50.43,8780.58,2677.88,6102.7,63.21,524.79,460,162,13,68,50,38.18,2.0,69.5,2520.0,1147.54,293.16,360,207.47,4528.17,986.53,11.24
2024-04-08,Monday,False,False,Spring,Term Break,Ramadan - Last 10 Nights | Ramadan Nights Desserts 10%,30.5,12,191,8734.83,254.59,18.26,8461.98,2568.88,5893.1,53.5,544.56,441,129,8,62,50,44.3,2.31,69.64,2520.0,1147.54,310.02,360,196.33,4533.89,761.15,8.99
2024-04-09,Tuesday,False,False,Spring,Term Break,Ramadan - Last 10 Nights | Eid Al-Fitr Eve | Ramadan Nights Desserts 10%,30.6,13,251,10441.67,369.58,23.48,10048.61,2988.13,7060.48,62.54,713.01,538,173,9,78,62,40.03,2.14,70.26,2520.0,1147.54,292.43,360,178.57,4498.54,1786.39,17.78
2024-04-10,Wednesday,False,True,Spring,Term Break,Eid Al-Fitr,30.4,14,168,7060.77,246.08,0.0,6814.69,1978.7,4835.99,54.58,186.73,386,110,6,58,22,40.56,2.3,70.96,2250.0,1147.54,279.21,110,183.4,3970.15,624.53,9.16
2024-04-11,Thursday,False,True,Spring,Term Break,Eid Al-Fitr,27.8,15,247,11291.14,343.46,0.0,10947.68,3352.57,7595.11,77.72,498.55,598,155,10,92,49,44.32,2.42,69.38,2250.0,1147.54,274.25,110,147.73,3929.52,3089.32,28.22
2024-04-12,Friday,True,True,Spring,Term Break,Eid Al-Fitr,29.4,16,329,13830.99,306.07,53.92,13471.0,3945.44,9525.56,115.22,440.96,763,225,20,104,48,40.95,2.32,70.71,2250.0,1147.54,290.15,110,168.21,3965.9,5003.48,37.14
2024-04-13,Saturday,True,True,Spring,Term Break,Eid Al-Fitr,28.7,17,228,10199.85,201.72,54.78,9943.35,3013.58,6929.77,81.41,277.78,539,150,13,78,27,43.61,2.36,69.69,2250.0,1147.54,298.23,110,219.39,4025.16,2545.42,25.6
2024-04-14,Sunday,False,False,Spring,Term Break,Post-Eid Al-Fitr Holiday,25.7,18,194,6112.89,119.12,13.04,5980.73,1750.64,4230.09,41.97,310.71,368,122,8,72,28,30.83,1.9,70.73,2250.0,1147.54,272.09,110,173.79,3953.42,-76.01,-1.27
2024-04-15,Monday,False,False,Spring,Term Break,Post-Eid Al-Fitr Holiday,26.1,19,164,4899.87,120.86,0.0,4779.01,1366.65,3412.36,32.81,268.62,281,112,4,52,27,29.14,1.71,71.4,2250.0,1147.54,245.36,110,190.86,3943.76,-832.83,-17.43
2024-04-16,Tuesday,False,False,Spring,Term Break,Post-Eid Al-Fitr Holiday,26.4,20,140,4265.15,101.74,18.26,4145.15,1161.16,2983.99,24.82,312.96,244,112,3,28,40,29.61,1.74,71.99,2250.0,1147.54,272.4,110,195.21,3975.15,-1328.94,-32.06
2024-04-17,Wednesday,False,False,Spring,Term Break,No Event,25.9,21,263,7937.15,333.03,17.39,7586.73,2181.76,5404.97,55.53,273.77,471,186,5,77,32,28.85,1.79,71.24,2250.0,1147.54,241.58,110,183.53,3932.65,1143.02,15.07
2024-04-18,Thursday,False,False,Spring,Term Break,No Event,26.6,22,302,9906.74,296.5,20.0,9590.24,2743.0,6847.24,76.96,235.15,570,187,10,115,27,31.76,1.89,71.4,2250.0,1147.54,283.87,110,229.03,4020.44,2514.69,26.22
2024-04-19,Friday,True,False,Spring,Term Break,No Event,25.5,23,257,9633.04,266.09,8.7,9358.25,2776.6,6581.65,68.27,322.25,558,168,6,89,37,36.41,2.17,70.33,2250.0,1147.54,260.62,110,173.64,3941.8,2249.33,24.04
2024-04-20,Saturday,True,False,Spring,Term Break,No Event,28.0,24,210,7811.14,179.12,66.96,7565.06,2208.91,5356.15,66.66,213.9,454,140,9,70,26,36.02,2.16,70.8,2250.0,1147.54,266.24,110,187.1,3960.88,1114.71,14.73
2024-04-21,Sunday,False,False,Spring,In Session,No Event,26.6,25,198,6711.89,296.07,13.91,6401.91,1877.95,4523.96,48.68,158.42,385,130,7,68,19,32.33,1.94,70.67,2250.0,1147.54,278.24,110,209.71,3995.49,321.37,5.02
2024-04-22,Monday,False,False,Spring,In Session,No Event,26.3,26,232,6397.15,268.69,33.91,6094.55,1788.98,4305.57,48.3,184.61,375,157,4,75,23,26.27,1.62,70.65,2250.0,1147.54,262.05,110,149.84,3919.43,153.23,2.51
2024-04-23,Tuesday,False,False,Spring,In Session,No Event,27.0,27,247,6748.52,185.21,40.0,6523.31,1906.71,4616.6,49.33,294.83,393,156,9,91,32,26.41,1.59,70.77,2250.0,1147.54,255.07,110,143.88,3906.49,365.95,5.61
2024-04-24,Wednesday,False,False,Spring,In Session,No Event,26.1,28,240,7002.43,172.17,0.0,6830.26,1960.66,4869.6,56.25,209.1,410,160,12,80,25,28.46,1.71,71.29,2250.0,1147.54,237.35,110,206.71,3951.6,652.65,9.56
2024-04-25,Thursday,False,False,Spring,In Session,Salary Week,26.9,0,314,9918.95,272.17,13.04,9633.74,2704.78,6928.96,79.37,341.91,574,196,18,118,44,30.68,1.83,71.92,2250.0,1147.54,262.04,110,218.37,3987.95,2519.73,26.16
2024-04-26,Friday,True,False,Spring,In Session,Salary Week,28.3,1,280,10953.64,287.81,53.91,10611.92,3017.25,7594.67,72.26,535.74,636,190,17,90,55,37.9,2.27,71.57,2250.0,1147.54,287.97,110,213.38,4008.89,2977.78,28.06
2024-04-27,Saturday,True,False,Spring,In Session,Salary Week,27.9,2,205,8275.44,225.19,0.0,8050.25,2328.84,5721.41,57.44,419.37,484,140,11,65,41,39.27,2.36,71.07,2250.0,1147.54,291.21,110,205.9,4004.65,1239.95,15.4
2024-04-28,Sunday,False,False,Spring,In Session,Salary Week,27.4,3,220,6440.73,178.25,19.13,6243.35,1811.93,4431.42,47.9,187.12,374,153,9,67,23,28.38,1.7,70.98,2250.0,1147.54,294.35,110,162.63,3964.52,231.88,3.71
2024-04-29,Monday,False,False,Spring,In Session,Salary Week,28.9,4,238,6785.05,268.68,18.26,6498.11,1881.12,4616.99,48.73,252.71,400,154,16,84,27,27.3,1.68,71.05,2250.0,1147.54,297.99,110,185.39,3990.92,324.63,5.0
2024-04-30,Tuesday,False,False,Spring,In Session,No Event,26.0,5,181,5335.51,184.33,0.0,5151.18,1514.71,3636.47,35.75,310.12,312,131,2,50,43,28.46,1.72,70.59,2250.0,1147.54,246.63,110,186.2,3940.37,-649.77,-12.61
2024-05-01,Wednesday,False,False,Spring,In Session,No Event,29.7,6,222,7046.71,176.51,29.57,6840.63,1953.32,4887.31,46.87,379.57,414,156,6,66,41,30.81,1.86,71.45,2177.42,1147.54,324.77,110,197.81,3957.54,503.33,7.36
2024-05-02,Thursday,False,False,Spring,In Session,No Event,30.8,7,192,6727.65,217.38,65.22,6445.05,1900.87,4544.18,40.08,509.45,384,133,3,59,53,33.57,2.0,70.51,2177.42,1147.54,329.21,110,188.95,3953.12,41.53,0.64
2024-05-03,Friday,True,False,Spring,In Session,No Event,29.5,8,170,6650.31,273.03,34.78,6342.5,1822.03,4520.47,46.85,267.63,386,109,6,61,29,37.31,2.27,71.27,2177.42,1147.54,286.94,110,153.14,3875.04,330.95,5.22
2024-05-04,Saturday,True,False,Spring,In Session,No Event,30.5,9,212,8104.17,168.69,0.0,7935.48,2253.75,5681.73,63.23,341.9,467,158,10,54,39,37.43,2.2,71.6,2177.42,1147.54,291.33,110,187.35,3913.64,1362.96,17.18
2024-05-05,Sunday,False,False,Spring,In Session,No Event,31.4,10,204,6053.68,216.51,0.0,5837.17,1634.93,4202.24,46.01,256.0,354,140,7,64,27,28.61,1.74,71.99,2177.42,1147.54,314.16,110,181.86,3930.98,-30.75,-0.53
2024-05-06,Monday,False,False,Spring,In Session,No Event,31.8,11,225,6799.77,201.73,0.0,6598.04,1884.13,4713.91,52.75,280.88,384,154,5,71,31,29.32,1.71,71.44,2177.42,1147.54,296.47,110,166.74,3898.17,482.11,7.31
2024-05-07,Tuesday,False,False,Spring,In Session,No Event,32.2,12,206,5633.74,235.64,0.0,5398.1,1553.37,3844.73,37.94,261.92,343,146,6,60,30,26.2,1.67,71.22,2177.42,1147.54,324.64,110,170.43,3930.03,-385.16,-7.14
2024-05-08,Wednesday,False,False,Spring,In Session,No Event,31.7,13,200,6088.53,124.34,17.39,5946.8,1689.67,4257.13,42.89,292.35,348,133,6,67,35,29.73,1.74,71.59,2177.42,1147.54,329.93,110,219.77,3984.66,-62.77,-1.06
2024-05-09,Thursday,False,False,Spring,In Session,No Event,30.8,14,269,9105.81,335.63,19.13,8751.05,2555.84,6195.21,68.81,389.92,521,192,11,77,48,32.53,1.94,70.79,2177.42,1147.54,285.14,110,219.78,3939.88,1796.6,20.53
2024-05-10,Friday,True,False,Spring,In Session,No Event,32.3,15,197,7530.33,191.31,38.26,7300.76,2143.22,5157.54,53.22,349.33,439,131,9,66,34,37.06,2.23,70.64,2177.42,1147.54,300.6,110,188.23,3923.79,831.2,11.39
2024-05-11,Saturday,True,False,Spring,In Session,No Event,34.9,16,183,7053.73,150.43,25.22,6878.08,1972.73,4905.35,44.12,445.36,414,122,10,61,49,37.59,2.26,71.32,2177.42,1147.54,369.0,110,206.01,4009.97,405.9,5.9
2024-05-12,Sunday,False,False,Spring,In Session,No Event,33.6,17,205,6410.33,233.03,18.26,6159.04,1790.0,4369.04,45.38,349.36,384,143,6,62,41,30.04,1.87,70.94,2177.42,1147.54,350.65,110,188.8,3974.41,-0.11,-0.0
2024-05-13,Monday,False,False,Spring,In Session,No Event,34.5,18,216,6245.07,179.99,0.0,6065.08,1740.47,4324.61,40.86,328.47,377,154,8,62,38,28.08,1.75,71.3,2177.42,1147.54,351.91,110,168.09,3954.96,0.32,0.01
2024-05-14,Tuesday,False,False,Spring,In Session,No Event,35.9,19,216,6285.99,194.77,36.52,6054.7,1762.5,4292.2,43.13,315.09,375,150,13,66,39,28.03,1.74,70.89,2177.42,1147.54,351.35,110,189.81,3976.12,-42.14,-0.7
2024-05-15,Wednesday,False,False,Spring,In Session,No Event,37.4,20,229,7404.12,298.24,0.0,7105.88,2061.18,5044.7,52.51,304.94,439,163,4,66,38,31.03,1.92,70.99,2177.42,1147.54,369.37,110,163.16,3967.49,719.76,10.13
2024-05-16,Thursday,False,False,Spring,In Session,No Event,37.3,21,262,8034.58,313.02,28.7,7692.86,2213.75,5479.11,59.9,348.23,475,165,9,97,40,29.36,1.81,71.22,2177.42,1147.54,368.31,110,166.7,3969.97,1101.01,14.31
2024-05-17,Friday,True,False,Spring,In Session,No Event,36.9,22,178,6293.83,264.33,34.78,5994.72,1779.54,4215.18,45.72,268.03,371,127,6,51,34,33.68,2.08,70.31,2177.42,1147.54,348.71,110,159.65,3943.32,-41.89,-0.7
2024-05-18,Saturday,True,False,Spring,In Session,No Event,36.1,23,169,6312.94,247.81,10.43,6054.7,1745.06,4309.64,46.34,298.08,378,118,9,51,35,35.83,2.24,71.18,2177.42,1147.54,373.59,110,202.05,4010.6,-45.38,-0.75
2024-05-19,Sunday,False,False,Spring,In Session,No Event,34.6,24,215,7741.64,521.47,0.0,7220.17,2174.89,5045.28,38.94,270.87,438,145,7,70,34,33.58,2.04,69.88,2177.42,1147.54,351.57,110,194.66,3981.19,754.28,10.45
2024-05-20,Monday,False,False,Spring,In Session,No Event,35.3,25,202,5965.94,132.16,17.39,5816.39,1656.89,4159.5,41.9,300.55,354,147,3,55,31,28.79,1.75,71.51,2177.42,1147.54,383.81,110,185.88,4004.65,-187.6,-3.23
2024-05-21,Tuesday,False,False,Spring,In Session,No Event,36.5,26,225,8163.38,290.09,0.0,7873.29,2373.9,5499.39,48.04,333.48,483,157,7,68,32,34.99,2.15,69.85,2177.42,1147.54,360.68,110,209.19,4004.83,1113.04,14.14
2024-05-22,Wednesday,False,False,Spring,In Session,No Event,35.4,27,240,6855.48,293.03,20.87,6541.58,1902.66,4638.92,49.04,403.72,409,175,13,65,47,27.26,1.7,70.91,2177.42,1147.54,357.13,110,157.96,3950.05,236.11,3.61
2024-05-23,Thursday,False,False,Spring,In Session,No Event,37.3,28,278,8322.51,219.99,22.61,8079.91,2281.84,5798.07,65.79,279.14,489,189,10,89,36,29.06,1.76,71.76,2177.42,1147.54,359.99,110,187.74,3982.69,1470.45,18.2
2024-05-24,Friday,True,False,Spring,In Session,No Event,35.9,29,197,6993.8,180.0,20.0,6793.8,1982.91,4810.89,46.76,377.99,416,142,14,55,47,34.49,2.11,70.81,2177.42,1147.54,367.39,110,202.1,4004.45,381.69,5.62
2024-05-25,Saturday,True,False,Spring,In Session,No Event,34.8,30,186,6617.19,223.47,33.91,6359.81,1829.55,4530.26,49.3,312.57,387,133,8,53,38,34.19,2.08,71.23,2177.42,1147.54,356.04,110,209.21,4000.21,168.18,2.64
2024-05-26,Sunday,False,False,Spring,In Session,No Event,35.3,31,207,6179.87,133.04,33.04,6013.79,1747.52,4266.27,39.8,331.76,382,140,11,67,40,29.05,1.85,70.94,2177.42,1147.54,350.97,110,234.35,4020.28,-125.57,-2.09
2024-05-27,Monday,False,False,Spring,In Session,Salary Week,32.2,0,171,4939.94,268.68,0.0,4671.26,1442.91,3228.35,40.0,233.4,297,131,3,40,27,27.32,1.74,69.11,2177.42,1147.54,318.45,110,202.14,3955.55,-1000.6,-21.42
2024-05-28,Tuesday,False,False,Spring,In Session,Salary Week,33.1,1,215,6763.36,236.52,48.69,6478.15,1907.32,4570.83,47.33,334.62,406,147,13,68,31,30.13,1.89,70.56,2177.42,1147.54,325.1,110,205.27,3965.33,223.55,3.45
2024-05-29,Wednesday,False,False,Spring,In Session,Salary Week,32.9,2,230,9553.72,354.34,40.0,9159.38,2658.3,6501.08,52.7,382.62,562,155,7,75,35,39.82,2.44,70.98,2177.42,1147.54,332.03,110,209.59,3976.58,2089.18,22.81
2024-05-30,Thursday,False,False,Spring,In Session,Salary Week,34.2,3,292,9938.88,277.36,20.0,9641.52,2842.27,6799.25,73.65,450.91,581,197,9,95,45,33.02,1.99,70.52,2177.42,1147.54,357.58,110,197.37,3989.91,2284.78,23.7
2024-05-31,Friday,True,False,Spring,In Session,Salary Week,33.7,4,202,8187.7,259.11,23.48,7905.11,2265.05,5640.06,60.18,296.56,485,143,8,59,33,39.13,2.4,71.35,2177.42,1147.54,334.54,110,189.71,3959.21,1324.11,16.75
2024-06-01,Saturday,True,False,Summer,In Session,No Event,33.5,5,163,6032.04,135.65,20.0,5876.39,1742.06,4134.33,45.63,254.47,346,103,12,60,29,36.05,2.12,70.35,2250.0,1147.54,331.88,110,198.45,4037.87,-203.64,-3.47
2024-06-02,Sunday,False,False,Summer,Exams,No Event,34.4,6,241,7267.69,217.38,0.0,7050.31,2039.54,5010.77,53.77,318.7,428,178,9,63,39,29.25,1.78,71.07,2250.0,1147.54,337.24,110,179.93,4024.71,613.59,8.7
2024-06-03,Monday,False,False,Summer,Exams,No Event,34.5,7,230,7040.66,274.77,0.0,6765.89,1970.79,4795.1,54.68,260.55,423,146,9,84,29,29.42,1.84,70.87,2250.0,1147.54,345.68,110,189.4,4042.62,437.25,6.46
2024-06-04,Tuesday,False,False,Summer,Exams,No Event,33.1,8,191,6887.08,151.31,19.13,6716.64,2005.49,4711.15,41.77,326.94,419,130,6,61,35,35.17,2.19,70.14,2250.0,1147.54,329.9,110,169.24,4006.68,335.76,5.0
2024-06-05,Wednesday,False,False,Summer,Exams,No Event,32.2,9,194,5444.25,232.16,20.0,5192.09,1582.68,3609.41,40.65,168.17,320,133,10,61,16,26.76,1.65,69.52,2250.0,1147.54,331.14,110,183.99,4022.67,-622.08,-11.98
2024-06-06,Thursday,False,False,Summer,Exams,No Event,33.6,10,265,8716.41,303.46,0.0,8412.95,2457.02,5955.93,66.43,293.27,509,169,7,96,33,31.75,1.92,70.79,2250.0,1147.54,346.15,110,178.69,4032.38,1563.85,18.59
2024-06-07,Friday,True,False,Summer,Exams,No Event,34.8,11,195,7944.24,132.17,39.13,7772.94,2291.01,5481.93,54.43,432.12,457,127,7,68,36,39.86,2.34,70.53,2250.0,1147.54,360.29,110,196.56,4064.39,930.99,11.98
2024-06-08,Saturday,True,False,Summer,Exams,No Event,35.3,12,201,8189.52,176.51,18.26,7994.75,2422.66,5572.09,57.2,410.5,466,131,4,70,42,39.77,2.32,69.7,2250.0,1147.54,343.76,110,162.57,4013.87,1090.52,13.64
2024-06-09,Sunday,False,False,Summer,Exams,No Event,36.1,13,215,6025.07,178.25,0.0,5846.82,1710.99,4135.83,43.91,207.99,358,145,5,70,29,27.19,1.67,70.74,2250.0,1147.54,369.08,110,214.0,4090.62,-206.69,-3.54
2024-06-10,Monday,False,False,Summer,Exams,No Event,36.5,14,181,5705.12,135.64,0.0,5569.48,1681.21,3888.27,39.63,242.75,327,127,6,54,26,30.77,1.81,69.81,2250.0,1147.54,373.19,110,182.27,4063.0,-457.11,-8.21
2024-06-11,Tuesday,False,False,Summer,Exams,No Event,34.4,15,205,6332.94,103.48,66.09,6163.37,1818.58,4344.79,50.49,173.55,376,125,7,80,21,30.07,1.83,70.49,2250.0,1147.54,331.23,110,186.71,4025.48,95.27,1.55
2024-06-12,Wednesday,False,False,Summer,Exams,No Event,35.5,16,196,5576.46,176.51,0.0,5399.95,1575.24,3824.71,36.43,326.75,327,139,6,57,31,27.55,1.67,70.83,2250.0,1147.54,360.87,110,179.44,4047.85,-586.32,-10.86
2024-06-13,Thursday,False,False,Summer,Exams,No Event,34.8,17,276,9593.02,388.67,0.0,9204.35,2820.4,6383.95,63.48,476.19,522,198,11,78,51,33.35,1.89,69.36,2250.0,1147.54,368.23,110,185.2,4060.97,1783.31,19.37
2024-06-14,Friday,True,False,Summer,Summer Vacation,No Event,34.3,18,212,8424.29,125.21,18.26,8280.82,2457.13,5823.69,63.68,285.43,456,136,9,76,34,39.06,2.15,70.33,2250.0,1147.54,365.03,110,216.55,4089.12,1385.46,16.73
2024-06-15,Saturday,True,True,Summer,Summer Vacation,Day of Arafah,37.1,19,142,5335.61,131.3,0.0,5204.31,1602.21,3602.1,37.85,313.17,294,99,7,43,36,36.65,2.07,69.21,2250.0,1147.54,372.55,110,188.91,4069.0,-817.92,-15.72
2024-06-16,Sunday,False,True,Summer,Summer Vacation,Eid Al-Adha,34.8,20,121,5407.82,73.91,0.0,5333.91,1650.88,3683.03,32.8,386.83,293,82,5,39,41,44.08,2.42,69.05,2250.0,1147.54,330.01,110,182.6,4020.15,-756.75,-14.19
2024-06-17,Monday,False,True,Summer,Summer Vacation,Eid Al-Adha,36.4,21,158,6941.73,129.56,13.91,6798.26,2097.65,4700.61,52.35,376.25,377,110,13,48,34,43.03,2.39,69.14,2250.0,1147.54,364.52,110,199.41,4071.47,200.54,2.95
2024-06-18,Tuesday,False,True,Summer,Summer Vacation,Eid Al-Adha,35.1,22,174,7532.97,226.94,0.0,7306.03,2257.01,5049.02,43.29,532.04,410,129,11,45,51,41.99,2.36,69.11,2250.0,1147.54,351.71,110,190.59,4049.84,423.85,5.8
2024-06-19,Wednesday,False,True,Summer,Summer Vacation,Eid Al-Adha,36.8,23,164,7251.25,153.91,12.17,7085.17,2185.63,4899.54,52.03,290.59,390,109,7,55,35,43.2,2.38,69.15,2250.0,1147.54,349.32,110,189.11,4045.97,510.95,7.21
2024-06-20,Thursday,False,False,Summer,Summer Vacation,Post-Eid Al-Adha Holiday,36.7,24,200,6609.47,228.68,20.0,6360.79,1870.1,4490.69,43.85,318.13,390,138,6,62,39,31.8,1.95,70.6,2250.0,1147.54,349.88,110,193.18,4050.6,78.11,1.23
2024-06-21,Friday,True,False,Summer,Summer Vacation,Post-Eid Al-Adha Holiday,37.2,25,176,7070.33,194.77,36.52,6839.04,2017.98,4821.06,40.15,489.13,412,130,12,46,50,38.86,2.34,70.49,2250.0,1147.54,373.35,110,198.99,4079.88,211.9,3.1
2024-06-22,Saturday,True,False,Summer,Summer Vacation,Post-Eid Al-Adha Holiday,37.0,26,137,5015.6,168.69,0.0,4846.91,1451.42,3395.49,36.03,240.28,282,97,4,40,25,35.38,2.06,70.05,2250.0,1147.54,387.79,110,207.17,4102.5,-983.32,-20.29
2024-06-23,Sunday,False,False,Summer,Summer Vacation,No Event,36.8,27,183,5310.31,90.43,20.0,5199.88,1488.84,3711.04,37.46,312.01,301,138,7,45,37,28.41,1.64,71.37,2250.0,1147.54,383.65,110,157.45,4048.64,-687.07,-13.21
2024-06-24,Monday,False,False,Summer,Summer Vacation,No Event,34.5,28,165,4960.77,76.52,19.13,4865.12,1390.37,3474.75,29.53,308.4,290,123,7,42,39,29.49,1.76,71.42,2250.0,1147.54,343.3,110,186.28,4037.12,-900.3,-18.51
2024-06-25,Tuesday,False,False,Summer,Summer Vacation,No Event,34.6,29,161,4762.48,191.29,0.0,4571.19,1336.32,3234.87,29.48,306.23,277,126,5,35,34,28.39,1.72,70.77,2250.0,1147.54,337.77,110,159.86,4005.17,-1106.01,-24.2
2024-06-26,Wednesday,False,False,Summer,Summer Vacation,No Event,37.6,30,151,4828.65,145.21,40.0,4643.44,1392.0,3251.44,30.86,313.2,273,114,7,37,35,30.75,1.81,70.02,2250.0,1147.54,382.04,110,201.16,4090.74,-1183.36,-25.48
2024-06-27,Thursday,False,False,Summer,Summer Vacation,Salary Week,36.4,0,250,8797.24,216.51,38.26,8542.47,2450.02,6092.45,56.97,554.41,504,170,8,80,53,34.17,2.02,71.32,2250.0,1147.54,377.61,110,153.13,4038.28,1442.79,16.89
2024-06-28,Friday,True,False,Summer,Summer Vacation,Salary Week,37.4,1,174,6626.89,156.52,0.0,6470.37,1928.35,4542.02,43.73,366.57,373,125,5,49,43,37.19,2.14,70.2,2250.0,1147.54,396.94,110,191.56,4096.04,35.68,0.55
2024-06-29,Saturday,True,False,Summer,Summer Vacation,Salary Week,37.6,2,178,6996.36,126.09,0.0,6870.27,2033.3,4836.97,50.22,358.32,400,120,5,58,38,38.6,2.25,70.4,2250.0,1147.54,373.48,110,174.17,4055.19,373.24,5.43
2024-06-30,Sunday,False,False,Summer,Summer Vacation,Salary Week,39.1,3,153,5112.1,100.86,0.0,5011.24,1473.25,3537.99,35.95,261.31,297,114,5,39,34,32.75,1.94,70.6,2250.0,1147.54,371.77,110,205.28,4084.59,-843.86,-16.84
2024-07-01,Monday,False,False,Summer,Summer Vacation,Summer Iced Happy Hour | Salary Week,38.7,4,207,6482.46,395.44,18.26,6068.76,1914.23,4154.53,38.5,416.73,382,148,10,59,40,29.32,1.85,68.46,2177.42,1147.54,381.67,360,185.83,4252.46,-553.16,-9.11
2024-07-02,Tuesday,False,False,Summer,Summer Vacation,Summer Iced Happy Hour,37.8,5,212,6633.77,452.19,16.52,6165.06,1992.9,4172.16,41.15,341.74,380,144,8,68,38,29.08,1.79,67.67,2177.42,1147.54,383.93,360,184.43,4253.32,-464.05,-7.53
2024-07-03,Wednesday,False,False,Summer,Summer Vacation,Summer Iced Happy Hour,37.5,6,202,7252.01,349.98,20.87,6881.16,2093.96,4787.2,41.74,468.91,414,150,13,52,52,34.07,2.05,69.57,2177.42,1147.54,389.34,360,176.92,4251.22,25.33,0.37
2024-07-04,Thursday,False,False,Summer,Summer Vacation,Summer Iced Happy Hour,39.5,7,245,8495.58,460.87,0.0,8034.71,2475.17,5559.54,51.7,508.54,478,175,19,70,57,32.79,1.95,69.19,2177.42,1147.54,416.04,360,185.08,4286.08,713.22,8.88
2024-07-05,Friday,True,False,Summer,Summer Vacation,No Event,40.1,8,195,7403.39,115.65,56.52,7231.22,2139.71,5091.51,44.92,518.55,432,142,17,53,67,37.08,2.22,70.41,2177.42,1147.54,407.4,110,208.02,4050.38,477.66,6.61
2024-07-06,Saturday,True,False,Summer,Summer Vacation,No Event,38.9,9,225,8757.3,252.17,45.21,8459.92,2607.75,5852.17,58.88,505.24,505,158,14,67,59,37.6,2.24,69.18,2177.42,1147.54,387.03,110,163.67,3985.66,1302.39,15.39
2024-07-07,Sunday,False,False,Summer,Summer Vacation,Summer Iced Happy Hour,38.0,10,198,5766.9,419.37,0.0,5347.53,1685.25,3662.28,38.24,279.98,342,138,6,60,35,27.01,1.73,68.49,2177.42,1147.54,404.6,360,166.16,4255.72,-911.66,-17.05
2024-07-08,Monday,False,False,Summer,Summer Vacation,Summer Iced Happy Hour,38.5,11,181,5653.81,338.02,0.0,5315.79,1631.74,3684.05,35.39,308.29,329,125,7,56,37,29.37,1.82,69.3,2177.42,1147.54,410.36,360,191.27,4286.59,-946.22,-17.8
2024-07-09,Tuesday,False,False,Summer,Summer Vacation,Summer Iced Happy Hour,35.5,12,190,6054.64,486.73,38.48,5529.43,1762.31,3767.12,36.08,350.06,357,145,7,45,38,29.1,1.88,68.13,2177.42,1147.54,365.82,360,173.18,4223.96,-842.98,-15.25
2024-07-10,Wednesday,False,False,Summer,Summer Vacation,Summer Iced Happy Hour,35.2,13,174,6016.5,298.02,20.87,5697.61,1815.97,3881.64,38.99,272.12,348,111,3,63,28,32.74,2.0,68.13,2177.42,1147.54,378.33,360,212.43,4275.72,-705.19,-12.38
2024-07-11,Thursday,False,False,Summer,Summer Vacation,Summer Iced Happy Hour,36.4,14,196,6740.74,420.87,30.43,6289.44,1967.7,4321.74,51.55,216.98,386,127,9,69,28,32.09,1.97,68.71,2177.42,1147.54,342.17,360,192.23,4219.36,-166.15,-2.64
2024-07-12,Friday,True,False,Summer,Summer Vacation,No Event,36.3,15,185,7863.37,100.87,0.0,7762.5,2363.38,5399.12,51.22,625.54,451,143,6,42,59,41.96,2.44,69.55,2177.42,1147.54,369.22,110,201.64,4005.82,716.54,9.23
2024-07-13,Saturday,True,False,Summer,Summer Vacation,No Event,37.5,16,184,6940.78,160.86,70.43,6709.49,2028.3,4681.19,46.43,475.78,403,132,13,52,53,36.46,2.19,69.77,2177.42,1147.54,370.63,110,206.32,4011.91,147.07,2.19
2024-07-14,Sunday,False,False,Summer,Summer Vacation,Summer Iced Happy Hour,37.8,17,177,5525.94,356.29,20.87,5148.78,1641.89,3506.89,33.53,294.6,314,139,9,38,32,29.09,1.77,68.11,2177.42,1147.54,371.52,360,174.35,4230.83,-1052.07,-20.43
2024-07-15,Monday,False,False,Summer,Summer Vacation,Summer Iced Happy Hour,36.8,18,172,5111.2,248.72,13.91,4848.57,1505.2,3343.37,35.95,305.15,299,127,7,45,41,28.19,1.74,68.96,2177.42,1147.54,388.95,360,188.33,4262.24,-1259.97,-25.99
2024-07-16,Tuesday,False,False,Summer,Summer Vacation,Summer Iced Happy Hour,38.1,19,197,6084.25,238.08,42.61,5803.56,1800.14,4003.42,42.57,326.25,349,137,8,60,39,29.46,1.77,68.98,2177.42,1147.54,372.28,360,189.93,4247.17,-612.57,-10.56
2024-07-17,Wednesday,False,False,Summer,Summer Vacation,Summer Iced Happy Hour,39.0,20,167,5199.06,365.43,0.0,4833.63,1491.55,3342.08,38.32,217.89,305,112,6,55,23,28.94,1.83,69.14,2177.42,1147.54,391.66,360,210.16,4286.78,-1200.91,-24.84
2024-07-18,Thursday,False,False,Summer,Summer Vacation,Summer Iced Happy Hour,37.6,21,238,7562.42,515.42,0.0,7047.0,2143.79,4903.21,49.29,445.98,438,179,10,59,56,29.61,1.84,69.58,2177.42,1147.54,399.06,360,200.15,4284.17,123.77,1.76
2024-07-19,Friday,True,False,Summer,Summer Vacation,No Event,37.6,22,161,6445.11,113.91,0.0,6331.2,1867.59,4463.61,47.22,395.98,377,124,10,37,42,39.32,2.34,70.5,2177.42,1147.54,380.72,110,167.91,3983.59,36.82,0.58
2024-07-20,Saturday,True,False,Summer,Summer Vacation,No Event,38.0,23,136,5087.73,79.13,0.0,5008.6,1511.79,3496.81,36.87,281.0,294,101,1,35,31,36.83,2.16,69.82,2177.42,1147.54,385.1,110,191.63,4011.69,-832.75,-16.63
2024-07-21,Sunday,False,False,Summer,Summer Vacation,Summer Iced Happy Hour,37.6,24,167,5226.01,378.72,0.0,4847.29,1548.75,3298.54,34.65,272.18,303,123,7,44,34,29.03,1.81,68.05,2177.42,1147.54,394.93,360,188.31,4268.2,-1276.49,-26.33
2024-07-22,Monday,False,False,Summer,Summer Vacation,Summer Iced Happy Hour,38.1,25,167,4947.73,335.22,20.0,4592.51,1360.93,3231.58,33.35,214.07,286,118,5,49,28,27.5,1.71,70.37,2177.42,1147.54,375.1,360,172.28,4232.34,-1248.18,-27.18
2024-07-23,Tuesday,False,False,Summer,Summer Vacation,Summer Iced Happy Hour,36.8,26,172,5192.89,342.83,31.3,4818.76,1524.86,3293.9,33.21,241.63,302,112,7,60,32,28.02,1.76,68.36,2177.42,1147.54,387.7,360,217.46,4290.12,-1271.06,-26.38
2024-07-24,Wednesday,False,False,Summer,Summer Vacation,Summer Iced Happy Hour,37.5,27,187,5440.79,302.43,18.26,5120.1,1554.89,3565.21,35.83,270.39,322,130,8,57,36,27.38,1.72,69.63,2177.42,1147.54,373.58,360,182.71,4241.25,-982.26,-19.18
2024-07-25,Thursday,False,False,Summer,Summer Vacation,Summer Iced Happy Hour | Salary Week,35.5,0,255,9979.0,592.61,12.17,9374.22,2872.32,6501.9,61.31,636.64,566,183,8,72,66,36.76,2.22,69.36,2177.42,1147.54,358.64,360,190.99,4234.59,1569.36,16.74
2024-07-26,Friday,True,False,Summer,Summer Vacation,Salary Week,36.1,1,186,7835.52,313.89,8.7,7512.93,2296.29,5216.64,51.64,479.41,455,137,9,49,44,40.39,2.45,69.44,2177.42,1147.54,336.65,110,153.5,3925.11,760.48,10.12
2024-07-27,Saturday,True,False,Summer,Summer Vacation,Salary Week,35.4,2,183,7500.74,167.81,0.0,7332.93,2188.25,5144.68,51.96,511.78,426,138,10,45,51,40.07,2.33,70.16,2177.42,1147.54,355.5,110,185.54,3976.0,604.94,8.25
2024-07-28,Sunday,False,False,Summer,Summer Vacation,Summer Iced Happy Hour | Salary Week,37.0,3,155,4646.03,233.92,40.0,4372.11,1378.87,2993.24,26.54,286.76,276,117,6,38,38,28.21,1.78,68.46,2177.42,1147.54,400.44,360,223.22,4308.62,-1628.68,-37.25
2024-07-29,Monday,False,False,Summer,Summer Vacation,Summer Iced Happy Hour | Salary Week,35.1,4,178,5082.47,346.09,20.0,4716.38,1479.19,3237.19,34.84,234.67,298,131,9,47,31,26.5,1.67,68.64,2177.42,1147.54,364.29,360,168.53,4217.78,-1250.1,-26.51
2024-07-30,Tuesday,False,False,Summer,Summer Vacation,Summer Iced Happy Hour,34.4,5,194,6434.66,417.62,17.39,5999.65,1935.07,4064.58,44.28,291.69,372,146,11,48,32,30.93,1.92,67.75,2177.42,1147.54,353.87,360,199.13,4237.96,-509.35,-8.49
2024-07-31,Wednesday,False,False,Summer,Summer Vacation,Summer Iced Happy Hour,37.1,6,188,5993.86,393.71,33.91,5566.24,1729.23,3837.01,37.29,387.87,351,142,10,46,49,29.61,1.87,68.93,2177.42,1147.54,369.64,360,181.17,4235.77,-823.92,-14.8
2024-08-01,Thursday,False,False,Summer,Summer Vacation,Summer Iced Happy Hour,36.6,7,214,7499.93,405.67,20.0,7074.26,2141.04,4933.22,49.2,414.82,429,147,7,67,47,33.06,2.0,69.73,2177.42,1147.54,372.2,360,176.08,4233.24,235.96,3.34
2024-08-02,Friday,True,False,Summer,Summer Vacation,No Event,36.9,8,187,7825.14,186.08,10.43,7628.63,2281.46,5347.17,56.51,519.37,445,130,4,57,51,40.79,2.38,70.09,2177.42,1147.54,388.79,110,223.11,4046.86,724.43,9.5
2024-08-03,Saturday,True,False,Summer,Summer Vacation,No Event,37.8,9,172,6775.6,90.43,17.39,6667.78,1985.92,4681.86,47.64,460.67,389,130,15,42,48,38.77,2.26,70.22,2177.42,1147.54,378.87,110,215.95,4029.78,143.77,2.16
2024-08-04,Sunday,False,False,Summer,Summer Vacation,Summer Iced Happy Hour,39.4,10,178,5907.7,352.8,20.87,5534.03,1743.22,3790.81,35.33,394.31,341,134,9,44,42,31.09,1.92,68.5,2177.42,1147.54,416.14,360,177.56,4278.66,-917.49,-16.58
2024-08-05,Monday,False,False,Summer,Summer Vacation,Summer Iced Happy Hour,36.3,11,149,4488.6,204.35,19.13,4265.12,1309.49,2955.63,29.41,218.78,259,110,5,39,29,28.62,1.74,69.3,2177.42,1147.54,356.76,360,213.93,4255.65,-1548.21,-36.3
2024-08-06,Tuesday,False,False,Summer,Summer Vacation,Summer Iced Happy Hour,36.0,12,148,4646.91,292.18,15.65,4339.08,1355.58,2983.5,30.1,221.8,270,99,6,49,25,29.32,1.82,68.76,2177.42,1147.54,364.57,360,182.24,4231.77,-1500.17,-34.57
2024-08-07,Wednesday,False,False,Summer,Summer Vacation,Summer Iced Happy Hour,38.3,13,167,5197.32,334.78,0.0,4862.54,1578.19,3284.35,27.46,391.54,298,126,7,41,45,29.12,1.78,67.54,2177.42,1147.54,361.13,360,153.37,4199.46,-1334.11,-27.44
2024-08-08,Thursday,False,False,Summer,Summer Vacation,Summer Iced Happy Hour,37.9,14,210,6891.19,386.09,20.87,6484.23,2029.04,4455.19,45.95,349.22,393,140,7,70,41,30.88,1.87,68.71,2177.42,1147.54,400.51,360,204.9,4290.37,-230.35,-3.55
2024-08-09,Friday,True,False,Summer,Summer Vacation,No Event,36.4,15,157,5825.15,179.12,20.0,5626.03,1689.0,3937.03,36.54,391.95,330,102,3,55,43,35.83,2.1,69.98,2177.42,1147.54,366.35,110,184.87,3986.18,-477.64,-8.49
2024-08-10,Saturday,True,False,Summer,Summer Vacation,No Event,38.6,16,167,6866.84,178.25,0.0,6688.59,1994.56,4694.03,50.17,366.88,400,115,9,52,44,40.05,2.4,70.18,2177.42,1147.54,379.86,110,146.31,3961.13,315.85,4.72
2024-08-11,Sunday,False,False,Summer,Summer Vacation,Summer Iced Happy Hour,37.7,17,152,4421.6,181.75,10.43,4229.42,1311.65,2917.77,30.32,243.58,261,118,3,34,30,27.83,1.72,68.99,2177.42,1147.54,386.97,360,170.9,4242.83,-1598.96,-37.81
2024-08-12,Monday,False,False,Summer,Summer Vacation,Summer Iced Happy Hour,38.9,18,195,6340.76,389.15,0.0,5951.61,1842.36,4109.25,40.15,360.99,365,138,9,57,47,30.52,1.87,69.04,2177.42,1147.54,359.95,360,191.38,4236.29,-528.18,-8.87
2024-08-13,Tuesday,False,False,Summer,Summer Vacation,Summer Iced Happy Hour,37.6,19,171,5135.53,318.27,0.0,4817.26,1474.45,3342.81,36.81,248.08,302,120,4,51,30,28.17,1.77,69.39,2177.42,1147.54,366.26,360,219.36,4270.58,-1212.66,-25.17
2024-08-14,Wednesday,False,False,Summer,Summer Vacation,Summer Iced Happy Hour,37.3,20,211,7181.67,612.43,16.52,6552.72,2160.83,4391.89,40.77,473.99,411,149,16,62,50,31.06,1.95,67.02,2177.42,1147.54,359.02,360,160.64,4204.62,-327.49,-5.0
2024-08-15,Thursday,False,False,Summer,Summer Vacation,Summer Iced Happy Hour,39.1,21,181,6520.79,280.67,37.39,6202.73,1920.57,4282.16,42.27,380.07,375,128,8,53,39,34.27,2.07,69.04,2177.42,1147.54,394.86,360,175.36,4255.18,-395.36,-6.37
2024-08-16,Friday,True,False,Summer,Summer Vacation,No Event,38.8,22,194,7586.92,249.56,20.87,7316.49,2202.85,5113.64,51.86,455.28,432,140,10,54,50,37.71,2.23,69.89,2177.42,1147.54,431.5,110,200.28,4066.74,539.76,7.38
2024-08-17,Saturday,True,False,Summer,Summer Vacation,No Event,39.0,23,154,5516.46,130.43,40.0,5346.03,1608.07,3737.96,35.81,344.54,311,107,6,47,39,34.71,2.02,69.92,2177.42,1147.54,395.23,110,219.47,4049.66,-692.05,-12.95
2024-08-18,Sunday,False,False,Summer,In Session,Summer Iced Happy Hour | Back to School 15%,40.0,24,232,6930.22,456.12,13.04,6461.06,2018.31,4442.75,42.66,385.81,407,171,17,61,47,27.85,1.75,68.76,2177.42,1147.54,389.43,660,174.72,4549.11,-534.83,-8.28
2024-08-19,Monday,False,False,Summer,In Session,Summer Iced Happy Hour | Back to School 15%,40.0,25,195,5730.37,552.61,0.0,5177.76,1673.41,3504.35,35.41,292.54,326,142,16,53,36,26.55,1.67,67.68,2177.42,1147.54,441.7,660,205.72,4632.38,-1455.98,-28.12
2024-08-20,Tuesday,False,False,Summer,In Session,Summer Iced Happy Hour | Back to School 15%,37.9,26,207,5919.96,467.05,0.0,5452.91,1752.99,3699.92,37.75,326.68,339,158,12,49,37,26.34,1.64,67.85,2177.42,1147.54,359.77,660,187.6,4532.33,-1196.84,-21.95
2024-08-21,Wednesday,False,False,Summer,In Session,Summer Iced Happy Hour | Back to School 15%,37.6,27,224,7028.58,549.19,43.48,6435.91,2068.22,4367.69,45.81,339.75,402,158,15,66,41,28.73,1.79,67.86,2177.42,1147.54,376.4,660,191.14,4552.5,-570.37,-8.86
2024-08-22,Thursday,False,False,Summer,In Session,Summer Iced Happy Hour | Back to School 15%,36.1,28,335,11238.93,733.23,96.53,10409.17,3240.53,7168.64,75.57,518.5,655,231,28,104,56,31.07,1.96,68.87,2177.42,1147.54,356.17,660,194.5,4535.63,2038.94,19.59
2024-08-23,Friday,True,False,Summer,In Session,Back to School 15%,35.7,29,197,8050.39,173.95,20.87,7855.57,2364.21,5491.36,56.67,352.94,469,138,10,59,37,39.88,2.38,69.9,2177.42,1147.54,353.11,410,182.48,4270.55,811.2,10.33
2024-08-24,Saturday,True,False,Summer,In Session,Back to School 15%,35.9,30,176,6896.41,251.5,0.0,6644.91,2005.73,4639.18,57.69,313.17,404,133,22,43,32,37.76,2.3,69.82,2177.42,1147.54,366.51,410,163.52,4264.99,3.33,0.05
2024-08-25,Sunday,False,False,Summer,In Session,Summer Iced Happy Hour | Back to School 15%,35.4,31,217,6333.86,449.52,0.0,5884.34,1834.06,4050.28,42.02,331.76,381,156,12,61,38,27.12,1.76,68.83,2177.42,1147.54,357.56,660,205.3,4547.82,-871.32,-14.81
2024-08-26,Monday,False,False,Summer,In Session,Summer Iced Happy Hour | Back to School 15%,34.0,32,248,6994.68,622.3,0.0,6372.38,2018.74,4353.64,49.93,283.35,418,175,22,73,38,25.7,1.69,68.32,2177.42,1147.54,333.48,660,222.46,4540.9,-520.54,-8.17
2024-08-27,Tuesday,False,False,Summer,In Session,Summer Iced Happy Hour | Back to School 15% | Salary Week,36.1,0,256,8549.47,707.43,0.0,7842.04,2545.53,5296.51,49.95,505.77,489,190,14,66,56,30.63,1.91,67.54,2177.42,1147.54,373.32,660,164.36,4522.64,218.15,2.78
2024-08-28,Wednesday,False,False,Summer,In Session,Summer Iced Happy Hour | Back to School 15% | Salary Week,35.6,1,232,7689.53,626.66,0.0,7062.87,2292.14,4770.73,46.36,444.32,444,185,19,47,47,30.44,1.91,67.55,2177.42,1147.54,381.68,660,184.75,4551.39,-271.34,-3.84
2024-08-29,Thursday,False,False,Summer,In Session,Summer Iced Happy Hour | Back to School 15% | Salary Week,35.4,2,303,10019.78,858.13,39.13,9122.52,2917.86,6204.66,65.93,400.86,568,202,19,101,45,30.11,1.87,68.01,2177.42,1147.54,375.33,660,180.9,4541.19,1196.68,13.12
2024-08-30,Friday,True,False,Summer,In Session,Back to School 15% | Salary Week,34.2,3,239,9872.96,335.48,60.0,9477.48,2883.16,6594.32,68.7,511.17,563,185,16,54,46,39.65,2.36,69.58,2177.42,1147.54,331.47,410,192.57,4259.0,1755.45,18.52
2024-08-31,Saturday,True,False,Summer,In Session,Back to School 15% | Salary Week,34.4,4,162,6648.58,211.34,30.43,6406.81,1982.72,4424.09,51.16,240.26,382,113,7,49,27,39.55,2.36,69.05,2177.42,1147.54,323.83,410,192.19,4250.98,-118.31,-1.85
2024-09-01,Sunday,False,False,Autumn,In Session,No Event,32.1,5,255,7532.84,226.94,73.04,7232.86,2100.18,5132.68,54.54,342.65,441,183,7,72,39,28.36,1.73,70.96,2250.0,1147.54,312.62,110,175.95,3996.11,739.38,10.22
2024-09-02,Monday,False,False,Autumn,In Session,No Event,33.7,6,243,7265.87,215.65,30.43,7019.79,1981.6,5038.19,53.65,342.23,442,164,8,79,37,28.89,1.82,71.77,2250.0,1147.54,340.26,110,186.11,4033.91,608.4,8.67
2024-09-03,Tuesday,False,False,Autumn,In Session,No Event,34.7,7,219,6731.95,301.72,0.0,6430.23,1855.65,4574.58,49.87,278.55,403,158,3,61,26,29.36,1.84,71.14,2250.0,1147.54,365.33,110,160.2,4033.07,213.09,3.31
2024-09-04,Wednesday,False,False,Autumn,In Session,No Event,34.9,8,220,6579.84,180.86,0.0,6398.98,1819.43,4579.55,42.9,364.03,394,160,8,60,50,29.09,1.79,71.57,2250.0,1147.54,334.23,110,196.21,4037.98,134.64,2.1
2024-09-05,Thursday,False,False,Autumn,In Session,No Event,35.4,9,274,8734.6,194.77,0.0,8539.83,2487.63,6052.2,65.68,381.84,508,183,13,91,43,31.17,1.85,70.87,2250.0,1147.54,377.76,110,180.72,4066.02,1538.66,18.02
2024-09-06,Friday,True,False,Autumn,In Session,No Event,36.7,10,215,8266.78,207.81,0.0,8058.97,2345.95,5713.02,59.04,382.37,488,158,11,57,43,37.48,2.27,70.89,2250.0,1147.54,361.57,110,182.75,4051.86,1219.75,15.14
2024-09-07,Saturday,True,False,Autumn,In Session,No Event,36.2,11,208,7843.28,293.03,39.12,7511.13,2228.04,5283.09,54.35,370.14,463,149,10,59,40,36.11,2.23,70.34,2250.0,1147.54,384.69,110,208.24,4100.47,758.13,10.09
2024-09-08,Sunday,False,False,Autumn,In Session,No Event,35.9,12,247,7588.61,370.42,0.0,7218.19,2188.53,5029.66,53.12,337.85,444,187,9,60,34,29.22,1.8,69.68,2250.0,1147.54,363.94,110,165.71,4037.19,601.5,8.33
2024-09-09,Monday,False,False,Autumn,In Session,No Event,34.5,13,219,5935.48,167.82,0.0,5767.66,1626.62,4141.04,42.41,269.93,361,157,9,62,32,26.34,1.65,71.8,2250.0,1147.54,324.19,110,186.24,4017.97,-189.27,-3.28
2024-09-10,Tuesday,False,False,Autumn,In Session,No Event,34.7,14,251,8755.41,319.55,0.0,8435.86,2552.02,5883.84,55.96,365.94,519,173,8,78,39,33.61,2.07,69.75,2250.0,1147.54,360.02,110,190.4,4057.96,1403.98,16.64
2024-09-11,Wednesday,False,False,Autumn,In Session,No Event,35.2,15,205,6854.67,165.21,40.0,6649.46,2026.52,4622.94,46.55,369.83,400,142,13,63,34,32.44,1.95,69.52,2250.0,1147.54,375.15,110,206.86,4089.55,117.01,1.76
2024-09-12,Thursday,False,False,Autumn,In Session,No Event,35.1,16,277,9058.1,279.12,20.0,8758.98,2620.9,6138.08,65.62,347.61,533,200,19,77,41,31.62,1.92,70.08,2250.0,1147.54,378.81,110,202.27,4088.62,1636.23,18.68
2024-09-13,Friday,True,False,Autumn,In Session,No Event,34.5,17,220,7917.3,227.81,0.0,7689.49,2260.87,5428.62,62.35,372.13,455,148,9,72,44,34.95,2.07,70.6,2250.0,1147.54,357.06,110,203.34,4067.94,926.2,12.05
2024-09-14,Saturday,True,False,Autumn,In Session,No Event,34.1,18,231,8951.28,293.9,25.22,8632.16,2646.35,5985.81,62.91,458.16,525,176,12,55,54,37.37,2.27,69.34,2250.0,1147.54,368.99,110,180.88,4057.41,1407.33,16.3
2024-09-15,Sunday,False,False,Autumn,In Session,No Event,34.8,19,256,7739.04,199.12,19.13,7520.79,2248.91,5271.88,57.15,372.66,450,171,10,85,39,29.38,1.76,70.1,2250.0,1147.54,355.68,110,179.46,4042.68,799.39,10.63
2024-09-16,Monday,False,False,Autumn,In Session,No Event,32.0,20,210,6114.6,179.13,8.7,5926.77,1713.89,4212.88,45.28,200.09,357,150,10,60,23,28.22,1.7,71.08,2250.0,1147.54,301.91,110,169.32,3978.77,-11.26,-0.19
2024-09-17,Tuesday,False,False,Autumn,In Session,No Event,34.1,21,248,8581.56,282.67,0.0,8298.89,2455.85,5843.04,55.07,283.52,500,183,13,65,34,33.46,2.02,70.41,2250.0,1147.54,325.03,110,219.59,4052.16,1452.29,17.5
2024-09-18,Wednesday,False,False,Autumn,In Session,No Event,34.9,22,249,7824.16,193.03,0.0,7631.13,2270.03,5361.1,64.02,276.82,461,186,14,63,36,30.65,1.85,70.25,2250.0,1147.54,340.57,110,165.72,4013.83,1006.43,13.19
2024-09-19,Thursday,False,False,Autumn,In Session,No Event,34.7,23,311,9581.58,333.9,20.0,9227.68,2707.65,6520.03,75.46,339.76,555,211,6,100,39,29.67,1.78,70.66,2250.0,1147.54,388.91,110,189.56,4086.01,2018.8,21.88
2024-09-20,Friday,True,False,Autumn,In Session,No Event,34.3,24,218,8100.86,282.61,0.0,7818.25,2358.22,5460.03,56.83,418.39,468,155,8,63,51,35.86,2.15,69.84,2250.0,1147.54,352.78,110,215.03,4075.35,909.46,11.63
2024-09-21,Saturday,True,False,Autumn,In Session,National Day Offer,34.4,25,239,8387.75,1498.82,43.13,6845.8,2439.57,4406.23,54.44,297.23,476,164,16,75,41,28.64,1.99,64.36,2600.0,1147.54,347.02,910,206.24,5210.8,-1156.24,-16.89
2024-09-22,Sunday,False,False,Autumn,In Session,National Day Eve | National Day Offer,36.0,26,237,8963.37,1556.72,26.43,7380.22,2541.06,4839.16,40.7,339.9,525,174,9,63,41,31.14,2.22,65.57,2600.0,1147.54,367.25,910,163.55,5188.34,-729.78,-9.89
2024-09-23,Monday,False,True,Autumn,In Session,Saudi National Day | National Day Offer,35.3,27,236,8960.72,1686.79,105.92,7168.01,2614.47,4553.54,56.72,326.34,523,166,16,70,46,30.37,2.22,63.53,2600.0,1147.54,359.34,910,181.31,5198.19,-1027.71,-14.34
2024-09-24,Tuesday,False,False,Autumn,In Session,National Day Offer,33.2,28,270,9504.21,1729.53,21.74,7752.94,2799.43,4953.51,52.18,284.87,555,187,6,83,34,28.71,2.06,63.89,2600.0,1147.54,342.49,910,186.23,5186.26,-569.8,-7.35
2024-09-25,Wednesday,False,False,Autumn,In Session,No Event,30.5,29,257,7920.72,375.64,0.0,7545.08,2374.25,5170.83,63.15,202.39,444,178,5,79,25,29.36,1.73,68.53,2250.0,1147.54,310.77,110,152.52,3970.83,934.46,12.39
2024-09-26,Thursday,False,False,Autumn,In Session,Salary Week,32.0,0,275,9670.26,239.12,6.96,9424.18,2793.99,6630.19,69.57,418.05,545,197,19,78,36,34.27,1.98,70.35,2250.0,1147.54,339.86,110,203.41,4050.81,2091.76,22.2
2024-09-27,Friday,True,False,Autumn,In Session,Salary Week,32.6,1,249,10460.77,343.46,0.0,10117.31,3057.22,7060.09,77.31,480.76,604,182,13,67,44,40.63,2.43,69.78,2250.0,1147.54,302.41,110,189.51,3999.46,2502.56,24.74
2024-09-28,Saturday,True,False,Autumn,In Session,Salary Week,31.2,2,236,9998.93,291.3,32.18,9675.45,2880.57,6794.88,73.46,430.28,572,164,13,72,43,41.0,2.42,70.23,2250.0,1147.54,317.29,110,195.86,4020.69,2270.45,23.47
2024-09-29,Sunday,False,False,Autumn,In Session,Salary Week,32.2,3,245,7263.34,283.46,18.26,6961.62,2153.85,4807.77,58.61,199.7,419,177,8,68,21,28.41,1.71,69.06,2250.0,1147.54,349.89,110,202.58,4060.01,489.45,7.03
2024-09-30,Monday,False,False,Autumn,In Session,Salary Week,32.3,4,216,6673.83,165.2,17.4,6491.23,1996.35,4494.88,45.8,363.69,400,155,6,61,40,30.05,1.85,69.25,2250.0,1147.54,295.76,110,206.54,4009.84,75.55,1.16
2024-10-01,Tuesday,False,False,Autumn,In Session,No Event,32.5,5,221,6573.69,273.02,33.04,6267.63,1874.87,4392.76,47.79,283.49,392,163,8,58,34,28.36,1.77,70.09,2177.42,1147.54,326.96,110,197.29,3959.21,102.27,1.63
2024-10-02,Wednesday,False,False,Autumn,In Session,No Event,31.1,6,224,7555.58,225.21,0.0,7330.37,2174.66,5155.71,51.75,425.7,428,163,8,61,44,32.72,1.91,70.33,2177.42,1147.54,297.56,110,200.9,3933.42,744.84,10.16
2024-10-03,Thursday,False,False,Autumn,In Session,No Event,31.5,7,294,10218.05,202.59,0.0,10015.46,2942.11,7073.35,78.86,417.46,579,204,9,90,39,34.07,1.97,70.62,2177.42,1147.54,300.06,110,161.67,3896.69,2680.34,26.76
2024-10-04,Friday,True,False,Autumn,In Session,No Event,30.0,8,239,9158.99,231.28,73.04,8854.67,2643.43,6211.24,57.36,514.99,518,172,11,67,56,37.05,2.17,70.15,2177.42,1147.54,302.62,110,188.92,3926.5,1712.39,19.34
2024-10-05,Saturday,True,False,Autumn,In Session,No Event,29.5,9,233,8768.59,246.95,21.74,8499.9,2461.87,6038.03,65.99,306.86,502,170,11,63,38,36.48,2.15,71.04,2177.42,1147.54,276.54,110,195.36,3906.86,1758.32,20.69
2024-10-06,Sunday,False,False,Autumn,In Session,No Event,27.6,10,248,7568.54,335.65,20.0,7212.89,2219.75,4993.14,55.64,345.55,431,174,11,74,38,29.08,1.74,69.23,2177.42,1147.54,265.98,110,179.8,3880.74,711.21,9.86
2024-10-07,Monday,False,False,Autumn,In Session,No Event,30.3,11,227,6418.11,284.34,0.0,6133.77,1822.68,4311.09,47.92,258.48,365,168,7,59,32,27.02,1.61,70.28,2177.42,1147.54,322.35,110,189.34,3946.65,58.04,0.95
2024-10-08,Tuesday,False,False,Autumn,In Session,No Event,30.4,12,173,5202.52,163.45,43.48,4995.59,1447.25,3548.34,35.17,282.41,301,123,14,50,32,28.88,1.74,71.03,2177.42,1147.54,339.8,110,213.2,3987.96,-757.2,-15.16
2024-10-09,Wednesday,False,False,Autumn,In Session,No Event,30.2,13,215,8091.97,487.28,36.52,7568.17,2296.35,5271.82,45.44,341.46,468,159,6,56,37,35.2,2.18,69.66,2177.42,1147.54,300.94,110,185.34,3921.24,963.68,12.73
2024-10-10,Thursday,False,False,Autumn,In Session,No Event,29.6,14,302,9735.53,123.46,20.87,9591.2,2806.94,6784.26,75.91,425.66,557,212,13,90,47,31.76,1.84,70.73,2177.42,1147.54,313.11,110,169.43,3917.5,2365.19,24.66
2024-10-11,Friday,True,False,Autumn,In Session,No Event,29.7,15,215,8221.55,213.9,20.0,7987.65,2375.72,5611.93,56.03,441.7,461,162,7,53,50,37.15,2.14,70.26,2177.42,1147.54,284.45,110,203.98,3923.39,1190.81,14.91
2024-10-12,Saturday,True,False,Autumn,In Session,No Event,30.9,16,194,7492.04,339.11,69.56,7083.37,2139.91,4943.46,47.59,429.28,441,149,8,45,42,36.51,2.27,69.79,2177.42,1147.54,302.4,110,179.26,3916.62,549.97,7.76
2024-10-13,Sunday,False,False,Autumn,In Session,No Event,30.6,17,267,7916.33,328.67,20.0,7567.66,2291.84,5275.82,59.69,345.11,454,190,5,77,35,28.34,1.7,69.72,2177.42,1147.54,300.01,110,194.44,3929.41,941.61,12.44
2024-10-14,Monday,False,False,Autumn,In Session,No Event,31.9,18,203,6079.83,190.42,19.13,5870.28,1742.4,4127.88,41.13,266.87,347,140,7,63,28,28.92,1.71,70.32,2177.42,1147.54,314.88,110,179.69,3929.53,-109.65,-1.87
2024-10-15,Tuesday,False,False,Autumn,In Session,No Event,28.5,19,268,7948.5,242.59,20.0,7685.91,2245.59,5440.32,59.44,304.18,456,143,15,125,34,28.68,1.7,70.78,2177.42,1147.54,302.9,110,1405.34,5143.2,-66.5,-0.87
2024-10-16,Wednesday,False,False,Autumn,In Session,No Event,28.5,20,266,7821.54,393.89,20.87,7406.78,2267.13,5139.65,55.96,262.28,455,198,14,68,34,27.85,1.71,69.39,2177.42,1147.54,271.66,110,178.31,3884.93,936.48,12.64
2024-10-17,Thursday,False,False,Autumn,In Session,No Event,28.0,21,315,9320.67,227.82,20.0,9072.85,2649.5,6423.35,76.2,267.04,549,232,9,83,40,28.8,1.74,70.8,2177.42,1147.54,297.26,110,197.53,3929.75,2150.36,23.7
2024-10-18,Friday,True,False,Autumn,In Session,No Event,28.6,22,247,8818.95,254.78,20.0,8544.17,2507.6,6036.57,61.34,417.06,504,166,14,81,52,34.59,2.04,70.65,2177.42,1147.54,280.97,110,172.48,3888.41,1669.76,19.54
2024-10-19,Saturday,True,False,Autumn,In Session,No Event,27.2,23,230,8055.59,280.0,0.0,7775.59,2305.86,5469.73,55.65,378.76,465,174,14,56,38,33.81,2.02,70.34,2177.42,1147.54,256.14,110,193.33,3884.43,1150.89,14.8
2024-10-20,Sunday,False,False,Autumn,In Session,No Event,25.1,24,205,6411.18,177.39,0.0,6233.79,1865.15,4368.64,46.45,264.04,361,139,4,66,25,30.41,1.76,70.08,2177.42,1147.54,247.48,110,201.47,3883.91,174.24,2.8
2024-10-21,Monday,False,False,Autumn,In Session,No Event,24.1,25,232,7363.35,128.69,0.0,7234.66,2174.9,5059.76,55.37,299.42,428,165,11,67,33,31.18,1.84,69.94,2177.42,1147.54,232.13,110,183.55,3850.64,854.33,11.81
2024-10-22,Tuesday,False,False,Autumn,In Session,No Event,23.2,26,249,7253.76,275.63,49.56,6928.57,2065.44,4863.13,55.92,212.32,422,157,3,92,26,27.83,1.69,70.19,2177.42,1147.54,224.73,110,187.05,3846.74,748.15,10.8
2024-10-23,Wednesday,False,False,Autumn,In Session,No Event,24.0,27,244,7299.85,280.86,7.83,7011.16,2066.29,4944.87,53.42,308.58,426,169,10,75,36,28.73,1.75,70.53,2177.42,1147.54,217.14,110,172.79,3824.89,757.98,10.81
2024-10-24,Thursday,False,False,Autumn,In Session,No Event,22.8,28,290,9584.2,193.9,59.13,9331.17,2785.13,6546.04,73.95,344.59,551,207,7,83,40,32.18,1.9,70.15,2177.42,1147.54,228.05,110,231.45,3894.46,2233.04,23.93
2024-10-25,Friday,True,False,Autumn,In Session,No Event,21.6,29,282,10349.46,273.9,17.39,10058.17,2993.26,7064.91,80.71,421.87,599,194,11,88,48,35.67,2.12,70.24,2177.42,1147.54,191.57,110,182.66,3809.19,2753.14,27.37
2024-10-26,Saturday,True,False,Autumn,In Session,No Event,23.1,30,209,7778.05,367.81,80.0,7330.24,2229.14,5101.1,57.22,287.35,448,154,8,55,31,35.07,2.14,69.59,2177.42,1147.54,230.47,110,226.64,3892.07,864.46,11.79
2024-10-27,Sunday,False,False,Autumn,In Session,Salary Week,23.3,0,241,7774.6,306.93,0.0,7467.67,2229.9,5237.77,60.71,234.75,456,167,13,74,25,30.99,1.89,70.14,2177.42,1147.54,214.98,110,178.64,3828.58,1113.73,14.91
2024-10-28,Monday,False,False,Autumn,In Session,Salary Week,22.4,1,233,7331.07,206.94,25.22,7098.91,2095.35,5003.56,58.02,258.82,426,164,8,69,28,30.47,1.83,70.48,2177.42,1147.54,225.31,110,201.47,3861.74,824.98,11.62
2024-10-29,Tuesday,False,False,Autumn,In Session,Salary Week,19.8,2,266,8420.68,147.83,9.57,8263.28,2390.7,5872.58,63.88,320.29,489,196,9,70,33,31.06,1.84,71.07,2177.42,1147.54,214.71,110,197.85,3847.52,1640.89,19.86
2024-10-30,Wednesday,False,False,Autumn,In Session,Salary Week,22.2,3,264,7817.19,191.3,13.91,7611.98,2267.25,5344.73,64.3,343.43,462,191,11,73,38,28.83,1.75,70.21,2177.42,1147.54,225.78,110,167.2,3827.94,1109.06,14.57
2024-10-31,Thursday,False,False,Autumn,In Session,Salary Week,23.6,4,329,10801.54,277.38,48.69,10475.47,3097.51,7377.96,90.96,264.04,621,225,11,104,34,31.84,1.89,70.43,2177.42,1147.54,254.27,110,172.63,3861.86,3161.1,30.18
2024-11-01,Friday,True,False,Autumn,In Session,No Event,22.7,5,269,11722.53,359.12,38.26,11325.15,3419.22,7905.93,95.51,343.25,666,186,11,83,33,42.1,2.48,69.81,2250.0,1147.54,220.97,110,221.41,3949.92,3517.25,31.06
2024-11-02,Saturday,True,False,Autumn,In Session,No Event,22.5,6,245,8763.33,280.85,14.78,8467.7,2499.02,5968.68,64.27,372.57,520,178,10,67,41,34.56,2.12,70.49,2250.0,1147.54,232.62,110,181.07,3921.23,1610.61,19.02
2024-11-03,Sunday,False,False,Autumn,Exams,No Event,23.6,7,286,8405.02,375.64,17.39,8011.99,2425.91,5586.08,69.16,190.37,485,200,11,86,25,28.01,1.7,69.72,2250.0,1147.54,228.47,110,173.27,3909.28,1417.27,17.69
2024-11-04,Monday,False,False,Autumn,Exams,No Event,23.8,8,256,7524.99,289.55,9.57,7225.87,2123.51,5102.36,56.78,258.83,443,189,10,67,29,28.23,1.73,70.61,2250.0,1147.54,231.13,110,170.79,3909.46,877.29,12.14
2024-11-05,Tuesday,False,False,Autumn,Exams,No Event,23.5,9,277,8417.17,280.86,0.0,8136.31,2413.76,5722.55,67.96,241.83,481,189,6,88,32,29.37,1.74,70.33,2250.0,1147.54,237.0,110,166.02,3910.56,1502.2,18.46
2024-11-06,Wednesday,False,False,Autumn,Exams,No Event,22.7,10,272,10380.71,518.59,2.61,9859.51,3040.97,6818.54,62.47,428.52,578,181,10,91,41,36.25,2.12,69.16,2250.0,1147.54,242.25,110,208.94,3958.73,2368.82,24.03
2024-11-07,Thursday,False,False,Autumn,Exams,No Event,22.3,11,327,10483.28,388.67,26.09,10068.52,3016.55,7051.97,79.0,460.69,613,238,9,89,57,30.79,1.87,70.04,2250.0,1147.54,232.45,110,192.7,3932.69,2579.59,25.62
2024-11-08,Friday,True,False,Autumn,Exams,No Event,23.7,12,264,9590.25,354.78,20.0,9215.47,2719.18,6496.29,66.69,437.91,557,195,13,69,45,34.91,2.11,70.49,2250.0,1147.54,229.73,110,193.7,3930.97,2060.72,22.36
2024-11-09,Saturday,True,False,Autumn,Exams,No Event,23.3,13,250,9938.11,137.38,0.0,9800.73,2864.47,6936.26,81.5,313.98,581,162,9,88,26,39.2,2.32,70.77,2250.0,1147.54,228.56,110,199.08,3935.18,2605.6,26.59
2024-11-10,Sunday,False,False,Autumn,Exams,No Event,22.8,14,274,8098.01,296.5,11.3,7790.21,2260.49,5529.72,63.78,307.82,476,201,13,73,40,28.43,1.74,70.98,2250.0,1147.54,219.99,110,178.32,3905.85,1252.27,16.07
2024-11-11,Monday,False,False,Autumn,Exams,No Event,21.7,15,266,8015.43,418.24,0.0,7597.19,2410.7,5186.49,59.01,291.94,457,190,10,76,30,28.56,1.72,68.27,2250.0,1147.54,201.97,110,207.52,3917.03,918.51,12.09
2024-11-12,Tuesday,False,False,Autumn,Exams,No Event,22.6,16,265,7577.17,276.49,16.52,7284.16,2203.91,5080.25,54.2,296.18,436,184,8,81,34,27.49,1.65,69.74,2250.0,1147.54,222.91,110,161.82,3892.27,837.6,11.5
2024-11-13,Wednesday,False,False,Autumn,Exams,No Event,21.6,17,229,6739.79,149.56,20.0,6570.23,1944.69,4625.54,49.09,311.65,397,161,10,68,31,28.69,1.73,70.4,2250.0,1147.54,216.66,110,181.27,3905.47,359.33,5.47
2024-11-14,Thursday,False,False,Autumn,Exams,No Event,22.5,18,291,9611.06,199.99,37.39,9373.68,2701.48,6672.2,77.85,304.38,554,188,6,103,33,32.21,1.9,71.18,2250.0,1147.54,202.22,110,204.55,3914.31,2375.66,25.34
2024-11-15,Friday,True,False,Autumn,Term Break,No Event,20.7,19,270,11625.19,277.38,9.57,11338.24,3526.31,7811.93,90.9,434.5,662,185,9,85,42,41.99,2.45,68.9,2250.0,1147.54,213.92,110,197.6,3919.06,3367.47,29.7
2024-11-16,Saturday,True,False,Autumn,Term Break,No Event,21.7,20,247,9145.03,166.93,12.17,8965.93,2618.09,6347.84,77.32,279.9,534,164,18,83,34,36.3,2.16,70.8,2250.0,1147.54,194.21,110,187.28,3889.03,2101.59,23.44
2024-11-17,Sunday,False,False,Autumn,Term Break,No Event,22.4,21,227,8071.1,350.59,0.0,7720.51,2379.98,5340.53,57.64,194.96,466,164,14,63,24,34.01,2.05,69.17,2250.0,1147.54,210.0,110,180.63,3898.17,1189.76,15.41
2024-11-18,Monday,False,False,Autumn,Term Break,No Event,23.7,22,242,8105.04,386.0,49.57,7669.47,2289.43,5380.04,50.25,308.04,481,169,10,73,31,31.69,1.99,70.15,2250.0,1147.54,270.23,110,183.82,3961.59,1060.16,13.82
2024-11-19,Tuesday,False,False,Autumn,Term Break,No Event,25.0,23,206,7334.59,390.86,54.78,6888.95,2115.26,4773.69,42.61,364.07,432,158,14,48,38,33.44,2.1,69.29,2250.0,1147.54,253.55,110,178.34,3939.43,427.58,6.21
2024-11-20,Wednesday,False,False,Autumn,Term Break,No Event,22.2,24,220,7600.65,209.9,0.0,7390.75,2130.26,5260.49,55.97,288.15,452,148,8,72,32,33.59,2.05,71.18,2250.0,1147.54,192.54,110,199.63,3899.71,1016.66,13.76
2024-11-21,Thursday,False,False,Autumn,Term Break,No Event,20.9,25,276,9160.72,344.34,8.7,8807.68,2629.94,6177.74,75.15,334.65,545,191,11,85,36,31.91,1.97,70.14,2250.0,1147.54,215.39,110,187.12,3910.05,1857.89,21.09
2024-11-22,Friday,True,False,Autumn,Term Break,No Event,19.3,26,290,10577.13,438.22,0.0,10138.91,3045.76,7093.15,83.3,297.73,613,200,9,90,32,34.96,2.11,69.96,2250.0,1147.54,206.72,110,198.22,3912.48,2799.64,27.61
2024-11-23,Saturday,True,False,Autumn,Term Break,No Event,19.8,27,219,8158.14,280.85,44.35,7832.94,2412.72,5420.22,58.76,357.04,471,156,8,63,33,35.77,2.15,69.2,2250.0,1147.54,203.21,110,200.02,3910.77,1093.65,13.96
2024-11-24,Sunday,False,False,Autumn,In Session,No Event,18.6,28,240,6705.06,343.46,54.78,6306.82,1903.56,4403.26,45.31,255.99,390,167,11,73,26,26.28,1.62,69.82,2250.0,1147.54,201.68,110,176.54,3885.76,216.2,3.43
2024-11-25,Monday,False,False,Autumn,In Session,No Event,18.0,29,242,7525.18,228.69,20.0,7276.49,2224.37,5052.12,62.39,259.44,425,178,14,64,31,30.07,1.76,69.43,2250.0,1147.54,223.41,110,218.54,3949.49,780.8,10.73
2024-11-26,Tuesday,False,False,Autumn,In Session,No Event,17.6,30,242,7881.54,336.09,20.87,7524.58,2382.5,5142.08,49.75,213.48,454,177,10,65,26,31.09,1.88,68.34,2250.0,1147.54,209.3,110,177.63,3894.47,984.38,13.08
2024-11-27,Wednesday,False,False,Autumn,In Session,White Friday | Salary Week,17.9,0,394,14527.67,3046.74,27.13,11453.8,4259.19,7194.61,78.41,395.89,825,289,33,105,53,29.07,2.09,62.81,2600.0,1147.54,192.96,1310,163.18,5413.68,1306.63,11.41
2024-11-28,Thursday,False,False,Autumn,In Session,White Friday | Salary Week,19.6,1,446,17123.19,3794.84,34.78,13293.57,4949.63,8343.94,113.0,409.86,986,307,41,139,47,29.81,2.21,62.77,2600.0,1147.54,201.54,1310,172.73,5431.81,2389.27,17.97
2024-11-29,Friday,True,False,Autumn,In Session,White Friday | Salary Week,19.7,2,345,13677.31,3079.84,28.52,10568.95,3921.13,6647.82,85.37,429.47,785,248,42,97,57,30.63,2.28,62.9,2600.0,1147.54,208.28,1310,209.04,5474.86,658.12,6.23
2024-11-30,Saturday,True,False,Autumn,In Session,White Friday | Salary Week,19.5,3,335,13344.07,2897.08,16.0,10430.99,3812.43,6618.56,78.63,511.52,777,241,37,94,60,31.14,2.32,63.45,2600.0,1147.54,231.73,1310,203.89,5493.16,535.25,5.13
2024-12-01,Sunday,False,False,Winter,In Session,White Friday | Salary Week,18.9,4,351,10972.72,2413.28,40.34,8519.1,3191.65,5327.45,65.21,373.86,633,256,44,95,45,24.27,1.8,62.54,2527.42,1147.54,210.9,1310,178.13,5373.99,-485.61,-5.7
2024-12-02,Monday,False,False,Winter,In Session,White Friday,20.4,5,358,11101.4,2601.07,44.52,8455.81,3174.03,5281.78,73.11,219.44,655,253,34,105,33,23.62,1.83,62.46,2527.42,1147.54,227.13,1310,215.23,5427.32,-438.09,-5.18
2024-12-03,Tuesday,False,False,Winter,In Session,Post-White Friday,20.7,6,288,8913.72,295.64,19.13,8598.95,2592.31,6006.64,73.5,301.33,516,203,9,85,36,29.86,1.79,69.85,2177.42,1147.54,192.67,110,187.01,3814.64,1817.17,21.13
2024-12-04,Wednesday,False,False,Winter,In Session,Post-White Friday,22.5,7,311,9631.95,274.77,49.56,9307.62,2782.66,6524.96,73.55,437.29,563,228,11,83,48,29.93,1.81,70.1,2177.42,1147.54,192.26,110,200.03,3827.25,2186.87,23.5
2024-12-05,Thursday,False,False,Winter,In Session,Post-White Friday,21.6,8,317,10413.82,218.25,0.0,10195.57,2930.19,7265.38,89.5,344.03,595,210,14,107,33,32.16,1.88,71.26,2177.42,1147.54,206.44,110,171.81,3813.21,3018.64,29.61
2024-12-06,Friday,True,False,Winter,In Session,Post-White Friday,20.5,9,272,10214.61,316.52,0.0,9898.09,2990.76,6907.33,75.95,334.04,578,197,12,75,42,36.39,2.12,69.78,2177.42,1147.54,204.76,110,215.93,3855.65,2641.69,26.69
2024-12-07,Saturday,True,False,Winter,In Session,Post-White Friday,19.4,10,245,9129.47,253.89,86.09,8789.49,2694.89,6094.6,70.62,308.03,522,181,11,64,39,35.88,2.13,69.34,2177.42,1147.54,226.02,110,223.55,3884.53,1831.42,20.84
2024-12-08,Sunday,False,False,Winter,In Session,Post-White Friday,19.6,11,249,6849.39,304.32,0.0,6545.07,1998.16,4546.91,56.45,206.24,398,172,8,77,26,26.29,1.6,69.47,2177.42,1147.54,199.76,110,214.47,3849.19,435.03,6.65
2024-12-09,Monday,False,False,Winter,In Session,Post-White Friday,19.9,12,262,7735.45,379.98,52.17,7303.3,2283.2,5020.1,61.75,266.48,454,202,11,60,32,27.88,1.73,68.74,2177.42,1147.54,212.87,110,208.96,3856.79,835.08,11.43
2024-12-10,Tuesday,False,False,Winter,In Session,No Event,19.5,13,264,8965.07,442.07,40.86,8482.14,2664.33,5817.81,58.55,338.64,527,197,14,67,34,32.13,2.0,68.59,2177.42,1147.54,197.65,110,173.96,3806.57,1614.05,19.03
2024-12-11,Wednesday,False,False,Winter,In Session,No Event,17.2,14,318,9514.53,366.92,53.04,9094.57,2784.66,6309.91,75.0,330.57,554,230,11,88,38,28.6,1.74,69.38,2177.42,1147.54,223.3,110,197.36,3855.62,2048.72,22.53
2024-12-12,Thursday,False,False,Winter,In Session,No Event,20.1,15,404,12526.63,307.8,19.13,12199.7,3458.75,8740.95,105.99,259.05,743,276,16,128,30,30.2,1.84,71.65,2177.42,1147.54,203.42,110,207.27,3845.65,4530.26,37.13
2024-12-13,Friday,True,False,Winter,In Session,No Event,16.6,16,284,10642.51,283.47,73.92,10285.12,3090.68,7194.44,81.01,265.58,608,181,9,103,32,36.22,2.14,69.95,2177.42,1147.54,198.99,110,187.52,3821.47,3026.38,29.42
2024-12-14,Saturday,True,False,Winter,In Session,No Event,16.5,17,276,10818.12,329.54,42.61,10445.97,3281.8,7164.17,82.74,463.22,615,207,12,69,43,37.85,2.23,68.58,2177.42,1147.54,237.11,110,222.05,3894.12,2724.09,26.08
2024-12-15,Sunday,False,False,Winter,In Session,No Event,13.7,18,234,6988.6,244.32,20.87,6723.41,2090.43,4632.98,46.41,377.88,408,160,9,74,42,28.73,1.74,68.91,2177.42,1147.54,168.16,110,160.12,3763.24,445.45,6.63
2024-12-16,Monday,False,False,Winter,In Session,No Event,16.6,19,277,8504.14,162.6,49.56,8291.98,2444.22,5847.76,58.7,369.99,500,194,7,83,43,29.93,1.81,70.52,2177.42,1147.54,224.48,110,188.27,3847.71,1571.36,18.95
2024-12-17,Tuesday,False,False,Winter,In Session,No Event,17.9,20,272,9096.37,431.91,26.08,8638.38,2684.89,5953.49,61.42,264.04,521,181,16,91,29,31.76,1.92,68.92,2177.42,1147.54,218.79,110,199.01,3852.76,1775.27,20.55
2024-12-18,Wednesday,False,False,Winter,In Session,No Event,20.8,21,321,9660.76,332.15,21.74,9306.87,2873.65,6433.22,75.92,288.87,551,218,10,103,29,28.99,1.72,69.12,2177.42,1147.54,210.31,110,212.42,3857.69,2210.74,23.75
2024-12-19,Thursday,False,False,Winter,In Session,No Event,19.5,22,347,10978.07,280.86,62.61,10634.6,3169.36,7465.24,85.75,323.0,629,245,17,102,42,30.65,1.81,70.2,2177.42,1147.54,214.35,110,244.96,3894.27,3162.22,29.74
2024-12-20,Friday,True,False,Winter,In Session,No Event,19.4,23,301,11040.8,286.93,0.0,10753.87,3155.48,7598.39,83.17,408.66,641,213,15,88,46,35.73,2.13,70.66,2177.42,1147.54,230.96,110,188.67,3854.59,3251.97,30.24
2024-12-21,Saturday,True,False,Winter,In Session,No Event,18.6,24,289,9812.88,243.46,43.48,9525.94,2823.67,6702.27,71.57,480.64,563,205,16,84,56,32.96,1.95,70.36,2177.42,1147.54,220.25,110,197.63,3852.84,2297.22,24.12
2024-12-22,Sunday,False,False,Winter,In Session,No Event,17.1,25,240,7332.0,293.9,19.13,7018.97,2162.58,4856.39,52.75,282.18,431,168,8,72,27,29.25,1.8,69.19,2177.42,1147.54,194.25,110,205.51,3834.72,686.74,9.78
2024-12-23,Monday,False,False,Winter,In Session,No Event,18.8,26,250,7740.79,268.7,32.18,7439.91,2265.59,5174.32,60.45,197.86,437,185,8,65,27,29.76,1.75,69.55,2177.42,1147.54,211.91,110,173.21,3820.08,1095.93,14.73
2024-12-24,Tuesday,False,False,Winter,In Session,No Event,19.3,27,284,8125.85,312.17,27.83,7785.85,2350.56,5435.29,63.59,228.81,469,199,6,85,30,27.41,1.65,69.81,2177.42,1147.54,237.23,110,170.83,3843.02,1299.87,16.7
2024-12-25,Wednesday,False,False,Winter,In Session,No Event,18.6,28,269,7890.21,362.59,12.17,7515.45,2278.76,5236.69,52.55,352.19,470,192,3,77,37,27.94,1.75,69.68,2177.42,1147.54,183.13,110,228.3,3846.39,985.56,13.11
2024-12-26,Thursday,False,False,Winter,In Session,Salary Week,15.6,0,346,11522.46,353.9,17.39,11151.17,3346.18,7804.99,94.26,413.09,675,252,16,94,48,32.23,1.95,69.99,2177.42,1147.54,232.08,110,178.52,3845.56,3452.08,30.96
2024-12-27,Friday,True,False,Winter,In Session,Salary Week,14.8,1,331,13645.89,454.74,0.0,13191.15,3925.94,9265.21,101.66,532.86,781,237,13,94,50,39.85,2.36,70.24,2177.42,1147.54,193.69,110,195.11,3823.76,4806.93,36.44
2024-12-28,Saturday,True,False,Winter,In Session,Salary Week,13.2,2,257,9815.6,226.08,0.0,9589.52,2845.45,6744.07,75.38,348.58,579,183,9,74,36,37.31,2.25,70.33,2177.42,1147.54,214.59,110,207.67,3857.22,2462.89,25.68
2024-12-29,Sunday,False,False,Winter,In Session,Salary Week,11.2,3,286,8114.57,375.62,38.26,7700.69,2294.95,5405.74,63.53,209.89,482,202,10,84,25,26.93,1.69,70.2,2177.42,1147.54,210.79,110,191.73,3837.48,1294.84,16.81
2024-12-30,Monday,False,False,Winter,In Session,Salary Week,12.0,4,236,7288.52,199.11,39.13,7050.28,2161.77,4888.51,54.56,241.05,424,167,10,69,27,29.87,1.8,69.34,2177.42,1147.54,235.76,110,173.78,3844.5,748.4,10.62
2024-12-31,Tuesday,False,False,Winter,In Session,No Event,13.1,5,273,8476.38,258.24,46.95,8171.19,2474.01,5697.18,66.03,358.56,497,195,12,78,36,29.93,1.82,69.72,2177.42,1147.54,205.53,110,178.42,3818.91,1453.68,17.79
2025-01-01,Wednesday,False,False,Winter,In Session,No Event,13.2,6,263,8080.71,282.59,41.74,7756.38,2346.32,5410.06,59.11,304.9,474,191,11,72,40,29.49,1.8,69.75,2322.58,1246.58,233.26,110,186.18,4098.6,947.45,12.22
2025-01-02,Thursday,False,False,Winter,In Session,No Event,14.4,7,327,9958.17,463.44,0.0,9494.73,2941.34,6553.39,81.16,238.11,573,236,13,91,29,29.04,1.75,69.02,2322.58,1246.58,221.78,110,202.89,4103.83,2130.29,22.44
2025-01-03,Friday,True,False,Winter,In Session,No Event,15.7,8,250,9786.92,341.75,0.0,9445.17,2776.52,6668.65,76.64,283.19,554,177,17,73,29,37.78,2.22,70.6,2322.58,1246.58,229.67,110,171.14,4079.97,2228.85,23.6
2025-01-04,Saturday,True,False,Winter,In Session,No Event,14.9,9,237,8659.06,257.37,40.0,8361.69,2541.69,5820.0,60.62,384.06,496,171,12,66,43,35.28,2.09,69.6,2322.58,1246.58,209.18,110,197.87,4086.21,1289.11,15.42
2025-01-05,Sunday,False,False,Winter,In Session,No Event,14.9,10,281,7993.69,386.07,0.0,7607.62,2362.64,5244.98,62.37,237.9,449,214,8,67,29,27.07,1.6,68.94,2322.58,1246.58,218.6,110,164.79,4062.55,882.16,11.6
2025-01-06,Monday,False,False,Winter,In Session,Monday Boost 15%,11.3,11,248,7415.43,1092.26,28.43,6294.74,2185.11,4109.63,46.83,299.53,434,176,11,72,43,25.38,1.75,65.29,2322.58,1246.58,216.9,410,214.19,4410.25,-646.98,-10.28
2025-01-07,Tuesday,False,False,Winter,In Session,No Event,14.9,12,277,8740.73,287.8,40.0,8412.93,2563.55,5849.38,67.36,290.1,505,217,8,60,36,30.37,1.82,69.53,2322.58,1246.58,201.65,110,198.45,4079.26,1412.66,16.79
2025-01-08,Wednesday,False,False,Winter,In Session,No Event,14.5,13,273,9403.37,385.56,20.0,8997.81,2759.91,6237.9,66.26,173.03,556,194,7,79,21,32.96,2.04,69.33,2322.58,1246.58,209.05,110,192.92,4081.13,1917.48,21.31
2025-01-09,Thursday,False,False,Winter,In Session,No Event,13.2,14,357,11494.53,206.09,46.08,11242.36,3307.03,7935.33,89.18,333.09,678,240,14,117,40,31.49,1.9,70.58,2322.58,1246.58,186.61,110,217.88,4083.65,3429.41,30.5
2025-01-10,Friday,True,False,Winter,Term Break,No Event,12.3,15,286,11945.12,251.3,33.91,11659.91,3498.35,8161.56,90.95,479.32,683,200,17,86,49,40.77,2.39,70.0,2322.58,1246.58,205.61,110,172.68,4057.45,3533.84,30.31
2025-01-11,Saturday,True,False,Winter,Term Break,No Event,13.3,16,203,8299.1,213.03,42.61,8043.46,2409.44,5634.02,65.34,225.56,483,142,15,61,23,39.62,2.38,70.04,2322.58,1246.58,223.87,110,193.88,4096.91,1246.21,15.49
2025-01-12,Sunday,False,False,Winter,Term Break,No Event,13.6,17,242,6778.98,184.33,11.3,6583.35,1914.42,4668.93,48.02,213.44,400,162,13,80,27,27.2,1.65,70.92,2322.58,1246.58,203.8,110,208.76,4091.72,315.75,4.8
2025-01-13,Monday,False,False,Winter,Term Break,Monday Boost 15%,14.3,18,266,7561.58,1173.06,28.08,6360.44,2159.08,4201.36,54.76,161.13,452,182,16,84,26,23.91,1.7,66.05,2322.58,1246.58,195.01,410,188.38,4362.55,-377.08,-5.93
2025-01-14,Tuesday,False,False,Winter,Term Break,No Event,14.3,19,254,7530.25,178.25,0.0,7352.0,2157.86,5194.14,59.58,213.93,445,184,10,70,26,28.94,1.75,70.65,2322.58,1246.58,178.33,110,161.92,4019.41,901.22,12.26
2025-01-15,Wednesday,False,False,Winter,Term Break,No Event,16.2,20,211,6596.38,279.11,0.0,6317.27,1818.81,4498.46,52.77,208.55,394,147,7,64,29,29.94,1.87,71.21,2322.58,1246.58,207.98,110,192.39,4079.53,157.61,2.49
2025-01-16,Thursday,False,False,Winter,Term Break,No Event,15.8,21,327,10745.2,229.57,8.7,10506.93,3127.53,7379.4,90.45,219.69,622,234,15,93,25,32.13,1.9,70.23,2322.58,1246.58,217.59,110,196.65,4093.4,2975.86,28.32
2025-01-17,Friday,True,False,Winter,Term Break,No Event,15.9,22,211,8543.36,93.03,50.43,8399.9,2506.07,5893.83,69.09,309.96,491,146,13,65,37,39.81,2.33,70.17,2322.58,1246.58,221.97,110,158.31,4059.44,1455.34,17.33
2025-01-18,Saturday,True,False,Winter,Term Break,No Event,15.2,23,207,7657.36,285.2,20.0,7352.16,2257.78,5094.38,57.46,287.84,447,160,12,47,31,35.52,2.16,69.29,2322.58,1246.58,189.57,110,207.84,4076.57,672.51,9.15
2025-01-19,Sunday,False,False,Winter,In Session,No Event,18.2,24,228,6665.96,247.82,0.0,6418.14,1968.68,4449.46,53.4,118.28,392,158,8,70,17,28.15,1.72,69.33,2322.58,1246.58,193.33,110,188.82,4061.31,216.47,3.37
2025-01-20,Monday,False,False,Winter,In Session,Monday Boost 15%,18.7,25,270,9290.36,1389.78,17.0,7883.58,2770.54,5113.04,51.79,248.23,534,219,13,51,37,29.2,1.98,64.86,2322.58,1246.58,200.4,410,169.85,4349.41,463.61,5.88
2025-01-21,Tuesday,False,False,Winter,In Session,No Event,16.9,26,268,7693.72,294.76,20.0,7378.96,2288.0,5090.96,55.22,267.86,449,201,8,67,32,27.53,1.68,68.99,2322.58,1246.58,210.86,110,180.21,4070.23,697.65,9.45
2025-01-22,Wednesday,False,False,Winter,In Session,No Event,14.7,27,223,6565.06,267.81,19.13,6278.12,1919.69,4358.43,48.17,233.27,375,171,4,52,32,28.15,1.68,69.42,2322.58,1246.58,218.94,110,179.6,4077.7,-0.71,-0.01
2025-01-23,Thursday,False,False,Winter,In Session,No Event,15.5,28,329,11469.5,391.3,0.0,11078.2,3347.1,7731.1,87.46,365.62,660,242,12,87,45,33.67,2.01,69.79,2322.58,1246.58,192.04,110,151.02,4022.22,3255.8,29.39
2025-01-24,Friday,True,False,Winter,In Session,No Event,14.9,29,220,8110.34,287.83,32.17,7790.34,2363.64,5426.7,63.42,307.86,477,157,9,63,36,35.41,2.17,69.66,2322.58,1246.58,212.3,110,176.82,4068.28,987.14,12.67
2025-01-25,Saturday,True,False,Winter,In Session,No Event,14.6,30,278,9965.11,344.34,2.61,9618.16,3008.61,6609.55,73.13,365.09,570,192,6,86,43,34.6,2.05,68.72,2322.58,1246.58,218.88,110,218.03,4116.07,2055.26,21.37
2025-01-26,Sunday,False,False,Winter,In Session,No Event,16.0,31,218,6742.51,246.09,0.0,6496.42,2018.63,4477.79,47.5,193.6,384,161,9,57,24,29.8,1.76,68.93,2322.58,1246.58,201.85,110,151.88,4032.89,203.8,3.14
2025-01-27,Monday,False,False,Winter,In Session,Monday Boost 15% | Salary Week,15.0,0,279,8532.79,1267.17,46.95,7218.67,2438.6,4780.07,58.91,225.91,505,197,8,82,36,25.87,1.81,66.22,2322.58,1246.58,220.71,410,172.2,4372.07,123.18,1.71
2025-01-28,Tuesday,False,False,Winter,In Session,Salary Week,13.8,1,247,7994.65,301.72,0.0,7692.93,2432.1,5260.83,57.81,293.97,473,180,18,67,30,31.15,1.91,68.39,2322.58,1246.58,191.78,110,227.18,4098.12,810.93,10.54
2025-01-29,Wednesday,False,False,Winter,In Session,Salary Week,14.7,2,277,8064.14,259.99,49.56,7754.59,2258.73,5495.86,61.23,262.85,476,205,11,72,30,27.99,1.72,70.87,2322.58,1246.58,221.36,110,200.0,4100.52,1071.26,13.81
2025-01-30,Thursday,False,False,Winter,In Session,Salary Week,15.9,3,295,9531.18,218.25,19.13,9293.8,2725.58,6568.22,73.64,218.63,558,203,12,92,31,31.5,1.89,70.67,2322.58,1246.58,197.48,110,165.99,4042.63,2233.32,24.03
2025-01-31,Friday,True,False,Winter,In Session,Salary Week,18.0,4,240,10001.62,400.86,44.34,9556.42,3008.73,6547.69,74.77,392.87,579,179,13,61,35,39.82,2.41,68.52,2322.58,1246.58,191.69,110,149.72,4020.57,2059.48,21.55
2025-02-01,Saturday,True,False,Winter,In Session,No Event,15.3,5,232,8665.24,265.22,32.18,8367.84,2545.47,5822.37,68.99,244.05,500,158,11,74,29,36.07,2.16,69.58,2571.43,1246.58,205.12,110,150.08,4283.21,1226.12,14.65
2025-02-02,Sunday,False,False,Winter,In Session,No Event,14.4,6,251,7088.53,269.57,13.91,6805.05,2050.85,4754.2,52.42,222.27,418,184,13,67,31,27.11,1.67,69.86,2571.43,1246.58,214.02,110,192.12,4334.15,145.36,2.14
2025-02-03,Monday,False,False,Winter,In Session,Monday Boost 15%,16.7,7,293,8627.72,1301.47,17.0,7309.25,2579.07,4730.18,67.27,197.02,493,202,11,91,30,24.95,1.68,64.71,2571.43,1246.58,223.45,410,193.68,4645.14,-179.25,-2.45
2025-02-04,Tuesday,False,False,Winter,In Session,No Event,17.2,8,227,7060.69,216.51,33.91,6810.27,2103.46,4706.81,52.02,282.29,414,162,6,65,28,30.0,1.82,69.11,2571.43,1246.58,220.29,110,186.81,4335.11,37.39,0.55
2025-02-05,Wednesday,False,False,Winter,In Session,No Event,17.5,9,282,8886.07,191.3,0.0,8694.77,2628.06,6066.71,67.39,336.73,517,195,20,87,36,30.83,1.83,69.77,2571.43,1246.58,231.95,110,211.92,4371.88,1290.71,14.84
2025-02-06,Thursday,False,False,Winter,In Session,No Event,16.8,10,356,11576.46,319.98,0.0,11256.48,3338.8,7917.68,95.73,213.11,664,229,7,127,28,31.62,1.87,70.34,2571.43,1246.58,228.43,110,201.05,4357.49,3251.35,28.88
2025-02-07,Friday,True,False,Winter,In Session,No Event,17.7,11,272,10889.48,256.51,0.0,10632.97,3238.54,7394.43,81.57,295.17,632,192,13,80,34,39.09,2.32,69.54,2571.43,1246.58,195.66,110,173.18,4296.85,2720.84,25.59
2025-02-08,Saturday,True,False,Winter,In Session,No Event,18.1,12,213,8299.04,345.2,0.0,7953.84,2474.72,5479.12,63.56,289.61,478,153,7,60,34,37.34,2.24,68.89,2571.43,1246.58,193.35,110,181.57,4302.93,823.02,10.35
2025-02-09,Sunday,False,False,Winter,Exams,No Event,16.9,13,279,8523.37,251.3,0.0,8272.07,2509.29,5762.78,68.42,226.6,496,188,13,91,28,29.65,1.78,69.67,2571.43,1246.58,219.51,110,157.25,4304.77,1162.99,14.06
2025-02-10,Monday,False,False,Winter,Exams,Monday Boost 15%,19.3,14,277,7830.33,1180.53,43.82,6605.98,2276.48,4329.5,50.97,188.75,457,201,9,76,29,23.85,1.65,65.54,2571.43,1246.58,177.24,410,204.64,4609.89,-520.11,-7.87
2025-02-11,Tuesday,False,False,Winter,Exams,No Event,19.7,15,268,8221.67,359.98,20.0,7841.69,2468.46,5373.23,65.04,316.21,475,201,11,67,34,29.26,1.77,68.52,2571.43,1246.58,210.37,110,177.18,4315.56,676.42,8.63
2025-02-12,Wednesday,False,False,Winter,Exams,No Event,18.5,16,270,9245.97,368.25,0.0,8877.72,2688.18,6189.54,59.62,239.33,534,194,12,76,28,32.88,1.98,69.72,2571.43,1246.58,203.66,110,199.05,4330.72,1559.87,17.57
2025-02-13,Thursday,False,False,Winter,Exams,No Event,18.6,17,338,11743.27,429.56,11.3,11302.41,3353.3,7949.11,94.81,382.1,687,232,13,106,38,33.44,2.03,70.33,2571.43,1246.58,206.21,110,180.93,4315.15,3157.05,27.93
2025-02-14,Friday,True,False,Winter,Exams,No Event,18.0,18,253,10085.22,297.37,0.0,9787.85,2972.52,6815.33,67.52,420.7,588,182,15,71,48,38.69,2.32,69.63,2571.43,1246.58,213.23,110,196.19,4337.43,1989.68,20.33
2025-02-15,Saturday,True,False,Winter,Exams,No Event,16.9,19,267,9802.54,235.65,0.0,9566.89,2943.72,6623.17,65.68,516.22,570,186,6,81,54,35.83,2.13,69.23,2571.43,1246.58,193.2,110,175.18,4296.39,1744.88,18.24
2025-02-16,Sunday,False,False,Winter,Exams,No Event,17.1,20,251,8623.42,483.72,0.0,8139.7,2564.59,5575.11,56.56,248.53,491,193,9,58,31,32.43,1.96,68.49,2571.43,1246.58,210.4,110,183.13,4321.54,948.48,11.65
2025-02-17,Monday,False,False,Winter,Exams,Monday Boost 15%,16.4,21,277,8388.44,1241.47,16.26,7130.71,2404.1,4726.61,54.34,197.8,499,206,12,71,29,25.74,1.8,66.29,2571.43,1246.58,211.46,410,203.32,4642.79,-168.32,-2.36
2025-02-18,Tuesday,False,False,Winter,Exams,No Event,16.5,22,226,6736.38,295.63,37.39,6403.36,1967.84,4435.52,48.41,195.52,385,171,11,55,26,28.33,1.7,69.27,2571.43,1246.58,213.98,110,174.09,4316.08,-124.49,-1.94
2025-02-19,Wednesday,False,False,Winter,Exams,No Event,17.3,23,286,8648.72,243.47,0.0,8405.25,2543.76,5861.49,70.63,200.71,507,197,17,89,28,29.39,1.77,69.74,2571.43,1246.58,224.14,110,201.95,4354.1,1236.05,14.71
2025-02-20,Thursday,False,False,Winter,Exams,No Event,16.7,24,360,12815.56,494.5,36.52,12284.54,3707.5,8577.04,94.04,258.63,752,269,13,91,32,34.12,2.09,69.82,2571.43,1246.58,215.0,110,168.33,4311.34,3913.03,31.85
2025-02-21,Friday,True,False,Winter,Term Break,Founding Day Offer,17.1,25,266,11550.33,1776.88,0.0,9773.45,3360.31,6413.14,79.1,363.02,661,193,18,73,46,36.74,2.48,65.62,2571.43,1246.58,175.21,610,169.38,4772.6,1198.42,12.26
2025-02-22,Saturday,True,True,Winter,Term Break,Saudi Founding Day | Founding Day Offer,17.2,26,286,11072.1,1701.8,0.0,9370.3,3299.26,6071.04,73.93,340.69,637,206,17,80,40,32.76,2.23,64.79,2571.43,1246.58,199.12,610,163.65,4790.78,865.64,9.24
2025-02-23,Sunday,False,True,Winter,Term Break,Founding Day Holiday | Founding Day Offer,16.7,27,257,9694.67,1444.63,48.04,8202.0,2832.39,5369.61,69.36,242.38,555,177,11,80,28,31.91,2.16,65.47,2571.43,1246.58,203.41,610,197.42,4828.84,229.03,2.79
2025-02-24,Monday,False,False,Winter,Term Break,Monday Boost 15%,16.6,28,292,9878.89,1471.32,0.0,8407.57,2840.97,5566.6,51.97,229.21,566,219,16,73,33,28.79,1.94,66.21,2571.43,1246.58,205.69,410,210.44,4644.14,641.28,7.63
2025-02-25,Tuesday,False,False,Winter,Term Break,No Event,16.4,29,229,6691.18,274.76,0.0,6416.42,1913.58,4502.84,49.52,219.5,395,166,9,63,26,28.02,1.72,70.18,2571.43,1246.58,185.92,110,196.91,4310.84,-77.02,-1.2
2025-02-26,Wednesday,False,False,Winter,Term Break,No Event,18.5,30,256,7985.99,473.9,0.0,7512.09,2319.26,5192.83,61.11,283.47,463,184,9,72,35,29.34,1.81,69.13,2571.43,1246.58,180.47,110,196.63,4305.11,543.14,7.23
2025-02-27,Thursday,False,False,Winter,Term Break,Salary Week,19.2,0,398,14430.29,399.11,0.0,14031.18,4256.13,9775.05,112.36,527.32,825,286,13,112,55,35.25,2.07,69.67,2571.43,1246.58,210.49,110,180.11,4318.61,4816.76,34.33
2025-02-28,Friday,True,False,Winter,Term Break,Ramadan Eve | Salary Week,20.6,1,299,12864.28,319.98,2.61,12541.69,3854.61,8687.08,106.62,360.02,725,212,16,87,39,41.95,2.42,69.27,2571.43,1246.58,231.41,110,193.08,4352.5,3867.94,30.84
2025-03-01,Saturday,True,False,Spring,Term Break,Ramadan | Ramadan Nights Desserts 10% | Salary Week,20.5,2,240,10967.73,297.98,0.0,10669.75,3202.08,7467.67,85.78,376.3,570,171,13,69,43,44.46,2.38,69.99,2601.29,1246.58,215.12,360,175.04,4598.03,2407.56,22.56
2025-03-02,Sunday,False,False,Spring,In Session,Ramadan | Ramadan Nights Desserts 10% | Salary Week,20.9,3,250,10293.92,317.69,45.22,9931.01,3004.73,6926.28,66.55,573.35,536,184,10,66,56,39.72,2.14,69.74,2601.29,1246.58,217.4,360,199.31,4624.58,1661.8,16.73
2025-03-03,Monday,False,False,Spring,In Session,Ramadan | Ramadan Nights Desserts 10% | Salary Week,19.0,4,224,9304.38,328.21,27.83,8948.34,2724.18,6224.16,63.47,475.57,478,169,7,55,45,39.95,2.13,69.56,2601.29,1246.58,216.3,360,181.53,4605.7,1079.42,12.06
2025-03-04,Tuesday,False,False,Spring,In Session,Ramadan | Ramadan Nights Desserts 10%,18.1,5,250,9597.34,325.34,19.13,9252.87,2823.41,6429.46,66.55,499.7,501,173,12,77,48,37.01,2.0,69.49,2601.29,1246.58,208.77,360,179.61,4596.25,1266.96,13.69
2025-03-05,Wednesday,False,False,Spring,In Session,Ramadan | Ramadan Nights Desserts 10%,19.6,6,239,9124.3,266.3,21.13,8836.87,2678.46,6158.41,68.86,425.17,481,188,4,51,46,36.97,2.01,69.69,2601.29,1246.58,208.23,360,195.88,4611.98,1052.4,11.91
2025-03-06,Thursday,False,False,Spring,In Session,Ramadan | Ramadan Nights Desserts 10%,18.9,7,320,13426.94,446.78,20.0,12960.16,3943.95,9016.21,93.75,590.71,680,227,16,93,57,40.5,2.12,69.57,2601.29,1246.58,210.49,360,173.14,4591.5,3740.25,28.86
2025-03-07,Friday,True,False,Spring,In Session,Ramadan | Ramadan Nights Desserts 10%,19.4,8,259,11318.37,306.16,15.65,10996.56,3301.98,7694.58,86.55,532.83,591,194,13,65,54,42.46,2.28,69.97,2601.29,1246.58,214.04,360,201.72,4623.63,2451.57,22.29
2025-03-08,Saturday,True,False,Spring,In Session,Ramadan | Ramadan Nights Desserts 10%,21.0,9,305,13691.3,556.64,20.0,13114.66,4025.47,9089.19,96.39,559.31,705,228,15,77,59,43.0,2.31,69.31,2601.29,1246.58,211.85,360,204.89,4624.61,3808.88,29.04
2025-03-09,Sunday,False,False,Spring,In Session,Ramadan | Ramadan Nights Desserts 10%,20.9,10,277,11256.5,378.57,112.17,10765.76,3297.0,7468.76,80.79,506.2,589,199,10,78,52,38.87,2.13,69.38,2601.29,1246.58,232.43,360,208.85,4649.15,2232.62,20.74
2025-03-10,Monday,False,False,Spring,In Session,Ramadan | Ramadan Nights Desserts 10%,20.4,11,220,8991.23,341.32,13.91,8636.0,2654.62,5981.38,69.44,383.96,465,158,10,62,33,39.25,2.11,69.26,2601.29,1246.58,204.58,360,192.03,4604.48,923.5,10.69
2025-03-11,Tuesday,False,False,Spring,In Session,Ramadan | Ramadan Nights Desserts 10%,20.6,12,214,8027.02,262.49,33.04,7731.49,2291.42,5440.07,54.39,368.94,432,147,14,67,36,36.13,2.02,70.36,2601.29,1246.58,210.39,360,163.06,4581.32,435.42,5.63
2025-03-12,Wednesday,False,False,Spring,In Session,Ramadan | Ramadan Nights Desserts 10%,20.4,13,244,9841.73,337.3,0.0,9504.43,2904.32,6600.11,61.78,540.94,520,179,8,65,57,38.95,2.13,69.44,2601.29,1246.58,194.29,360,212.76,4614.92,1382.47,14.55
2025-03-13,Thursday,False,False,Spring,In Session,Ramadan | Ramadan Nights Desserts 10%,21.3,14,277,10309.56,451.72,68.7,9789.14,2959.38,6829.76,77.6,312.28,562,204,17,73,40,35.34,2.03,69.77,2601.29,1246.58,199.44,360,170.78,4578.09,1861.79,19.02
2025-03-14,Friday,True,False,Spring,In Session,Ramadan | Ramadan Nights Desserts 10%,23.5,15,273,11542.64,432.97,22.18,11087.49,3433.68,7653.81,76.38,682.2,599,197,15,76,65,40.61,2.19,69.03,2601.29,1246.58,235.61,360,190.48,4633.96,2261.27,20.39
2025-03-15,Saturday,True,False,Spring,In Session,Ramadan | Ramadan Nights Desserts 10%,23.3,16,294,12048.7,505.17,13.91,11529.62,3452.58,8077.04,91.05,439.56,648,211,13,83,51,39.22,2.2,70.05,2601.29,1246.58,233.62,360,205.88,4647.37,2899.06,25.14
2025-03-16,Sunday,False,False,Spring,In Session,Ramadan | Ramadan Nights Desserts 10%,24.7,17,244,10027.84,385.1,44.35,9598.39,2936.63,6661.76,62.76,581.51,519,173,8,71,63,39.34,2.13,69.4,2601.29,1246.58,222.97,360,202.41,4633.25,1384.24,14.42
2025-03-17,Monday,False,False,Spring,In Session,Ramadan | Ramadan Nights Desserts 10%,21.4,18,234,9753.08,329.58,20.0,9403.5,2883.34,6520.16,57.71,548.74,511,181,20,53,54,40.19,2.18,69.34,2601.29,1246.58,213.55,360,201.12,4622.54,1291.17,13.73
2025-03-18,Tuesday,False,False,Spring,In Session,Ramadan | Ramadan Nights Desserts 10%,22.1,19,270,10526.01,362.27,46.09,10117.65,2989.46,7128.19,72.05,504.37,566,187,13,83,54,37.47,2.1,70.45,2601.29,1246.58,205.99,360,188.08,4601.94,1949.83,19.27
2025-03-19,Wednesday,False,False,Spring,In Session,Ramadan | Ramadan Nights Desserts 10%,22.9,20,233,8646.05,219.14,7.83,8419.08,2437.74,5981.34,58.27,334.99,472,165,9,68,39,36.13,2.03,71.05,2601.29,1246.58,235.64,360,163.48,4606.99,981.09,11.65
2025-03-20,Thursday,False,False,Spring,Term Break,Ramadan - Last 10 Nights | Ramadan Nights Desserts 10%,22.4,21,308,12774.82,491.72,0.0,12283.1,3708.56,8574.54,92.65,584.34,674,206,18,102,61,39.88,2.19,69.81,2601.29,1246.58,189.43,360,176.08,4573.38,3324.17,27.06
2025-03-21,Friday,True,False,Spring,Term Break,Ramadan - Last 10 Nights | Ramadan Nights Desserts 10%,23.2,22,267,12105.25,380.09,0.0,11725.16,3514.89,8210.27,93.83,477.48,640,178,11,89,47,43.91,2.4,70.02,2601.29,1246.58,208.12,360,176.02,4592.01,3046.95,25.99
2025-03-22,Saturday,True,False,Spring,Term Break,Ramadan - Last 10 Nights | Ramadan Nights Desserts 10%,23.5,23,251,10642.66,361.23,18.26,10263.17,3107.42,7155.75,73.79,495.05,559,185,11,66,55,40.89,2.23,69.72,2601.29,1246.58,221.32,360,207.79,4636.98,1949.93,19.0
2025-03-23,Sunday,False,False,Spring,Term Break,Ramadan - Last 10 Nights | Ramadan Nights Desserts 10%,23.5,24,252,10891.29,565.59,78.26,10247.44,3281.99,6965.45,75.42,529.37,547,190,11,62,53,40.66,2.17,67.97,2601.29,1246.58,214.62,360,194.56,4617.05,1743.61,17.02
2025-03-24,Monday,False,False,Spring,Term Break,Ramadan - Last 10 Nights | Ramadan Nights Desserts 10%,23.9,25,186,7511.26,356.74,13.91,7140.61,2246.06,4894.55,52.86,397.3,383,139,8,47,32,38.39,2.06,68.55,2601.29,1246.58,221.52,360,233.91,4663.3,-218.91,-3.07
2025-03-25,Tuesday,False,False,Spring,Term Break,Ramadan - Last 10 Nights | Ramadan Nights Desserts 10%,23.8,26,232,9851.38,375.14,0.0,9476.24,3034.77,6441.47,63.94,524.08,499,183,7,49,54,40.85,2.15,67.97,2601.29,1246.58,233.04,360,167.34,4608.25,1245.2,13.14
2025-03-26,Wednesday,False,False,Spring,Term Break,Ramadan - Last 10 Nights | Ramadan Nights Desserts 10%,22.7,27,208,7874.8,260.13,0.0,7614.67,2202.64,5412.03,55.99,387.02,435,152,13,56,45,36.61,2.09,71.07,2601.29,1246.58,222.4,360,160.48,4590.75,378.27,4.97
2025-03-27,Thursday,False,False,Spring,Term Break,Ramadan - Last 10 Nights | Ramadan Nights Desserts 10% | Salary Week,23.5,0,295,13803.53,394.42,70.43,13338.68,4232.83,9105.85,107.29,499.23,683,195,15,100,48,45.22,2.32,68.27,2601.29,1246.58,227.15,360,186.26,4621.28,3878.05,29.07
2025-03-28,Friday,True,False,Spring,Term Break,Ramadan - Last 10 Nights | Ramadan Nights Desserts 10% | Salary Week,26.1,1,283,12703.59,485.96,11.3,12206.33,3850.55,8355.78,91.1,591.74,633,206,17,77,62,43.13,2.24,68.45,2601.29,1246.58,227.9,360,204.25,4640.02,3032.92,24.85
2025-03-29,Saturday,True,False,Spring,Term Break,Ramadan - Last 10 Nights | Eid Al-Fitr Eve | Ramadan Nights Desserts 10% | Salary Week,27.5,2,309,14098.24,430.57,37.39,13630.28,4132.25,9498.03,87.45,837.72,738,241,16,68,92,44.11,2.39,69.68,2601.29,1246.58,274.55,360,182.73,4665.15,3907.71,28.67
2025-03-30,Sunday,False,True,Spring,Term Break,Eid Al-Fitr | Salary Week,28.4,3,244,11811.08,415.63,0.0,11395.45,3545.38,7850.07,87.43,416.32,601,183,8,61,44,46.7,2.46,68.89,2322.58,1246.58,287.31,110,165.36,4131.83,3214.49,28.21
2025-03-31,Monday,False,True,Spring,Term Break,Eid Al-Fitr | Salary Week,29.7,4,258,11829.38,236.52,66.09,11526.77,3629.75,7897.02,92.57,407.27,609,187,16,71,47,44.68,2.36,68.51,2322.58,1246.58,276.96,110,183.77,4139.89,3257.29,28.26
2025-04-01,Tuesday,False,True,Spring,Term Break,Eid Al-Fitr,27.5,5,240,11219.11,377.38,18.26,10823.47,3469.27,7354.2,89.1,405.51,575,171,10,69,44,45.1,2.4,67.95,2400.0,1246.58,281.35,110,202.87,4240.8,2618.79,24.2
2025-04-02,Wednesday,False,True,Spring,Term Break,Eid Al-Fitr,28.3,6,251,11510.22,275.65,8.7,11225.87,3529.78,7696.09,95.35,355.48,591,170,10,81,39,44.72,2.35,68.56,2400.0,1246.58,284.03,110,212.07,4252.68,2992.58,26.66
2025-04-03,Thursday,False,False,Spring,Term Break,Post-Eid Al-Fitr Holiday,26.6,7,256,8757.32,344.34,59.13,8353.85,2547.89,5805.96,66.93,359.49,502,181,14,75,35,32.63,1.96,69.5,2400.0,1246.58,257.88,110,194.1,4208.56,1170.98,14.02
2025-04-04,Friday,True,False,Spring,Term Break,Post-Eid Al-Fitr Holiday,28.6,8,196,7860.73,191.29,17.39,7652.05,2300.27,5351.78,57.97,374.94,455,146,7,50,46,39.04,2.32,69.94,2400.0,1246.58,291.87,110,181.88,4230.33,688.54,9.0
2025-04-05,Saturday,True,False,Spring,Term Break,Post-Eid Al-Fitr Holiday,28.0,9,226,9566.94,171.3,55.65,9339.99,2819.58,6520.41,69.4,459.65,542,165,13,61,52,41.33,2.4,69.81,2400.0,1246.58,261.34,110,193.77,4211.69,1779.67,19.05
2025-04-06,Sunday,False,False,Spring,In Session,No Event,28.1,10,264,7984.94,279.98,52.17,7652.79,2285.42,5367.37,63.24,210.59,465,192,16,72,31,28.99,1.76,70.14,2400.0,1246.58,276.24,110,166.12,4198.94,894.6,11.69
2025-04-07,Monday,False,False,Spring,In Session,No Event,25.3,11,279,8408.53,240.85,20.0,8147.68,2445.88,5701.8,61.03,373.75,494,189,13,90,37,29.2,1.77,69.98,2400.0,1246.58,241.66,110,187.7,4185.94,1081.08,13.27
2025-04-08,Tuesday,False,False,Spring,In Session,No Event,25.5,12,270,8812.95,423.46,20.0,8369.49,2563.01,5806.48,64.52,317.39,507,190,10,80,32,31.0,1.88,69.38,2400.0,1246.58,265.31,110,203.16,4225.05,1199.52,14.33
2025-04-09,Wednesday,False,False,Spring,In Session,No Event,25.6,13,259,7721.64,176.5,49.57,7495.57,2267.59,5227.98,60.36,244.01,443,179,14,80,33,28.94,1.71,69.75,2400.0,1246.58,239.4,110,186.2,4182.18,741.43,9.89
2025-04-10,Thursday,False,False,Spring,In Session,No Event,27.4,14,312,10771.98,303.45,53.04,10415.49,3132.34,7283.15,81.44,353.72,612,224,14,88,41,33.38,1.96,69.93,2400.0,1246.58,272.51,110,188.17,4217.26,2630.73,25.26
2025-04-11,Friday,True,False,Spring,In Session,No Event,27.0,15,243,9396.37,263.47,13.91,9118.99,2713.64,6405.35,74.17,326.78,545,167,6,76,40,37.53,2.24,70.24,2400.0,1246.58,251.39,110,183.64,4191.61,1812.79,19.88
2025-04-12,Saturday,True,False,Spring,In Session,No Event,27.7,16,237,9543.46,353.9,90.44,9099.12,2802.55,6296.57,72.48,266.06,529,170,6,67,30,38.39,2.23,69.2,2400.0,1246.58,258.77,110,221.19,4236.54,1721.49,18.92
2025-04-13,Sunday,False,False,Spring,In Session,No Event,26.1,17,229,6845.09,177.38,20.87,6646.84,1949.5,4697.34,54.71,198.79,398,166,6,63,28,29.03,1.74,70.67,2400.0,1246.58,246.26,110,169.15,4171.99,271.85,4.09
2025-04-14,Monday,False,False,Spring,In Session,No Event,26.3,18,267,8780.69,350.33,0.0,8430.36,2447.92,5982.44,59.62,239.97,500,186,10,81,31,31.57,1.87,70.96,2400.0,1246.58,262.33,110,180.89,4199.8,1483.05,17.59
2025-04-15,Tuesday,False,False,Spring,In Session,No Event,25.4,19,235,6856.41,233.03,40.87,6582.51,1948.68,4633.83,53.21,154.09,400,171,7,64,20,28.01,1.7,70.4,2400.0,1246.58,267.42,110,200.46,4224.46,202.07,3.07
2025-04-16,Wednesday,False,False,Spring,In Session,No Event,26.4,20,267,7558.16,409.57,14.78,7133.81,2192.5,4941.31,62.75,188.01,433,204,14,63,24,26.72,1.62,69.27,2400.0,1246.58,253.33,110,185.46,4195.37,495.18,6.94
2025-04-17,Thursday,False,False,Spring,In Session,No Event,29.4,21,253,8459.95,316.49,0.0,8143.46,2496.02,5647.44,60.92,308.7,486,175,9,78,40,32.19,1.92,69.35,2400.0,1246.58,321.06,110,181.28,4258.92,1018.9,12.51
2025-04-18,Friday,True,False,Spring,In Session,No Event,28.6,22,229,9149.43,345.19,13.91,8790.33,2628.37,6161.96,66.5,373.89,514,181,10,48,48,38.39,2.24,70.1,2400.0,1246.58,272.57,110,171.79,4200.94,1520.63,17.3
2025-04-19,Saturday,True,False,Spring,In Session,No Event,27.0,23,227,8488.64,281.74,44.35,8162.55,2533.38,5629.17,69.26,237.06,489,162,7,65,29,35.96,2.15,68.96,2400.0,1246.58,245.69,110,173.0,4175.27,1147.58,14.06
2025-04-20,Sunday,False,False,Spring,In Session,No Event,26.5,24,295,9997.33,440.16,64.35,9492.82,3063.25,6429.57,62.42,323.13,554,218,12,77,38,32.18,1.88,67.73,2400.0,1246.58,261.27,110,175.55,4193.4,1850.62,19.49
2025-04-21,Monday,False,False,Spring,In Session,No Event,27.2,25,187,5392.96,121.73,24.35,5246.88,1588.77,3658.11,36.6,311.13,313,140,8,47,42,28.06,1.67,69.72,2400.0,1246.58,271.69,110,186.73,4215.0,-904.62,-17.24
2025-04-22,Tuesday,False,False,Spring,In Session,No Event,28.7,26,239,6873.7,340.86,26.96,6505.88,1890.68,4615.2,48.18,273.56,398,186,7,53,30,27.22,1.67,70.94,2400.0,1246.58,278.99,110,180.56,4216.13,77.33,1.19
2025-04-23,Wednesday,False,False,Spring,In Session,No Event,27.5,27,317,9632.02,575.63,0.0,9056.39,2823.42,6232.97,68.94,355.97,543,243,10,74,40,28.57,1.71,68.82,2400.0,1246.58,257.42,110,184.66,4198.66,1609.4,17.77
2025-04-24,Thursday,False,False,Spring,In Session,No Event,29.0,28,309,9779.8,328.69,0.0,9451.11,2807.66,6643.45,75.46,306.59,559,231,8,78,39,30.59,1.81,70.29,2400.0,1246.58,291.79,110,211.65,4260.02,2001.38,21.18
2025-04-25,Friday,True,False,Spring,In Session,No Event,28.8,29,240,9987.68,330.4,45.22,9612.06,2930.27,6681.79,75.65,367.46,576,177,12,63,44,40.05,2.4,69.51,2400.0,1246.58,282.95,110,194.99,4234.52,2004.16,20.85
2025-04-26,Saturday,True,False,Spring,In Session,No Event,29.1,30,237,9588.62,309.55,20.0,9259.07,2809.15,6449.92,78.14,321.75,547,177,15,60,36,39.07,2.31,69.66,2400.0,1246.58,298.5,110,190.09,4245.17,1804.86,19.49
2025-04-27,Sunday,False,False,Spring,In Session,Salary Week,29.9,0,232,7161.54,130.41,13.91,7017.22,2036.08,4981.14,55.1,297.55,411,171,12,61,34,30.25,1.77,70.98,2400.0,1246.58,295.4,110,201.8,4253.78,374.71,5.34
2025-04-28,Monday,False,False,Spring,In Session,Salary Week,28.6,1,290,9112.86,280.86,27.82,8804.18,2648.61,6155.57,65.9,316.67,513,211,14,79,35,30.36,1.77,69.92,2400.0,1246.58,280.57,110,175.03,4212.18,1560.82,17.73
2025-04-29,Tuesday,False,False,Spring,In Session,Salary Week,29.6,2,256,7655.45,387.81,0.0,7267.64,2204.79,5062.85,51.93,306.63,444,196,8,60,36,28.39,1.73,69.66,2400.0,1246.58,291.88,110,170.86,4219.32,484.97,6.67
2025-04-30,Wednesday,False,False,Spring,In Session,Salary Week,29.1,3,259,8272.96,301.73,38.26,7932.97,2503.92,5429.05,67.45,269.17,472,194,9,65,32,30.63,1.82,68.44,2400.0,1246.58,291.37,110,152.03,4199.98,892.45,11.25
2025-05-01,Thursday,False,False,Spring,In Session,Salary Week,28.8,4,359,12046.67,378.24,73.91,11594.52,3619.74,7974.78,88.14,426.03,697,271,12,88,55,32.3,1.94,68.78,2322.58,1246.58,290.23,110,174.87,4144.26,3316.35,28.6
2025-05-02,Friday,True,False,Spring,In Session,No Event,29.7,5,236,9194.72,239.99,20.0,8934.73,2834.18,6100.55,64.69,443.78,521,182,12,54,50,37.86,2.21,68.28,2322.58,1246.58,272.26,110,178.15,4129.57,1462.51,16.37
2025-05-03,Saturday,True,False,Spring,In Session,No Event,30.9,6,245,9374.69,338.24,20.0,9016.45,2933.85,6082.6,79.84,308.16,523,193,10,52,37,36.8,2.13,67.46,2322.58,1246.58,349.62,110,199.21,4227.99,1466.61,16.27
2025-05-04,Sunday,False,False,Spring,In Session,No Event,32.0,7,239,7570.36,352.15,19.13,7199.08,2330.66,4868.42,51.8,382.94,432,178,11,61,43,30.12,1.81,67.63,2322.58,1246.58,311.03,110,182.2,4172.39,261.29,3.63
2025-05-05,Monday,False,False,Spring,In Session,No Event,32.6,8,252,8078.93,395.27,75.66,7608.0,2431.97,5176.03,50.71,358.41,485,205,5,47,43,30.19,1.92,68.03,2322.58,1246.58,339.22,110,204.69,4223.07,543.84,7.15
2025-05-06,Tuesday,False,False,Spring,In Session,No Event,35.2,9,234,7509.4,173.9,0.0,7335.5,2259.06,5076.44,47.48,333.69,426,170,12,64,39,31.35,1.82,69.2,2322.58,1246.58,331.13,110,165.17,4175.46,519.81,7.09
2025-05-07,Wednesday,False,False,Spring,In Session,No Event,35.4,10,270,8169.44,240.86,0.0,7928.58,2433.38,5495.2,59.25,388.47,475,195,15,75,49,29.37,1.76,69.31,2322.58,1246.58,369.56,110,195.89,4244.61,802.87,10.13
2025-05-08,Thursday,False,False,Spring,In Session,No Event,36.1,11,321,11100.73,450.42,86.09,10564.22,3432.6,7131.62,81.33,464.29,635,237,14,84,51,32.91,1.98,67.51,2322.58,1246.58,355.58,110,197.98,4232.72,2353.28,22.28
2025-05-09,Friday,True,False,Spring,In Session,No Event,34.6,12,229,9263.37,154.75,22.61,9086.01,2827.72,6258.29,69.47,463.09,539,169,9,60,50,39.68,2.35,68.88,2322.58,1246.58,327.24,110,180.76,4187.16,1538.57,16.93
2025-05-10,Saturday,True,False,Spring,In Session,No Event,34.5,13,225,8846.06,236.52,40.87,8568.67,2692.29,5876.38,63.99,286.89,507,162,16,63,36,38.08,2.25,68.58,2322.58,1246.58,336.81,110,210.29,4226.26,1299.24,15.16
2025-05-11,Sunday,False,False,Spring,In Session,No Event,33.4,14,243,7335.51,235.64,50.43,7049.44,2233.17,4816.27,51.27,311.95,426,180,17,63,33,29.01,1.75,68.32,2322.58,1246.58,331.76,110,158.48,4169.4,283.65,4.02
2025-05-12,Monday,False,False,Spring,In Session,No Event,31.2,15,214,6285.94,142.61,53.91,6089.42,1871.63,4217.79,36.98,444.29,356,168,5,46,53,28.46,1.66,69.26,2322.58,1246.58,308.95,110,235.33,4223.44,-486.92,-8.0
2025-05-13,Tuesday,False,False,Spring,In Session,No Event,29.9,16,275,8580.74,370.51,22.6,8187.63,2559.43,5628.2,59.41,321.33,497,210,12,65,40,29.77,1.81,68.74,2322.58,1246.58,315.16,110,169.58,4163.9,1083.56,13.23
2025-05-14,Wednesday,False,False,Spring,In Session,No Event,31.2,17,240,7437.25,204.32,20.0,7212.93,2258.39,4954.54,50.88,393.16,424,173,7,67,46,30.05,1.77,68.69,2322.58,1246.58,295.25,110,165.94,4140.35,370.15,5.13
2025-05-15,Thursday,False,False,Spring,In Session,No Event,29.8,18,305,10039.04,249.56,0.0,9789.48,3012.89,6776.59,68.76,459.45,564,225,7,80,52,32.1,1.85,69.22,2322.58,1246.58,286.83,110,191.22,4157.21,2091.17,21.36
2025-05-16,Friday,True,False,Spring,In Session,No Event,31.2,19,273,10162.46,352.15,6.96,9803.35,3017.16,6786.19,76.61,480.51,592,210,21,63,53,35.91,2.17,69.22,2322.58,1246.58,326.62,110,205.8,4211.58,2017.49,20.58
2025-05-17,Saturday,True,False,Spring,In Session,No Event,31.2,20,199,7319.96,220.85,20.87,7078.24,2224.29,4853.95,51.69,294.74,423,156,8,43,37,35.57,2.13,68.58,2322.58,1246.58,313.77,110,207.07,4200.0,307.52,4.34
2025-05-18,Sunday,False,False,Spring,In Session,No Event,31.5,21,265,7615.51,189.56,20.0,7405.95,2249.28,5156.67,52.94,330.57,439,189,11,76,40,27.95,1.66,69.63,2322.58,1246.58,330.24,110,191.54,4200.94,572.22,7.73
2025-05-19,Monday,False,False,Spring,In Session,No Event,30.4,22,247,7371.15,292.15,20.0,7059.0,2205.02,4853.98,59.86,205.37,422,190,9,57,30,28.58,1.71,68.76,2322.58,1246.58,302.61,110,184.87,4166.64,422.11,5.98
2025-05-20,Tuesday,False,False,Spring,In Session,No Event,29.2,23,214,5806.83,206.95,0.0,5599.88,1749.71,3850.17,45.94,138.95,344,156,15,58,20,26.17,1.61,68.75,2322.58,1246.58,281.47,110,2602.67,6563.3,-2898.02,-51.75
2025-05-21,Wednesday,False,False,Spring,In Session,No Event,30.1,24,229,8352.76,397.7,0.0,7955.06,2528.76,5426.3,50.48,252.67,473,168,5,61,31,34.74,2.07,68.21,2322.58,1246.58,296.15,110,174.82,4150.13,973.02,12.23
2025-05-22,Thursday,False,False,Spring,In Session,No Event,30.1,25,301,9811.98,342.59,11.3,9458.09,2967.47,6490.62,74.04,342.94,569,232,18,69,39,31.42,1.89,68.63,2322.58,1246.58,310.11,110,208.97,4198.24,1875.4,19.83
2025-05-23,Friday,True,False,Spring,In Session,No Event,32.0,26,262,10560.77,281.73,0.0,10279.04,3166.06,7112.98,82.84,367.07,591,197,9,65,42,39.23,2.26,69.2,2322.58,1246.58,311.76,110,192.85,4183.77,2479.3,24.12
2025-05-24,Saturday,True,False,Spring,In Session,No Event,32.9,27,239,8907.67,310.4,36.52,8560.75,2745.42,5815.33,61.76,418.55,533,178,14,61,46,35.82,2.23,67.93,2322.58,1246.58,331.39,110,201.84,4212.39,1122.63,13.11
2025-05-25,Sunday,False,False,Spring,In Session,No Event,32.1,28,223,6475.52,273.04,0.0,6202.48,1915.15,4287.33,48.97,194.23,383,162,16,61,29,27.81,1.72,69.12,2322.58,1246.58,293.26,110,178.3,4150.72,-106.59,-1.72
2025-05-26,Monday,False,False,Spring,In Session,No Event,30.8,29,241,7253.77,233.03,0.0,7020.74,2233.77,4786.97,55.78,294.07,414,190,8,51,39,29.13,1.72,68.18,2322.58,1246.58,313.63,110,174.36,4167.15,269.97,3.85
2025-05-27,Tuesday,False,False,Spring,In Session,Salary Week,29.7,0,288,10589.32,395.62,17.39,10176.31,3193.28,6983.03,62.37,489.16,620,219,6,69,53,35.33,2.15,68.62,2322.58,1246.58,274.85,110,125.29,4079.3,2352.2,23.11
2025-05-28,Wednesday,False,False,Spring,In Session,Salary Week,31.2,1,275,8647.76,338.24,14.78,8294.74,2681.36,5613.38,60.06,367.63,485,207,7,68,42,30.16,1.76,67.67,2322.58,1246.58,310.74,110,183.7,4173.6,1012.09,12.2
2025-05-29,Thursday,False,False,Spring,In Session,Salary Week,31.7,2,293,9737.23,292.16,64.35,9380.72,2939.05,6441.67,74.83,315.99,553,225,8,68,32,32.02,1.89,68.67,2322.58,1246.58,310.04,110,188.14,4177.34,1873.51,19.97
2025-05-30,Friday,True,False,Spring,Term Break,Salary Week,32.1,3,254,10972.87,324.34,19.13,10629.4,3256.65,7372.75,78.44,507.78,636,194,11,60,59,41.85,2.5,69.36,2322.58,1246.58,301.03,110,168.57,4148.76,2637.77,24.82
2025-05-31,Saturday,True,False,Spring,Term Break,Salary Week,31.4,4,218,8560.75,318.24,42.61,8199.9,2535.62,5664.28,59.48,425.66,496,164,10,54,46,37.61,2.28,69.08,2322.58,1246.58,317.51,110,178.11,4174.78,1004.36,12.25
2025-06-01,Sunday,False,False,Summer,Term Break,No Event,31.6,5,251,8210.37,211.28,18.26,7980.83,2599.76,5381.07,65.42,298.42,464,190,6,61,31,31.8,1.85,67.42,2400.0,1246.58,304.96,110,188.43,4249.97,767.26,9.61
2025-06-02,Monday,False,False,Summer,Term Break,No Event,30.8,6,205,6602.5,249.54,0.0,6352.96,2113.29,4239.67,45.44,376.7,373,155,11,50,33,30.99,1.82,66.74,2400.0,1246.58,309.97,110,191.82,4258.37,-440.84,-6.94
2025-06-03,Tuesday,False,False,Summer,Term Break,No Event,31.2,7,208,7119.12,177.38,38.26,6903.48,2318.42,4585.06,47.18,323.63,383,161,11,47,36,33.19,1.84,66.42,2400.0,1246.58,339.67,110,170.73,4266.98,-52.73,-0.76
2025-06-04,Wednesday,False,False,Summer,Term Break,No Event,31.3,8,212,6901.68,242.59,20.87,6638.22,2182.81,4455.41,49.63,308.3,384,153,8,59,35,31.31,1.81,67.12,2400.0,1246.58,312.89,110,195.35,4264.82,-167.34,-2.52
2025-06-05,Thursday,False,True,Summer,Term Break,Day of Arafah,31.8,9,169,6914.74,302.59,13.91,6598.24,2215.44,4382.8,52.45,207.13,370,123,5,46,23,39.04,2.19,66.42,2400.0,1246.58,324.21,110,191.81,4272.6,-149.38,-2.26
2025-06-06,Friday,True,True,Summer,Term Break,Eid Al-Adha,31.1,10,208,8797.27,271.27,30.43,8495.57,2758.01,5737.56,70.11,334.43,483,149,10,59,34,40.84,2.32,67.54,2400.0,1246.58,271.84,110,180.81,4209.23,1123.79,13.23
2025-06-07,Saturday,True,True,Summer,Term Break,Eid Al-Adha,31.1,11,216,9506.0,343.46,11.3,9151.24,2986.89,6164.35,66.07,450.46,516,167,8,49,49,42.37,2.39,67.36,2400.0,1246.58,314.7,110,176.73,4248.01,1399.81,15.3
2025-06-08,Sunday,False,True,Summer,Term Break,Eid Al-Adha,34.4,12,239,10409.6,188.69,46.09,10174.82,3327.91,6846.91,72.84,334.44,567,164,14,75,38,42.57,2.37,67.29,2400.0,1246.58,349.26,110,189.0,4294.84,2144.79,21.08
2025-06-09,Monday,False,True,Summer,Term Break,Eid Al-Adha,34.6,13,209,10063.54,241.71,46.96,9774.87,3334.15,6440.72,67.93,417.87,543,159,11,50,45,46.77,2.6,65.89,2400.0,1246.58,334.11,110,141.11,4231.8,1723.12,17.63
2025-06-10,Tuesday,False,False,Summer,Term Break,Post-Eid Al-Adha Holiday,37.5,14,196,6179.91,190.42,0.0,5989.49,1893.54,4095.95,43.52,260.5,356,135,8,61,33,30.56,1.82,68.39,2400.0,1246.58,369.71,110,179.5,4305.79,-513.86,-8.58
2025-06-11,Wednesday,False,False,Summer,Term Break,Post-Eid Al-Adha Holiday,36.7,15,197,6323.46,227.82,13.91,6081.73,2005.02,4076.71,44.68,256.14,366,150,7,47,32,30.87,1.86,67.03,2400.0,1246.58,368.09,110,189.26,4313.93,-538.04,-8.85
2025-06-12,Thursday,False,False,Summer,Term Break,Post-Eid Al-Adha Holiday,35.8,16,217,7045.1,231.27,68.7,6745.13,2137.75,4607.38,55.74,242.76,420,160,6,57,31,31.08,1.94,68.31,2400.0,1246.58,359.78,110,186.06,4302.42,6.46,0.1
2025-06-13,Friday,True,False,Summer,Term Break,No Event,35.0,17,191,8638.23,197.38,65.22,8375.63,2678.23,5697.4,63.83,441.02,488,131,9,60,47,43.85,2.55,68.02,2400.0,1246.58,347.39,110,184.79,4288.76,903.79,10.79
2025-06-14,Saturday,True,False,Summer,Term Break,No Event,34.0,18,212,8302.45,191.29,20.0,8091.16,2526.87,5564.29,62.16,352.29,486,158,12,54,42,38.17,2.29,68.77,2400.0,1246.58,341.92,110,220.99,4319.49,830.35,10.26
2025-06-15,Sunday,False,False,Summer,Exams,No Event,34.2,19,208,5775.56,218.25,19.13,5538.18,1766.35,3771.83,42.06,203.08,340,158,11,50,31,26.63,1.63,68.11,2400.0,1246.58,323.01,110,199.62,4279.21,-752.52,-13.59
2025-06-16,Monday,False,False,Summer,Exams,No Event,33.9,20,226,8005.93,359.63,58.26,7588.04,2481.42,5106.62,46.13,317.03,466,166,6,60,38,33.58,2.06,67.3,2400.0,1246.58,327.47,110,217.76,4301.81,441.65,5.82
2025-06-17,Tuesday,False,False,Summer,Exams,No Event,33.1,21,181,5464.24,311.28,0.0,5152.96,1639.08,3513.88,35.94,282.73,318,139,6,42,32,28.47,1.76,68.19,2400.0,1246.58,340.67,110,209.84,4307.09,-1111.88,-21.58
2025-06-18,Wednesday,False,False,Summer,Exams,No Event,33.3,22,240,7769.45,207.83,11.3,7550.32,2375.59,5174.73,56.87,345.01,451,178,6,62,39,31.46,1.88,68.54,2400.0,1246.58,338.95,110,156.63,4252.16,520.69,6.9
2025-06-19,Thursday,False,False,Summer,Exams,No Event,34.8,23,250,8157.33,444.33,29.56,7683.44,2455.08,5228.36,59.95,287.13,469,182,9,68,35,30.73,1.88,68.05,2400.0,1246.58,376.09,110,195.38,4328.05,553.23,7.2
2025-06-20,Friday,True,False,Summer,Exams,No Event,34.3,24,182,6506.02,176.51,20.87,6308.64,1986.59,4322.05,47.71,265.91,381,132,10,50,37,34.66,2.09,68.51,2400.0,1246.58,335.54,110,202.87,4294.99,-286.56,-4.54
2025-06-21,Saturday,True,False,Summer,Exams,No Event,33.8,25,198,7292.16,252.16,20.87,7019.13,2263.59,4755.54,53.2,347.26,412,149,12,49,39,35.45,2.08,67.75,2400.0,1246.58,322.61,110,182.58,4261.77,93.31,1.33
2025-06-22,Sunday,False,False,Summer,Exams,Summer Iced Happy Hour,34.5,26,218,6315.56,391.56,28.91,5895.09,1940.3,3954.79,42.79,238.26,372,170,14,48,32,27.04,1.71,67.09,2400.0,1246.58,334.03,360,247.47,4588.08,-914.34,-15.51
2025-06-23,Monday,False,False,Summer,Exams,Summer Iced Happy Hour,36.9,27,222,6899.07,514.14,20.0,6364.93,2084.73,4280.2,44.54,404.22,407,157,8,65,51,28.67,1.83,67.25,2400.0,1246.58,383.57,360,197.2,4587.35,-755.91,-11.88
2025-06-24,Tuesday,False,False,Summer,Exams,Summer Iced Happy Hour,38.2,28,247,7257.3,426.11,46.09,6785.1,2217.79,4567.31,46.01,349.55,436,194,13,53,49,27.47,1.77,67.31,2400.0,1246.58,355.37,360,209.0,4570.95,-399.2,-5.88
2025-06-25,Wednesday,False,False,Summer,Exams,Summer Iced Happy Hour,39.2,29,224,6805.96,622.19,33.04,6150.73,2081.16,4069.57,46.61,288.38,384,180,8,44,40,27.46,1.71,66.16,2400.0,1246.58,402.0,360,184.65,4593.23,-858.65,-13.96
2025-06-26,Thursday,False,False,Summer,Exams,Summer Iced Happy Hour | Salary Week,39.0,0,329,11940.74,617.02,0.0,11323.72,3663.73,7659.99,84.67,536.3,679,242,15,87,58,34.42,2.06,67.65,2400.0,1246.58,386.1,360,158.08,4550.76,2488.26,21.97
2025-06-27,Friday,True,False,Summer,Summer Vacation,Salary Week,37.5,1,219,9463.41,215.64,20.87,9226.9,2967.11,6259.79,56.81,637.17,526,172,10,47,67,42.13,2.4,67.84,2400.0,1246.58,373.07,110,183.34,4312.99,1252.82,13.58
2025-06-28,Saturday,True,False,Summer,Summer Vacation,Salary Week,37.7,2,183,7636.49,243.47,25.21,7367.81,2398.56,4969.25,43.25,573.89,426,144,10,39,58,40.26,2.33,67.45,2400.0,1246.58,367.01,110,183.73,4307.32,44.79,0.61
2025-06-29,Sunday,False,False,Summer,Summer Vacation,Summer Iced Happy Hour | Salary Week,38.4,3,180,5615.63,288.94,33.7,5292.99,1746.8,3546.19,39.02,259.76,323,136,7,44,30,29.41,1.79,67.0,2400.0,1246.58,401.36,360,160.51,4568.45,-1321.04,-24.96
2025-06-30,Monday,False,False,Summer,Summer Vacation,Summer Iced Happy Hour | Salary Week,36.5,4,161,5282.53,345.66,0.0,4936.87,1633.56,3303.31,32.42,277.55,301,123,6,38,38,30.66,1.87,66.91,2400.0,1246.58,372.66,360,216.22,4595.46,-1602.12,-32.45
2025-07-01,Tuesday,False,False,Summer,Summer Vacation,Summer Iced Happy Hour,35.2,5,212,6608.6,398.51,59.78,6150.31,2021.07,4129.24,40.54,365.45,387,159,10,53,46,29.01,1.83,67.14,2322.58,1246.58,353.16,360,211.47,4493.79,-770.54,-12.53
2025-07-02,Wednesday,False,False,Summer,Summer Vacation,Summer Iced Happy Hour,37.5,6,226,7234.7,519.13,24.35,6691.22,2230.9,4460.32,44.31,399.57,410,185,10,41,52,29.61,1.81,66.66,2322.58,1246.58,388.79,360,180.67,4498.62,-482.18,-7.21
2025-07-03,Thursday,False,False,Summer,Summer Vacation,Summer Iced Happy Hour,37.2,7,273,9840.74,570.43,31.31,9239.0,3001.48,6237.52,66.1,471.46,557,213,19,60,53,33.84,2.04,67.51,2322.58,1246.58,376.79,360,161.64,4467.59,1232.37,13.34
2025-07-04,Friday,True,False,Summer,Summer Vacation,No Event,36.2,8,189,7506.06,221.73,13.91,7270.42,2314.72,4955.7,51.22,358.58,424,139,10,50,46,38.47,2.24,68.16,2322.58,1246.58,378.73,110,185.74,4243.63,302.27,4.16
2025-07-05,Saturday,True,False,Summer,Summer Vacation,No Event,36.0,9,200,8608.66,241.72,7.83,8359.11,2645.67,5713.44,57.97,544.11,491,157,11,43,54,41.8,2.46,68.35,2322.58,1246.58,375.08,110,179.39,4233.63,877.73,10.5
2025-07-06,Sunday,False,False,Summer,Summer Vacation,Summer Iced Happy Hour,36.3,10,184,5907.73,341.52,36.3,5529.91,1813.65,3716.26,39.15,316.98,339,138,8,46,43,30.05,1.84,67.2,2322.58,1246.58,377.79,360,171.61,4478.56,-1118.43,-20.23
2025-07-07,Monday,False,False,Summer,Summer Vacation,Summer Iced Happy Hour,36.1,11,180,6011.22,358.11,46.96,5606.15,1871.65,3734.5,38.23,354.83,355,134,7,46,41,31.15,1.97,66.61,2322.58,1246.58,359.04,360,217.35,4505.55,-1164.11,-20.76
2025-07-08,Tuesday,False,False,Summer,Summer Vacation,Summer Iced Happy Hour,36.6,12,155,4731.26,279.34,0.0,4451.92,1437.63,3014.29,35.91,161.93,270,118,11,37,23,28.72,1.74,67.71,2322.58,1246.58,380.8,360,151.2,4461.16,-1644.71,-36.94
2025-07-09,Wednesday,False,False,Summer,Summer Vacation,Summer Iced Happy Hour,37.7,13,179,5885.12,300.21,20.0,5564.91,1772.71,3792.2,42.54,275.82,340,138,6,41,33,31.09,1.9,68.14,2322.58,1246.58,381.53,360,228.11,4538.8,-1064.96,-19.14
2025-07-10,Thursday,False,False,Summer,Summer Vacation,Summer Iced Happy Hour,37.2,14,226,7789.49,528.24,60.22,7201.03,2446.48,4754.55,45.09,442.59,445,180,10,46,53,31.86,1.97,66.03,2322.58,1246.58,392.39,360,199.26,4520.81,-253.94,-3.53
2025-07-11,Friday,True,False,Summer,Summer Vacation,No Event,35.7,15,217,8805.17,221.72,18.26,8565.19,2729.68,5835.51,64.02,343.45,504,172,17,45,47,39.47,2.32,68.13,2322.58,1246.58,365.12,110,156.83,4201.11,1226.93,14.32
2025-07-12,Saturday,True,False,Summer,Summer Vacation,No Event,37.7,16,183,7701.72,282.59,18.26,7400.87,2372.64,5028.23,55.08,359.78,444,139,7,44,39,40.44,2.43,67.94,2322.58,1246.58,397.19,110,177.39,4253.74,359.63,4.86
2025-07-13,Sunday,False,False,Summer,Summer Vacation,Summer Iced Happy Hour,38.3,17,169,5052.99,310.89,0.0,4742.1,1547.28,3194.82,32.59,288.71,300,129,5,40,40,28.06,1.78,67.37,2322.58,1246.58,395.38,360,194.75,4519.29,-1645.77,-34.71
2025-07-14,Monday,False,False,Summer,Summer Vacation,Summer Iced Happy Hour,37.1,18,173,5439.96,329.36,0.0,5110.6,1710.44,3400.16,36.2,231.07,315,133,8,40,33,29.54,1.82,66.53,2322.58,1246.58,396.55,360,212.75,4538.46,-1405.57,-27.5
2025-07-15,Tuesday,False,False,Summer,Summer Vacation,Summer Iced Happy Hour,37.9,19,190,5868.65,350.9,0.0,5517.75,1787.48,3730.27,38.0,286.33,339,149,20,41,40,29.04,1.78,67.6,2322.58,1246.58,388.08,360,219.55,4536.79,-1130.85,-20.49
2025-07-16,Wednesday,False,False,Summer,Summer Vacation,Summer Iced Happy Hour,38.8,20,201,6741.73,393.99,0.0,6347.74,2111.64,4236.1,47.71,301.17,386,152,8,49,40,31.58,1.92,66.73,2322.58,1246.58,402.08,360,200.58,4531.82,-644.6,-10.15
2025-07-17,Thursday,False,False,Summer,Summer Vacation,Summer Iced Happy Hour,39.1,21,221,7389.55,439.57,0.0,6949.98,2242.89,4707.09,42.98,527.87,424,177,14,44,60,31.45,1.92,67.73,2322.58,1246.58,387.27,360,208.29,4524.72,-388.48,-5.59
2025-07-18,Friday,True,False,Summer,Summer Vacation,No Event,39.4,22,188,7217.37,179.12,18.26,7019.99,2268.55,4751.44,48.51,454.78,415,137,9,51,56,37.34,2.21,67.68,2322.58,1246.58,366.45,110,171.66,4217.27,30.88,0.44
2025-07-19,Saturday,True,False,Summer,Summer Vacation,No Event,40.0,23,185,7099.05,220.0,7.83,6871.22,2237.28,4633.94,43.18,387.46,410,140,11,45,44,37.14,2.22,67.44,2322.58,1246.58,409.17,110,191.22,4279.55,-76.25,-1.11
2025-07-20,Sunday,False,False,Summer,Summer Vacation,Summer Iced Happy Hour,40.1,24,181,5773.77,322.83,0.0,5450.94,1788.96,3661.98,37.68,287.98,334,144,13,37,37,30.12,1.85,67.18,2322.58,1246.58,423.49,360,211.37,4564.02,-1227.7,-22.52
2025-07-21,Monday,False,False,Summer,Summer Vacation,Summer Iced Happy Hour,38.7,25,186,5815.6,400.44,53.91,5361.25,1762.62,3598.63,31.66,424.72,336,153,5,33,56,28.82,1.81,67.12,2322.58,1246.58,408.75,360,186.87,4524.78,-1382.53,-25.79
2025-07-22,Tuesday,False,False,Summer,Summer Vacation,Summer Iced Happy Hour,37.7,26,151,4499.96,219.14,0.0,4280.82,1378.81,2902.01,29.15,250.11,264,118,6,33,30,28.35,1.75,67.79,2322.58,1246.58,395.63,360,188.01,4512.8,-1890.05,-44.15
2025-07-23,Wednesday,False,False,Summer,Summer Vacation,Summer Iced Happy Hour,39.7,27,213,7342.45,369.15,0.0,6973.3,2261.48,4711.82,48.95,429.44,420,164,8,49,53,32.74,1.97,67.57,2322.58,1246.58,393.35,360,176.7,4499.21,-265.78,-3.81
2025-07-24,Thursday,False,False,Summer,Summer Vacation,Summer Iced Happy Hour,37.7,28,270,9319.8,539.77,0.0,8780.03,2781.65,5998.38,65.78,387.74,529,199,14,71,49,32.52,1.96,68.32,2322.58,1246.58,378.48,360,192.48,4500.12,1044.74,11.9
2025-07-25,Friday,True,False,Summer,Summer Vacation,No Event,37.5,29,185,7583.5,253.03,0.0,7330.47,2384.31,4946.16,47.78,398.93,437,156,5,29,45,39.62,2.36,67.47,2322.58,1246.58,370.3,110,201.09,4250.55,248.9,3.4
2025-07-26,Saturday,True,False,Summer,Summer Vacation,No Event,36.8,30,168,6696.44,219.11,17.39,6459.94,2021.76,4438.18,47.01,325.49,392,132,13,36,41,38.45,2.33,68.7,2322.58,1246.58,369.84,110,203.28,4252.28,-186.6,-2.89
2025-07-27,Sunday,False,False,Summer,Summer Vacation,Summer Iced Happy Hour | Salary Week,37.0,0,198,6755.61,538.7,17.39,6199.52,2113.82,4085.7,41.4,349.93,383,152,11,46,41,31.31,1.93,65.9,2322.58,1246.58,360.74,360,192.48,4482.38,-788.01,-12.71
2025-07-28,Monday,False,False,Summer,Summer Vacation,Summer Iced Happy Hour | Salary Week,36.6,1,175,6088.66,379.58,20.87,5688.21,1939.81,3748.4,32.91,423.8,347,139,8,36,48,32.5,1.98,65.9,2322.58,1246.58,374.07,360,177.64,4480.87,-1189.18,-20.91
2025-07-29,Tuesday,False,False,Summer,Summer Vacation,Summer Iced Happy Hour | Salary Week,37.0,2,222,7142.51,525.21,33.04,6584.26,2214.73,4369.53,45.01,417.75,414,167,12,55,51,29.66,1.86,66.36,2322.58,1246.58,373.88,360,167.38,4470.42,-563.65,-8.56
2025-07-30,Wednesday,False,False,Summer,Summer Vacation,Summer Iced Happy Hour | Salary Week,38.4,3,223,7220.8,425.24,74.78,6720.78,2187.65,4533.13,45.59,401.53,411,178,14,45,54,30.14,1.84,67.45,2322.58,1246.58,379.45,360,199.43,4508.04,-422.03,-6.28
2025-07-31,Thursday,False,False,Summer,Summer Vacation,Summer Iced Happy Hour | Salary Week,38.2,4,245,8765.14,393.49,52.17,8319.48,2751.13,5568.35,60.32,444.62,500,197,12,48,54,33.96,2.04,66.93,2322.58,1246.58,365.35,360,161.04,4455.55,607.86,7.31
2025-08-01,Friday,True,False,Summer,Summer Vacation,No Event,38.0,5,169,6506.91,222.59,40.0,6244.32,2067.0,4177.32,38.18,380.8,367,133,8,36,48,36.95,2.17,66.9,2322.58,1246.58,366.39,110,217.11,4262.66,-504.32,-8.08
2025-08-02,Saturday,True,False,Summer,Summer Vacation,No Event,34.3,6,167,6679.08,196.52,34.78,6447.78,2093.54,4354.24,43.29,379.99,371,124,7,43,42,38.61,2.22,67.53,2322.58,1246.58,367.35,110,216.37,4262.88,-331.92,-5.15
2025-08-03,Sunday,False,False,Summer,Summer Vacation,Summer Iced Happy Hour,34.2,7,179,5744.29,408.92,23.48,5311.89,1772.7,3539.19,38.91,302.07,331,136,7,43,40,29.68,1.85,66.63,2322.58,1246.58,350.6,360,194.29,4474.05,-1275.84,-24.02
2025-08-04,Monday,False,False,Summer,Summer Vacation,Summer Iced Happy Hour,36.1,8,136,4822.53,264.11,0.0,4558.42,1516.48,3041.94,29.02,344.4,271,103,6,33,36,33.52,1.99,66.73,2322.58,1246.58,363.87,360,194.14,4487.17,-1818.65,-39.9
2025-08-05,Tuesday,False,False,Summer,Summer Vacation,Summer Iced Happy Hour,38.4,9,147,4912.97,359.8,8.7,4544.47,1474.26,3070.21,28.5,364.98,291,115,8,32,44,30.91,1.98,67.56,2322.58,1246.58,381.9,360,207.37,4518.43,-1841.7,-40.53
2025-08-06,Wednesday,False,False,Summer,Summer Vacation,Summer Iced Happy Hour,35.6,10,169,5374.78,328.7,20.0,5026.08,1694.18,3331.9,37.05,224.4,313,125,5,44,30,29.74,1.85,66.29,2322.58,1246.58,359.52,360,188.35,4477.03,-1406.58,-27.99
2025-08-07,Thursday,False,False,Summer,Summer Vacation,Summer Iced Happy Hour,34.4,11,274,9537.3,553.5,80.87,8902.93,2957.22,5945.71,54.07,657.84,545,224,13,50,76,32.49,1.99,66.78,2322.58,1246.58,343.3,360,182.07,4454.53,779.27,8.75
2025-08-08,Friday,True,False,Summer,Summer Vacation,No Event,34.9,12,173,7226.06,206.95,18.26,7000.85,2229.55,4771.3,57.4,218.61,407,135,5,38,29,40.47,2.35,68.15,2322.58,1246.58,347.93,110,186.25,4213.34,281.95,4.03
2025-08-09,Saturday,True,False,Summer,Summer Vacation,No Event,36.6,13,171,6690.43,150.43,0.0,6540.0,2067.86,4472.14,42.17,421.42,383,134,5,37,52,38.25,2.24,68.38,2322.58,1246.58,389.02,110,185.44,4253.62,-245.07,-3.75
2025-08-10,Sunday,False,False,Summer,Summer Vacation,Summer Iced Happy Hour,38.6,14,159,5106.02,381.74,13.91,4710.37,1543.69,3166.68,28.27,335.01,299,127,9,32,46,29.62,1.88,67.23,2322.58,1246.58,394.97,360,177.9,4502.03,-1698.63,-36.06
2025-08-11,Monday,False,False,Summer,Summer Vacation,Summer Iced Happy Hour,36.3,15,156,4946.07,275.22,18.26,4652.59,1480.05,3172.54,28.52,326.18,288,125,14,31,42,29.82,1.85,68.19,2322.58,1246.58,339.1,360,167.12,4435.38,-1617.54,-34.77
2025-08-12,Tuesday,False,False,Summer,Summer Vacation,Summer Iced Happy Hour,37.6,16,154,5129.52,395.88,34.78,4698.86,1581.57,3117.29,28.24,324.81,298,124,9,30,43,30.51,1.94,66.34,2322.58,1246.58,357.23,360,182.34,4468.73,-1704.49,-36.27
2025-08-13,Wednesday,False,False,Summer,Summer Vacation,Summer Iced Happy Hour,38.6,17,172,6141.67,393.71,0.0,5747.96,1913.25,3834.71,36.55,366.27,351,143,8,29,43,33.42,2.04,66.71,2322.58,1246.58,405.85,360,199.28,4534.29,-1102.4,-19.18
2025-08-14,Thursday,False,False,Summer,Summer Vacation,Summer Iced Happy Hour,38.3,18,193,6746.03,396.11,35.0,6314.92,2070.18,4244.74,47.03,295.79,379,156,7,37,40,32.72,1.96,67.22,2322.58,1246.58,383.49,360,222.29,4534.94,-633.02,-10.02
2025-08-15,Friday,True,False,Summer,Summer Vacation,No Event,38.2,19,171,6530.38,333.03,26.96,6170.39,1982.04,4188.35,36.44,451.26,365,134,4,37,51,36.08,2.13,67.88,2322.58,1246.58,383.14,110,208.6,4270.9,-570.25,-9.24
2025-08-16,Saturday,True,False,Summer,Summer Vacation,No Event,36.5,20,139,5307.81,74.78,37.39,5195.64,1641.66,3553.98,35.62,295.83,306,109,10,30,36,37.38,2.2,68.4,2322.58,1246.58,363.64,110,219.62,4262.42,-1039.89,-20.01
2025-08-17,Sunday,False,False,Summer,Summer Vacation,Summer Iced Happy Hour,36.6,21,172,5545.99,430.62,18.26,5097.11,1703.65,3393.46,32.97,329.03,336,150,8,22,42,29.63,1.95,66.58,2322.58,1246.58,375.24,360,213.33,4517.73,-1486.27,-29.16
2025-08-18,Monday,False,False,Summer,Summer Vacation,Summer Iced Happy Hour,36.6,22,139,4298.14,270.85,24.34,4002.95,1288.57,2714.38,27.56,310.01,249,114,9,25,39,28.8,1.79,67.81,2322.58,1246.58,384.43,360,142.8,4456.39,-2079.58,-51.95
2025-08-19,Tuesday,False,False,Summer,Summer Vacation,Summer Iced Happy Hour,35.2,23,177,5859.89,463.09,21.74,5375.06,1840.24,3534.82,36.94,290.49,342,128,9,49,33,30.37,1.93,65.76,2322.58,1246.58,345.79,360,203.84,4478.79,-1271.4,-23.65
2025-08-20,Wednesday,False,False,Summer,Summer Vacation,Summer Iced Happy Hour,35.2,24,191,6147.82,365.25,18.26,5764.31,1925.66,3838.65,40.31,286.75,349,151,8,40,39,30.18,1.83,66.59,2322.58,1246.58,355.7,360,203.88,4488.74,-977.15,-16.95
2025-08-21,Thursday,False,False,Summer,Summer Vacation,Summer Iced Happy Hour,34.9,25,236,8231.2,580.5,41.53,7609.17,2444.15,5165.02,48.62,475.26,482,196,11,40,56,32.24,2.04,67.88,2322.58,1246.58,336.87,360,190.9,4456.93,184.21,2.42
2025-08-22,Friday,True,False,Summer,Summer Vacation,No Event,34.7,26,136,5189.46,114.77,73.04,5001.65,1579.09,3422.56,34.66,305.53,298,106,7,30,33,36.78,2.19,68.43,2322.58,1246.58,384.3,110,181.81,4245.27,-1162.9,-23.25
2025-08-23,Saturday,True,False,Summer,Summer Vacation,No Event,35.0,27,186,7754.8,196.51,20.0,7538.29,2446.95,5091.34,46.93,542.38,452,147,8,39,54,40.53,2.43,67.54,2322.58,1246.58,355.59,110,214.64,4249.39,252.64,3.35
2025-08-24,Sunday,False,False,Summer,In Session,Summer Iced Happy Hour | Back to School 15%,35.8,28,218,6593.88,588.8,17.74,5987.34,2043.37,3943.97,44.62,198.44,376,168,20,50,33,27.46,1.72,65.87,2322.58,1246.58,328.1,660,201.58,4758.84,-1057.93,-17.67
2025-08-25,Monday,False,False,Summer,In Session,Summer Iced Happy Hour | Back to School 15%,35.7,29,219,6504.2,579.33,0.0,5924.87,1990.51,3934.36,39.56,322.37,389,159,23,60,39,27.05,1.78,66.4,2322.58,1246.58,354.06,660,200.35,4783.57,-1211.14,-20.44
2025-08-26,Tuesday,False,False,Summer,In Session,Summer Iced Happy Hour | Back to School 15%,35.1,30,184,5785.18,594.26,18.26,5172.66,1842.89,3329.77,36.36,216.1,333,140,11,44,29,28.11,1.81,64.37,2322.58,1246.58,351.44,660,185.78,4766.38,-1689.07,-32.65
2025-08-27,Wednesday,False,False,Summer,In Session,Summer Iced Happy Hour | Back to School 15% | Salary Week,33.5,0,272,8518.07,724.65,0.0,7793.42,2575.74,5217.68,59.86,335.78,489,222,16,50,49,28.65,1.8,66.95,2322.58,1246.58,332.49,660,158.94,4720.59,101.45,1.3
2025-08-28,Thursday,False,False,Summer,In Session,Summer Iced Happy Hour | Back to School 15% | Salary Week,31.5,1,311,10608.67,827.69,0.0,9780.98,3244.85,6536.13,77.9,370.08,599,239,26,72,42,31.45,1.93,66.82,2322.58,1246.58,323.35,660,158.22,4710.73,1377.42,14.08
2025-08-29,Friday,True,False,Summer,In Session,Back to School 15% | Salary Week,32.5,2,220,8633.83,286.26,14.04,8333.53,2677.0,5656.53,62.08,439.12,498,161,17,59,45,37.88,2.26,67.88,2322.58,1246.58,319.23,410,193.26,4491.65,663.68,7.96
2025-08-30,Saturday,True,False,Summer,In Session,Back to School 15% | Salary Week,35.2,3,201,7839.1,328.89,21.26,7488.95,2385.7,5103.25,58.73,299.08,453,147,16,54,38,37.26,2.25,68.14,2322.58,1246.58,357.14,410,181.9,4518.2,227.24,3.03
2025-08-31,Sunday,False,False,Summer,In Session,Summer Iced Happy Hour | Back to School 15% | Salary Week,34.0,4,218,6792.02,464.13,41.74,6286.15,2104.94,4181.21,48.14,239.16,396,173,17,45,32,28.84,1.82,66.51,2322.58,1246.58,366.11,660,206.64,4801.91,-908.0,-14.44
2025-09-01,Monday,False,False,Autumn,In Session,Back to School 15%,35.4,5,213,6951.26,268.56,0.0,6682.7,2158.67,4524.03,47.95,280.0,396,159,15,54,34,31.37,1.86,67.7,2400.0,1246.58,355.53,410,211.7,4623.81,-427.73,-6.4
2025-09-02,Tuesday,False,False,Autumn,In Session,Back to School 15%,35.3,6,202,6225.15,285.05,8.7,5931.4,1844.37,4087.03,39.6,333.72,369,156,11,46,38,29.36,1.83,68.9,2400.0,1246.58,343.77,410,195.03,4595.38,-881.67,-14.86
2025-09-03,Wednesday,False,False,Autumn,In Session,Back to School 15%,33.8,7,249,7919.86,624.53,34.65,7260.68,2352.59,4908.09,53.89,324.89,453,202,10,47,38,29.16,1.82,67.6,2400.0,1246.58,336.37,410,185.68,4578.63,-49.32,-0.68
2025-09-04,Thursday,False,False,Autumn,In Session,Back to School 15%,32.9,8,308,10252.15,600.46,54.78,9596.91,3109.84,6487.07,71.6,424.73,602,249,25,59,53,31.16,1.95,67.6,2400.0,1246.58,325.15,410,190.48,4572.21,1418.53,14.78
2025-09-05,Friday,True,False,Autumn,In Session,Back to School 15%,35.3,9,242,9766.04,410.6,93.04,9262.4,2992.45,6269.95,70.11,423.82,555,169,10,73,49,38.27,2.29,67.69,2400.0,1246.58,342.37,410,203.2,4602.15,1173.87,12.67
2025-09-06,Saturday,True,False,Autumn,In Session,Back to School 15%,34.0,10,209,8086.06,288.27,20.0,7777.79,2438.26,5339.53,60.31,302.43,475,151,13,58,35,37.21,2.27,68.65,2400.0,1246.58,339.13,410,136.96,4532.67,444.12,5.71
2025-09-07,Sunday,False,False,Autumn,In Session,No Event,32.4,11,267,7533.84,166.95,20.0,7346.89,2297.75,5049.14,54.06,279.1,445,213,10,54,37,27.52,1.67,68.72,2400.0,1246.58,325.51,110,220.3,4302.39,413.59,5.63
2025-09-08,Monday,False,False,Autumn,In Session,No Event,33.5,12,244,7252.89,130.43,27.82,7094.64,2131.7,4962.94,54.47,307.12,427,191,5,53,44,29.08,1.75,69.95,2400.0,1246.58,337.2,110,187.37,4281.15,320.2,4.51
2025-09-09,Tuesday,False,False,Autumn,In Session,No Event,31.6,13,245,8933.75,403.89,0.0,8529.86,2665.81,5864.05,56.93,304.49,518,179,10,66,37,34.82,2.11,68.75,2400.0,1246.58,303.1,110,223.96,4283.64,1218.99,14.29
2025-09-10,Wednesday,False,False,Autumn,In Session,No Event,32.7,14,259,8171.23,215.63,20.0,7935.6,2479.86,5455.74,54.09,394.73,464,199,12,60,41,30.64,1.79,68.75,2400.0,1246.58,339.23,110,183.79,4279.6,727.32,9.17
2025-09-11,Thursday,False,False,Autumn,In Session,No Event,32.6,15,274,9198.23,272.17,0.0,8926.06,2757.23,6168.83,63.89,441.91,529,206,9,68,48,32.58,1.93,69.11,2400.0,1246.58,291.98,110,170.99,4219.55,1443.48,16.17
2025-09-12,Friday,True,False,Autumn,In Session,No Event,33.8,16,267,10854.71,434.78,16.52,10403.41,3223.05,7180.36,79.16,522.61,623,203,11,64,59,38.96,2.33,69.02,2400.0,1246.58,330.31,110,149.01,4235.9,2342.69,22.52
2025-09-13,Saturday,True,False,Autumn,In Session,No Event,34.0,17,215,8850.4,386.96,11.31,8452.13,2758.14,5693.99,67.49,355.46,505,168,6,47,34,39.31,2.35,67.37,2400.0,1246.58,333.44,110,199.86,4289.88,981.16,11.61
2025-09-14,Sunday,False,False,Autumn,In Session,No Event,34.3,18,234,8481.58,355.28,0.0,8126.3,2513.21,5613.09,56.21,211.49,514,167,5,67,24,34.73,2.2,69.07,2400.0,1246.58,354.57,110,182.46,4293.61,1051.78,12.94
2025-09-15,Monday,False,False,Autumn,In Session,No Event,33.3,19,257,8526.85,392.33,17.39,8117.13,2558.04,5559.09,54.7,306.26,481,195,6,62,35,31.58,1.87,68.49,2400.0,1246.58,347.96,110,190.4,4294.94,903.19,11.13
2025-09-16,Tuesday,False,False,Autumn,In Session,No Event,34.6,20,221,7123.38,328.6,0.0,6794.78,2133.38,4661.4,54.86,183.63,410,160,9,61,27,30.75,1.86,68.6,2400.0,1246.58,366.19,110,188.83,4311.6,111.31,1.64
2025-09-17,Wednesday,False,False,Autumn,In Session,No Event,33.9,21,264,8663.4,286.08,0.0,8377.32,2670.38,5706.94,68.92,250.94,498,191,5,73,33,31.73,1.89,68.12,2400.0,1246.58,335.95,110,190.81,4283.34,1103.74,13.18
2025-09-18,Thursday,False,False,Autumn,In Session,No Event,33.5,22,344,11809.45,360.85,20.0,11428.6,3545.26,7883.34,89.35,400.85,678,247,15,97,49,33.22,1.97,68.98,2400.0,1246.58,368.08,110,191.55,4316.21,3076.93,26.92
2025-09-19,Friday,True,False,Autumn,In Session,No Event,34.1,23,262,10888.63,310.42,20.0,10558.21,3349.44,7208.77,78.57,446.81,634,201,15,61,49,40.3,2.42,68.28,2400.0,1246.58,354.87,110,179.24,4290.69,2392.7,22.66
2025-09-20,Saturday,True,False,Autumn,In Session,No Event,31.5,24,217,8132.09,230.42,6.96,7894.71,2416.38,5478.33,59.99,368.54,471,166,7,51,43,36.38,2.17,69.39,2400.0,1246.58,309.63,110,225.88,4292.09,757.71,9.6
2025-09-21,Sunday,False,False,Autumn,In Session,National Day Offer,31.6,25,252,7521.7,1445.08,29.22,6047.4,2303.78,3743.62,45.37,274.68,425,201,16,51,42,24.0,1.69,61.9,2750.0,1246.58,335.78,910,198.51,5440.87,-2017.3,-33.36
2025-09-22,Monday,False,False,Autumn,In Session,National Day Eve | National Day Offer,30.8,26,289,9913.83,1759.84,0.0,8153.99,2934.37,5219.62,56.14,225.72,562,202,21,87,31,28.21,1.94,64.01,2750.0,1246.58,317.73,910,174.62,5398.93,-461.17,-5.66
2025-09-23,Tuesday,False,True,Autumn,In Session,Saudi National Day | National Day Offer,28.8,27,233,8530.39,1679.26,16.7,6834.43,2535.69,4298.74,53.67,284.66,476,172,19,61,40,29.33,2.04,62.9,2750.0,1246.58,280.01,910,204.09,5390.68,-1430.27,-20.93
2025-09-24,Wednesday,False,False,Autumn,In Session,National Day Offer,30.2,28,280,8705.95,1606.63,25.22,7074.1,2639.13,4434.97,57.58,297.06,480,210,28,70,39,25.26,1.71,62.69,2750.0,1246.58,318.64,910,165.88,5391.1,-1310.77,-18.53
2025-09-25,Thursday,False,False,Autumn,In Session,Salary Week,28.7,0,311,11740.67,355.65,13.04,11371.98,3504.7,7867.28,86.7,387.02,661,232,15,79,38,36.57,2.13,69.18,2400.0,1246.58,308.19,110,203.12,4267.89,3125.67,27.49
2025-09-26,Friday,True,False,Autumn,In Session,Salary Week,28.0,1,306,12624.27,370.41,65.22,12188.64,3815.36,8373.28,96.62,515.48,718,229,21,77,53,39.83,2.35,68.7,2400.0,1246.58,273.04,110,215.86,4245.48,3515.7,28.84
2025-09-27,Saturday,True,False,Autumn,In Session,Salary Week,28.2,2,272,11100.83,242.6,14.78,10843.45,3371.37,7472.08,77.18,625.21,624,207,14,65,62,39.87,2.29,68.91,2400.0,1246.58,282.95,110,135.48,4175.01,2594.68,23.93
2025-09-28,Sunday,False,False,Autumn,In Session,Salary Week,30.7,3,260,9517.18,401.11,54.78,9061.29,2875.85,6185.44,65.44,318.98,528,193,12,67,36,34.85,2.03,68.26,2400.0,1246.58,293.47,110,198.31,4248.36,1552.66,17.14
2025-09-29,Monday,False,False,Autumn,In Session,Salary Week,30.8,4,269,8019.91,228.69,20.0,7771.22,2394.42,5376.8,57.95,263.49,458,209,11,60,28,28.89,1.7,69.19,2400.0,1246.58,293.69,110,209.02,4259.29,796.07,10.24
2025-09-30,Tuesday,False,False,Autumn,In Session,No Event,30.9,5,270,9095.49,407.82,11.3,8676.37,2760.58,5915.79,66.37,372.23,514,205,12,65,41,32.13,1.9,68.18,2400.0,1246.58,313.67,110,142.37,4212.62,1264.57,14.57
2025-10-01,Wednesday,False,False,Autumn,In Session,No Event,30.6,6,297,9262.38,322.59,32.17,8907.62,2732.03,6175.59,64.76,461.24,522,232,12,65,59,29.99,1.76,69.33,2322.58,1246.58,285.95,110,153.99,4119.1,1530.49,17.18
2025-10-02,Thursday,False,False,Autumn,In Session,No Event,30.9,7,333,10689.56,253.04,20.0,10416.52,3209.17,7207.35,81.16,396.54,607,244,16,89,46,31.28,1.82,69.19,2322.58,1246.58,290.84,110,174.14,4144.14,2585.51,24.82
2025-10-03,Friday,True,False,Autumn,In Session,No Event,33.3,8,291,11754.8,384.33,0.0,11370.47,3576.04,7794.43,88.9,434.22,670,230,13,61,53,39.07,2.3,68.55,2322.58,1246.58,334.09,110,173.72,4186.97,3084.34,27.13
2025-10-04,Saturday,True,False,Autumn,In Session,No Event,31.8,9,244,9489.45,296.5,0.0,9192.95,2887.2,6305.75,70.7,422.06,526,190,9,54,47,37.68,2.16,68.59,2322.58,1246.58,304.09,110,164.42,4147.67,1665.32,18.12
2025-10-05,Sunday,False,False,Autumn,In Session,No Event,32.9,10,277,8599.92,343.46,20.87,8235.59,2664.63,5570.96,61.22,399.13,497,203,5,74,44,29.73,1.79,67.64,2322.58,1246.58,336.02,110,211.83,4227.01,883.6,10.73
2025-10-06,Monday,False,False,Autumn,In Session,No Event,33.5,11,249,8584.15,221.81,0.0,8362.34,2633.41,5728.93,59.98,267.98,493,182,11,67,35,33.58,1.98,68.51,2322.58,1246.58,364.36,110,185.18,4228.7,1172.27,14.02
2025-10-07,Tuesday,False,False,Autumn,In Session,No Event,32.1,12,254,7702.48,473.01,0.0,7229.47,2342.18,4887.29,53.67,306.4,447,197,9,57,32,28.46,1.76,67.6,2322.58,1246.58,279.96,110,162.02,4121.14,406.08,5.62
2025-10-08,Wednesday,False,False,Autumn,In Session,No Event,29.8,13,291,8704.25,310.43,46.96,8346.86,2619.54,5727.32,63.2,384.69,499,220,9,71,47,28.68,1.71,68.62,2322.58,1246.58,289.82,110,192.07,4161.05,1118.38,13.4
2025-10-09,Thursday,False,False,Autumn,In Session,No Event,30.0,14,346,11689.43,501.72,20.87,11166.84,3543.33,7623.51,80.75,431.28,662,267,18,79,50,32.27,1.91,68.27,2322.58,1246.58,303.11,110,184.57,4166.84,2944.64,26.37
2025-10-10,Friday,True,False,Autumn,In Session,No Event,28.9,15,272,11396.39,368.67,0.0,11027.72,3466.84,7560.88,85.89,409.37,647,209,14,63,46,40.54,2.38,68.56,2322.58,1246.58,302.37,110,186.86,4168.39,2897.23,26.27
2025-10-11,Saturday,True,False,Autumn,In Session,No Event,27.4,16,230,9051.3,244.34,53.05,8753.91,2814.23,5939.68,68.73,305.04,509,168,8,62,40,38.06,2.21,67.85,2322.58,1246.58,273.75,110,191.78,4144.69,1421.22,16.24
2025-10-12,Sunday,False,False,Autumn,In Session,No Event,26.5,17,295,9285.96,486.06,0.0,8799.9,2778.63,6021.27,71.19,302.95,519,216,15,79,36,29.83,1.76,68.42,2322.58,1246.58,252.18,110,206.84,4138.18,1508.95,17.15
2025-10-13,Monday,False,False,Autumn,In Session,No Event,24.8,18,285,8152.9,493.0,19.13,7640.77,2474.45,5166.32,64.86,260.18,473,229,6,56,34,26.81,1.66,67.62,2322.58,1246.58,256.8,110,208.61,4144.57,696.71,9.12
2025-10-14,Tuesday,False,False,Autumn,In Session,No Event,22.4,19,313,9420.76,313.02,0.0,9107.74,2910.32,6197.42,77.43,296.01,529,236,12,77,37,29.1,1.69,68.05,2322.58,1246.58,246.84,110,195.92,4121.92,1702.06,18.69
2025-10-15,Wednesday,False,False,Autumn,In Session,No Event,24.9,20,300,9106.01,297.39,38.26,8770.36,2751.72,6018.64,68.24,301.43,522,224,9,76,37,29.23,1.74,68.62,2322.58,1246.58,223.57,110,203.99,4106.72,1542.25,17.58
2025-10-16,Thursday,False,False,Autumn,In Session,No Event,24.7,21,362,12253.81,337.38,13.91,11902.52,3608.82,8293.7,96.71,384.03,693,262,15,100,47,32.88,1.91,69.68,2322.58,1246.58,246.39,110,206.85,4132.4,3680.56,30.92
2025-10-17,Friday,True,False,Autumn,In Session,No Event,26.0,22,266,10175.69,418.25,26.96,9730.48,3093.04,6637.44,79.78,317.38,585,199,18,67,38,36.58,2.2,68.21,2322.58,1246.58,224.42,110,169.23,4072.81,2167.47,22.28
2025-10-18,Saturday,True,False,Autumn,In Session,No Event,25.3,23,283,10933.93,320.85,49.56,10563.52,3380.47,7183.05,75.51,454.81,627,233,12,50,57,37.33,2.22,68.0,2322.58,1246.58,248.08,110,186.46,4113.7,2539.03,24.04
2025-10-19,Sunday,False,False,Autumn,In Session,No Event,26.4,24,256,9372.19,428.26,23.48,8920.45,2901.99,6018.46,59.73,334.6,530,206,7,50,38,34.85,2.07,67.47,2322.58,1246.58,286.05,110,227.52,4192.73,1431.4,16.05
2025-10-20,Monday,False,False,Autumn,In Session,No Event,27.1,25,277,9137.33,287.48,50.44,8799.41,2746.31,6053.1,57.68,371.49,524,217,9,60,44,31.77,1.89,68.79,2322.58,1246.58,265.63,110,247.41,4192.2,1431.73,16.27
2025-10-21,Tuesday,False,False,Autumn,In Session,No Event,25.6,26,254,8290.43,345.74,20.87,7923.82,2462.62,5461.2,55.87,250.24,476,187,14,67,31,31.2,1.87,68.92,2322.58,1246.58,262.68,110,213.15,4154.99,1000.1,12.62
2025-10-22,Wednesday,False,False,Autumn,In Session,No Event,25.5,27,221,6643.5,212.17,14.78,6416.55,2045.96,4370.59,53.6,175.49,385,155,8,66,27,29.03,1.74,68.11,2322.58,1246.58,261.83,110,168.11,4109.1,32.4,0.5
2025-10-23,Thursday,False,False,Autumn,In Session,No Event,26.0,28,306,9808.57,246.94,72.18,9489.45,2997.07,6492.38,78.43,333.55,556,229,13,77,42,31.01,1.82,68.42,2322.58,1246.58,239.18,110,186.65,4104.99,1975.41,20.82
2025-10-24,Friday,True,False,Autumn,In Session,No Event,26.1,29,245,9084.26,430.4,40.0,8613.86,2702.52,5911.34,63.31,370.76,520,181,11,64,45,35.16,2.12,68.63,2322.58,1246.58,238.5,110,159.87,4077.53,1399.74,16.25
2025-10-25,Saturday,True,False,Autumn,In Session,No Event,26.8,30,238,9752.13,269.56,47.83,9434.74,2962.7,6472.04,69.65,405.94,552,181,14,57,45,39.64,2.32,68.6,2322.58,1246.58,257.9,110,198.4,4135.46,1860.99,19.72
2025-10-26,Sunday,False,False,Autumn,In Session,No Event,28.7,31,248,7486.87,324.33,64.35,7098.19,2270.37,4827.82,51.62,309.92,428,196,4,52,37,28.62,1.73,68.01,2322.58,1246.58,278.75,110,196.69,4154.6,311.68,4.39
2025-10-27,Monday,False,False,Autumn,In Session,Salary Week,27.6,0,304,10044.23,314.77,0.0,9729.46,3044.12,6685.34,78.56,369.72,585,236,12,68,41,32.0,1.92,68.71,2322.58,1246.58,244.55,110,181.99,4105.7,2131.36,21.91
2025-10-28,Tuesday,False,False,Autumn,In Session,Salary Week,25.7,1,263,7974.72,246.95,0.0,7727.77,2396.68,5331.09,56.87,295.82,456,202,10,61,35,29.38,1.73,68.99,2322.58,1246.58,249.19,110,181.36,4109.71,868.69,11.24
2025-10-29,Wednesday,False,False,Autumn,In Session,Salary Week,25.9,2,297,11039.68,563.7,0.0,10475.98,3379.49,7096.49,68.04,409.23,650,238,16,59,48,35.27,2.19,67.74,2322.58,1246.58,253.41,110,240.05,4172.62,2446.6,23.35
2025-10-30,Thursday,False,False,Autumn,In Session,Salary Week,25.4,3,325,11296.43,428.67,11.3,10856.46,3350.37,7506.09,85.55,317.42,641,239,8,86,35,33.4,1.97,69.14,2322.58,1246.58,240.59,110,162.51,4082.26,3020.86,27.83
2025-10-31,Friday,True,False,Autumn,In Session,Salary Week,24.9,4,273,11248.64,426.95,0.0,10821.69,3364.96,7456.73,86.6,463.32,650,201,14,72,53,39.64,2.38,68.91,2322.58,1246.58,235.9,110,210.58,4125.64,2781.17,25.7
2025-11-01,Saturday,True,False,Autumn,In Session,No Event,24.9,5,258,9631.24,306.94,34.78,9289.52,2940.46,6349.06,73.05,355.67,554,191,12,67,37,36.01,2.15,68.35,2400.0,1246.58,254.46,110,184.62,4195.66,1724.68,18.57
2025-11-02,Sunday,False,False,Autumn,In Session,No Event,25.4,6,263,7465.89,336.49,0.0,7129.4,2216.06,4913.34,60.81,253.4,433,197,10,66,33,27.11,1.65,68.92,2400.0,1246.58,227.88,110,202.39,4186.85,412.28,5.78
2025-11-03,Monday,False,False,Autumn,In Session,No Event,24.6,7,274,8878.12,166.06,0.0,8712.06,2669.89,6042.17,71.68,343.47,509,200,10,74,36,31.8,1.86,69.35,2400.0,1246.58,222.77,110,216.54,4195.89,1431.13,16.43
2025-11-04,Tuesday,False,False,Autumn,In Session,No Event,21.4,8,289,9112.95,336.5,40.0,8736.45,2793.49,5942.96,65.67,346.93,525,224,9,65,39,30.23,1.82,68.02,2400.0,1246.58,191.82,110,219.47,4167.87,1362.49,15.6
2025-11-05,Wednesday,False,False,Autumn,In Session,No Event,22.5,9,303,9583.37,472.16,19.13,9092.08,2922.43,6169.65,75.23,298.58,550,218,16,85,36,30.01,1.82,67.86,2400.0,1246.58,199.26,110,189.31,4145.15,1650.69,18.16
2025-11-06,Thursday,False,False,Autumn,In Session,No Event,21.5,10,365,12214.69,365.19,0.0,11849.5,3647.62,8201.88,108.34,268.0,691,260,18,105,35,32.46,1.89,69.22,2400.0,1246.58,211.95,110,192.24,4160.77,3664.77,30.93
2025-11-07,Friday,True,False,Autumn,In Session,No Event,22.1,11,335,12684.1,384.32,8.7,12291.08,3792.9,8498.18,100.53,411.1,716,250,23,85,46,36.69,2.14,69.14,2400.0,1246.58,189.75,110,200.15,4146.48,3840.07,31.24
2025-11-08,Saturday,True,False,Autumn,In Session,No Event,19.8,12,260,10384.32,339.98,8.7,10035.64,3206.08,6829.56,82.17,243.66,589,192,9,68,28,38.6,2.27,68.05,2400.0,1246.58,220.85,110,199.18,4176.61,2327.12,23.19
2025-11-09,Sunday,False,False,Autumn,In Session,No Event,19.6,13,285,8065.06,252.17,5.22,7807.67,2430.93,5376.74,65.64,190.6,475,211,15,74,21,27.4,1.67,68.86,2400.0,1246.58,232.7,110,221.29,4210.57,909.93,11.65
2025-11-10,Monday,False,False,Autumn,In Session,No Event,21.9,14,253,7638.16,193.9,50.44,7393.82,2297.22,5096.6,62.61,236.18,439,187,9,66,28,29.22,1.74,68.93,2400.0,1246.58,224.89,110,206.03,4187.5,610.31,8.25
2025-11-11,Tuesday,False,False,Autumn,In Session,No Event,21.5,15,256,7803.42,252.17,0.0,7551.25,2433.04,5118.21,62.77,284.85,447,189,14,67,32,29.5,1.75,67.78,2400.0,1246.58,184.09,110,150.14,4090.81,679.78,9.0
2025-11-12,Wednesday,False,False,Autumn,In Session,No Event,21.8,16,246,7542.51,321.71,70.44,7150.36,2274.05,4876.31,59.09,235.65,442,179,9,67,31,29.07,1.8,68.2,2400.0,1246.58,205.49,110,202.05,4164.12,417.45,5.84
2025-11-13,Thursday,False,False,Autumn,In Session,No Event,19.8,17,380,12210.29,346.07,0.0,11864.22,3629.14,8235.08,105.71,350.94,703,293,22,87,44,31.22,1.85,69.41,2400.0,1246.58,198.08,110,200.05,4154.71,3623.72,30.54
2025-11-14,Friday,True,False,Autumn,In Session,No Event,20.3,18,281,10549.55,364.33,38.26,10146.96,3205.6,6941.36,79.94,383.79,621,216,19,65,41,36.11,2.21,68.41,2400.0,1246.58,217.65,110,206.3,4180.53,2297.1,22.64
2025-11-15,Saturday,True,False,Autumn,In Session,No Event,21.9,19,234,9481.84,240.0,0.0,9241.84,2983.43,6258.41,72.84,328.17,554,169,10,65,36,39.5,2.37,67.72,2400.0,1246.58,215.28,110,194.51,4166.37,1691.03,18.3
2025-11-16,Sunday,False,False,Autumn,In Session,No Event,23.5,20,268,8072.05,234.76,39.13,7798.16,2367.67,5430.49,63.06,248.0,477,205,15,63,28,29.1,1.78,69.64,2400.0,1246.58,217.28,110,160.94,4134.8,984.63,12.63
2025-11-17,Monday,False,False,Autumn,In Session,No Event,23.6,21,294,9851.99,434.06,19.13,9398.8,2947.45,6451.35,55.85,521.62,577,247,11,47,65,31.97,1.96,68.64,2400.0,1246.58,226.86,110,180.13,4163.57,1710.31,18.2
2025-11-18,Tuesday,False,False,Autumn,In Session,No Event,23.9,22,247,6963.32,227.81,28.69,6706.82,2124.14,4582.68,60.91,174.82,392,185,5,62,25,27.15,1.59,68.33,2400.0,1246.58,228.33,110,190.03,4174.94,172.01,2.56
2025-11-19,Wednesday,False,False,Autumn,In Session,No Event,24.5,23,255,6989.39,256.51,31.3,6701.58,2019.96,4681.62,54.88,183.85,409,188,13,67,33,26.28,1.6,69.86,2400.0,1246.58,229.65,110,152.35,4138.58,304.31,4.54
2025-11-20,Thursday,False,False,Autumn,In Session,No Event,22.9,24,375,12150.34,501.72,40.87,11607.75,3690.95,7916.8,98.04,303.1,699,275,18,100,39,30.95,1.86,68.2,2400.0,1246.58,242.61,110,186.97,4186.16,3329.5,28.68
2025-11-21,Friday,True,False,Autumn,Term Break,No Event,21.6,25,301,11105.99,317.37,47.82,10740.8,3395.8,7345.0,87.81,336.54,643,220,16,81,42,35.68,2.14,68.38,2400.0,1246.58,197.17,110,193.26,4147.01,2773.64,25.82
2025-11-22,Saturday,True,False,Autumn,Term Break,No Event,19.8,26,257,9854.7,412.15,14.78,9427.77,2977.75,6450.02,71.78,335.15,563,198,16,59,32,36.68,2.19,68.42,2400.0,1246.58,219.15,110,201.84,4177.57,1865.52,19.79
2025-11-23,Sunday,False,False,Autumn,Term Break,No Event,19.5,27,246,7549.45,273.91,19.13,7256.41,2278.93,4977.48,57.96,355.17,437,196,10,50,44,29.5,1.78,68.59,2400.0,1246.58,213.57,110,178.69,4148.84,415.51,5.73
2025-11-24,Monday,False,False,Autumn,Term Break,No Event,19.5,28,264,8300.78,429.55,39.13,7832.1,2553.06,5279.04,61.97,334.23,478,200,11,64,40,29.67,1.81,67.4,2400.0,1246.58,216.04,110,215.81,4188.43,694.41,8.87
2025-11-25,Tuesday,False,False,Autumn,Term Break,No Event,20.1,29,239,7237.33,279.99,53.91,6903.43,2217.23,4686.2,58.5,188.03,414,174,8,65,20,28.88,1.73,67.88,2400.0,1246.58,213.71,110,196.86,4167.15,272.52,3.95
2025-11-26,Wednesday,False,False,Autumn,Term Break,White Friday,19.4,30,303,9587.69,2170.1,20.18,7397.41,2856.0,4541.41,56.49,328.14,546,239,29,64,49,24.41,1.8,61.39,2750.0,1246.58,217.19,1310,203.69,5727.46,-1570.68,-21.23
2025-11-27,Thursday,False,False,Autumn,Term Break,White Friday | Salary Week,18.5,0,434,15008.57,3426.65,41.03,11540.89,4422.81,7118.08,97.95,338.89,867,330,49,104,53,26.59,2.0,61.68,2750.0,1246.58,232.49,1310,211.47,5750.54,930.7,8.06
2025-11-28,Friday,True,False,Autumn,Term Break,White Friday | Salary Week,19.4,1,359,16705.93,3729.97,33.39,12942.57,5134.32,7808.25,102.19,430.6,946,277,49,82,58,36.05,2.64,60.33,2750.0,1246.58,227.46,1310,204.71,5738.75,1536.71,11.87
2025-11-29,Saturday,True,False,Autumn,Term Break,White Friday | Salary Week,18.9,2,308,12987.75,2848.7,16.0,10123.05,3900.23,6222.82,77.0,425.01,741,226,41,82,53,32.87,2.41,61.47,2750.0,1246.58,214.98,1310,222.46,5744.02,-23.21,-0.23
2025-11-30,Sunday,False,False,Autumn,In Session,White Friday | Salary Week,19.3,3,315,10058.95,2291.4,0.0,7767.55,3015.07,4752.48,56.66,348.35,574,240,24,75,49,24.66,1.82,61.18,2750.0,1246.58,217.51,1310,129.64,5653.73,-1306.26,-16.82
2025-12-01,Monday,False,False,Winter,In Session,White Friday | Salary Week,16.5,4,282,8641.64,1983.67,21.57,6636.4,2620.08,4016.32,53.2,272.59,497,220,29,62,38,23.53,1.76,60.52,2672.58,1246.58,201.99,1310,249.44,5680.59,-1990.06,-29.99
2025-12-02,Tuesday,False,False,Winter,In Session,Post-White Friday,18.2,5,241,7584.29,279.12,9.57,7295.6,2289.59,5006.01,63.34,211.48,435,176,3,65,24,30.27,1.8,68.62,2322.58,1246.58,225.23,110,173.78,4078.17,653.02,8.95
2025-12-03,Wednesday,False,False,Winter,In Session,Post-White Friday,17.4,6,292,8686.81,287.83,0.0,8398.98,2665.32,5733.66,69.16,215.87,499,223,9,69,23,28.76,1.71,68.27,2322.58,1246.58,208.02,110,242.27,4129.45,1319.18,15.71
2025-12-04,Thursday,False,False,Winter,In Session,Post-White Friday,18.7,7,346,11805.12,344.32,53.92,11406.88,3629.47,7777.41,95.41,276.02,672,246,14,100,37,32.97,1.94,68.18,2322.58,1246.58,216.82,110,193.13,4089.11,3316.87,29.08
2025-12-05,Friday,True,False,Winter,In Session,Post-White Friday,18.5,8,249,9677.25,328.67,74.78,9273.8,2924.94,6348.86,74.82,330.45,550,195,15,54,42,37.24,2.21,68.46,2322.58,1246.58,231.96,110,172.96,4084.08,1859.51,20.05
2025-12-06,Saturday,True,False,Winter,In Session,Post-White Friday,17.7,9,255,10107.73,313.9,21.74,9772.09,3134.45,6637.64,69.7,430.31,569,196,18,59,51,38.32,2.23,67.92,2322.58,1246.58,201.0,110,185.04,4065.2,2072.43,21.21
2025-12-07,Sunday,False,False,Winter,In Session,Post-White Friday,16.1,10,217,6346.07,231.3,19.13,6095.64,1928.56,4167.08,51.25,242.44,373,161,6,56,29,28.09,1.72,68.36,2322.58,1246.58,200.73,110,211.02,4090.91,-217.52,-3.57
2025-12-08,Monday,False,False,Winter,In Session,Post-White Friday,15.1,11,231,7595.59,250.69,19.13,7325.77,2311.62,5014.15,56.23,196.56,428,181,15,50,22,31.71,1.85,68.45,2322.58,1246.58,233.1,110,175.33,4087.59,673.77,9.2
2025-12-09,Tuesday,False,False,Winter,In Session,No Event,16.2,12,264,7587.74,254.77,0.0,7332.97,2334.33,4998.64,61.09,212.19,439,185,14,79,27,27.78,1.66,68.17,2322.58,1246.58,222.77,110,197.41,4099.34,626.02,8.54
2025-12-10,Wednesday,False,False,Winter,In Session,No Event,16.4,13,279,8319.05,370.41,20.0,7928.64,2599.75,5328.89,63.04,340.2,481,220,16,59,41,28.42,1.72,67.21,2322.58,1246.58,179.78,110,201.37,4060.31,865.34,10.91
2025-12-11,Thursday,False,False,Winter,In Session,No Event,19.3,14,426,14266.83,485.22,28.7,13752.91,4319.93,9432.98,111.07,417.96,813,316,16,110,47,32.28,1.91,68.59,2322.58,1246.58,199.49,110,193.76,4072.41,4831.54,35.13
2025-12-12,Friday,True,False,Winter,In Session,No Event,18.8,15,298,11047.83,511.28,8.7,10527.85,3383.13,7144.72,81.78,323.83,638,226,12,72,44,35.33,2.14,67.86,2322.58,1246.58,183.24,110,229.16,4091.56,2647.55,25.15
2025-12-13,Saturday,True,False,Winter,In Session,No Event,19.4,16,232,8963.45,279.13,0.0,8684.32,2774.89,5909.43,74.95,261.57,508,180,7,52,30,37.43,2.19,68.05,2322.58,1246.58,208.34,110,248.22,4135.72,1437.19,16.55
2025-12-14,Sunday,False,False,Winter,In Session,No Event,17.5,17,276,8454.72,300.85,66.95,8086.92,2559.1,5527.82,63.87,314.65,487,215,11,61,37,29.3,1.76,68.36,2322.58,1246.58,177.41,110,165.87,4022.44,1126.86,13.93
2025-12-15,Monday,False,False,Winter,In Session,No Event,17.4,18,275,7806.82,395.64,20.0,7391.18,2361.18,5030.0,61.95,193.43,448,207,13,68,24,26.88,1.63,68.05,2322.58,1246.58,225.02,110,217.0,4121.18,653.44,8.84
2025-12-16,Tuesday,False,False,Winter,In Session,No Event,16.9,19,276,8169.52,239.99,31.3,7898.23,2458.98,5439.25,56.52,307.85,474,205,12,71,37,28.62,1.72,68.87,2322.58,1246.58,192.17,110,176.44,4047.77,1027.11,13.0
2025-12-17,Wednesday,False,False,Winter,In Session,No Event,16.0,20,265,8493.79,329.54,39.13,8125.12,2574.88,5550.24,67.02,292.59,496,197,6,68,37,30.66,1.87,68.31,2322.58,1246.58,201.25,110,226.12,4106.53,1084.1,13.34
2025-12-18,Thursday,False,False,Winter,In Session,No Event,16.3,21,294,9385.16,403.48,45.22,8936.46,2857.15,6079.31,71.73,341.09,533,219,11,75,39,30.4,1.81,68.03,2322.58,1246.58,185.53,110,202.48,4067.17,1599.32,17.9
2025-12-19,Friday,True,False,Winter,In Session,No Event,16.6,22,218,8279.99,191.29,58.26,8030.44,2502.42,5528.02,62.56,328.73,487,172,15,46,39,36.84,2.23,68.84,2322.58,1246.58,232.16,110,193.91,4105.23,1031.5,12.84
2025-12-20,Saturday,True,False,Winter,In Session,No Event,16.7,23,253,9201.83,269.57,0.0,8932.26,2856.52,6075.74,78.36,286.25,535,186,9,67,41,35.31,2.11,68.02,2322.58,1246.58,205.49,110,185.71,4070.36,1640.77,18.37
2025-12-21,Sunday,False,False,Winter,In Session,No Event,16.5,24,251,7106.9,265.2,0.0,6841.7,2154.22,4687.48,58.47,203.14,408,192,7,59,24,27.26,1.63,68.51,2322.58,1246.58,213.07,110,143.78,4036.01,389.86,5.7
2025-12-22,Monday,False,False,Winter,In Session,No Event,12.8,25,201,7012.13,420.33,0.0,6591.8,2177.46,4414.34,44.43,208.54,417,157,2,44,26,32.8,2.07,66.97,2322.58,1246.58,207.19,110,198.22,4084.57,76.8,1.17
2025-12-23,Tuesday,False,False,Winter,In Session,No Event,15.1,26,250,7129.43,292.15,0.0,6837.28,2198.61,4638.67,50.62,280.03,408,180,5,70,32,27.35,1.63,67.84,2322.58,1246.58,202.5,110,161.4,4043.06,264.96,3.88
2025-12-24,Wednesday,False,False,Winter,In Session,No Event,17.4,27,265,7176.45,413.9,0.0,6762.55,2191.01,4571.54,52.55,176.9,405,201,12,64,26,25.52,1.53,67.6,2322.58,1246.58,204.88,110,188.82,4072.86,269.23,3.98
2025-12-25,Thursday,False,False,Winter,In Session,Salary Week,17.0,0,334,11611.13,347.81,0.0,11263.32,3511.82,7751.5,87.32,355.87,664,246,13,88,44,33.72,1.99,68.82,2322.58,1246.58,206.52,110,214.76,4100.44,3207.87,28.48
2025-12-26,Friday,True,False,Winter,In Session,Salary Week,17.7,1,308,13293.91,389.55,14.78,12889.58,4073.75,8815.83,109.53,498.49,755,240,13,68,48,41.85,2.45,68.4,2322.58,1246.58,226.15,110,168.08,4073.39,4134.42,32.08
2025-12-27,Saturday,True,False,Winter,In Session,Salary Week,18.5,2,274,10400.81,437.37,0.0,9963.44,3189.95,6773.49,86.2,243.53,592,201,16,73,31,36.36,2.16,67.98,2322.58,1246.58,215.78,110,181.5,4076.44,2367.32,23.76
2025-12-28,Sunday,False,False,Winter,In Session,Salary Week,17.9,3,305,8966.82,359.12,2.61,8605.09,2717.26,5887.83,71.71,248.53,534,234,8,71,31,28.21,1.75,68.42,2322.58,1246.58,214.17,110,161.11,4054.44,1513.15,17.58
2025-12-29,Monday,False,False,Winter,In Session,Salary Week,16.1,4,238,7455.63,258.27,16.52,7180.84,2317.56,4863.28,60.45,219.7,434,187,10,51,28,30.17,1.82,67.73,2322.58,1246.58,223.37,110,227.13,4129.66,453.47,6.31
2025-12-30,Tuesday,False,False,Winter,In Session,No Event,13.9,5,231,6809.43,251.3,20.0,6538.13,2032.03,4506.1,48.45,277.07,391,180,15,51,31,28.3,1.69,68.92,2322.58,1246.58,210.58,110,233.96,4123.7,56.88,0.87
2025-12-31,Wednesday,False,False,Winter,In Session,No Event,14.0,6,283,8749.57,449.54,13.91,8286.12,2732.06,5554.06,66.67,272.21,500,222,8,61,33,29.28,1.77,67.03,2322.58,1246.58,208.4,110,186.46,4074.02,1141.16,13.77
