Customer_ID,Acquisition_Segment,First_Seen_Date,Pre_Existing_Member
C000001,Commuter,,True
C000002,Commuter,,True
C000003,Commuter,,True
C000004,Commuter,,True
C000005,Commuter,,True
C000006,Commuter,,True
C000007,Commuter,,True
C000008,Commuter,,True
C000009,Commuter,,True
C000010,Commuter,,True
C000011,Commuter,,True
C000012,Commuter,,True
C000013,Commuter,,True
C000014,Commuter,,True
C000015,Commuter,,True
C000016,Commuter,,True
C000017,Commuter,,True
C000018,Commuter,,True
C000019,Commuter,,True
C000020,Commuter,,True
C000021,Commuter,,True
C000022,Commuter,,True
C000023,Commuter,,True
C000024,Commuter,,True
C000025,Commuter,,True
C000026,Commuter,,True
C000027,Commuter,,True
C000028,Commuter,,True
C000029,Commuter,,True
C000030,Commuter,,True
C000031,Commuter,,True
C000032,Commuter,,True
C000033,Commuter,,True
C000034,Commuter,,True
C000035,Commuter,,True
C000036,Commuter,,True
C000037,Commuter,,True
C000038,Commuter,,True
C000039,Commuter,,True
C000040,Commuter,,True
C000041,Commuter,,True
C000042,Commuter,,True
C000043,Commuter,,True
C000044,Commuter,,True
C000045,Commuter,,True
C000046,Commuter,,True
C000047,Commuter,,True
C000048,Commuter,,True
C000049,Commuter,,True
C000050,Commuter,,True
C000051,Commuter,,True
C000052,Commuter,,True
C000053,Commuter,,True
C000054,Commuter,,True
C000055,Commuter,,True
C000056,Commuter,,True
C000057,Commuter,,True
C000058,Commuter,,True
C000059,Commuter,,True
C000060,Commuter,,True
C000061,Commuter,,True
C000062,Commuter,,True
C000063,Commuter,,True
C000064,Commuter,,True
C000065,Commuter,,True
C000066,Commuter,,True
C000067,Commuter,,True
C000068,Commuter,,True
C000069,Commuter,,True
C000070,Commuter,,True
C000071,Commuter,,True
C000072,Commuter,,True
C000073,Commuter,,True
C000074,Commuter,,True
C000075,Commuter,,True
C000076,Commuter,,True
C000077,Commuter,,True
C000078,Commuter,,True
C000079,Commuter,,True
C000080,Commuter,,True
C000081,Commuter,,True
C000082,Commuter,,True
C000083,Commuter,,True
C000084,Commuter,,True
C000085,Commuter,,True
C000086,Commuter,,True
C000087,Commuter,,True
C000088,Commuter,,True
C000089,Commuter,,True
C000090,Commuter,,True
C000091,Commuter,,True
C000092,Commuter,,True
C000093,Commuter,,True
C000094,Commuter,,True
C000095,Commuter,,True
C000096,Commuter,,True
C000097,Commuter,,True
C000098,Commuter,,True
C000099,Commuter,,True
C000100,Commuter,,True
C000101,Commuter,,True
C000102,Commuter,,True
C000103,Commuter,,True
C000104,Commuter,,True
C000105,Commuter,,True
C000106,Commuter,,True
C000107,Commuter,,True
C000108,Commuter,,True
C000109,Commuter,,True
C000110,Commuter,,True
C000111,Commuter,,True
C000112,Commuter,,True
C000113,Commuter,,True
C000114,Commuter,,True
C000115,Commuter,,True
C000116,Commuter,,True
C000117,Commuter,,True
C000118,Commuter,,True
C000119,Commuter,,True
C000120,Commuter,,True
C000121,Commuter,,True
C000122,Commuter,,True
C000123,Commuter,,True
C000124,Commuter,,True
C000125,Commuter,,True
C000126,Commuter,,True
C000127,Commuter,,True
C000128,Commuter,,True
C000129,Commuter,,True
C000130,Commuter,,True
C000131,Commuter,,True
C000132,Commuter,,True
C000133,Commuter,,True
C000134,Commuter,,True
C000135,Commuter,,True
C000136,Commuter,,True
C000137,Commuter,,True
C000138,Commuter,,True
C000139,Commuter,,True
C000140,Commuter,,True
C000141,Commuter,,True
C000142,Commuter,,True
C000143,Commuter,,True
C000144,Commuter,,True
C000145,Commuter,,True
C000146,Commuter,,True
C000147,Commuter,,True
C000148,Commuter,,True
C000149,Commuter,,True
C000150,Commuter,,True
C000151,Commuter,,True
C000152,Commuter,,True
C000153,Commuter,,True
C000154,Commuter,,True
C000155,Commuter,,True
C000156,Commuter,,True
C000157,Commuter,,True
C000158,Commuter,,True
C000159,Commuter,,True
C000160,Commuter,,True
C000161,Commuter,,True
C000162,Commuter,,True
C000163,Commuter,,True
C000164,Commuter,,True
C000165,Commuter,,True
C000166,Commuter,,True
C000167,Commuter,,True
C000168,Commuter,,True
C000169,Commuter,,True
C000170,Commuter,,True
C000171,Commuter,,True
C000172,Commuter,,True
C000173,Commuter,,True
C000174,Commuter,,True
C000175,Commuter,,True
C000176,Commuter,,True
C000177,Commuter,,True
C000178,Commuter,,True
C000179,Commuter,,True
C000180,Commuter,,True
C000181,Commuter,,True
C000182,Commuter,,True
C000183,Commuter,,True
C000184,Commuter,,True
C000185,Commuter,,True
C000186,Commuter,,True
C000187,Commuter,,True
C000188,Commuter,,True
C000189,Commuter,,True
C000190,Commuter,,True
C000191,Commuter,,True
C000192,Commuter,,True
C000193,Commuter,,True
C000194,Commuter,,True
C000195,Commuter,,True
C000196,Commuter,,True
C000197,Commuter,,True
C000198,Commuter,,True
C000199,Commuter,,True
C000200,Commuter,,True
C000201,Student,,True
C000202,Student,,True
C000203,Student,,True
C000204,Student,,True
C000205,Student,,True
C000206,Student,,True
C000207,Student,,True
C000208,Student,,True
C000209,Student,,True
C000210,Student,,True
C000211,Student,,True
C000212,Student,,True
C000213,Student,,True
C000214,Student,,True
C000215,Student,,True
C000216,Student,,True
C000217,Student,,True
C000218,Student,,True
C000219,Student,,True
C000220,Student,,True
C000221,Student,,True
C000222,Student,,True
C000223,Student,,True
C000224,Student,,True
C000225,Student,,True
C000226,Student,,True
C000227,Student,,True
C000228,Student,,True
C000229,Student,,True
C000230,Student,,True
C000231,Student,,True
C000232,Student,,True
C000233,Student,,True
C000234,Student,,True
C000235,Student,,True
C000236,Student,,True
C000237,Student,,True
C000238,Student,,True
C000239,Student,,True
C000240,Student,,True
C000241,Student,,True
C000242,Student,,True
C000243,Student,,True
C000244,Student,,True
C000245,Student,,True
C000246,Student,,True
C000247,Student,,True
C000248,Student,,True
C000249,Student,,True
C000250,Student,,True
C000251,Student,,True
C000252,Student,,True
C000253,Student,,True
C000254,Student,,True
C000255,Student,,True
C000256,Student,,True
C000257,Student,,True
C000258,Student,,True
C000259,Student,,True
C000260,Student,,True
C000261,Student,,True
C000262,Student,,True
C000263,Student,,True
C000264,Student,,True
C000265,Student,,True
C000266,Student,,True
C000267,Student,,True
C000268,Student,,True
C000269,Student,,True
C000270,Student,,True
C000271,Student,,True
C000272,Student,,True
C000273,Student,,True
C000274,Student,,True
C000275,Student,,True
C000276,Student,,True
C000277,Student,,True
C000278,Student,,True
C000279,Student,,True
C000280,Student,,True
C000281,Student,,True
C000282,Student,,True
C000283,Student,,True
C000284,Student,,True
C000285,Student,,True
C000286,Student,,True
C000287,Student,,True
C000288,Student,,True
C000289,Student,,True
C000290,Student,,True
C000291,Student,,True
C000292,Student,,True
C000293,Student,,True
C000294,Student,,True
C000295,Student,,True
C000296,Student,,True
C000297,Student,,True
C000298,Student,,True
C000299,Student,,True
C000300,Student,,True
C000301,Student,,True
C000302,Student,,True
C000303,Student,,True
C000304,Student,,True
C000305,Student,,True
C000306,Student,,True
C000307,Student,,True
C000308,Student,,True
C000309,Student,,True
C000310,Student,,True
C000311,Student,,True
C000312,Student,,True
C000313,Student,,True
C000314,Student,,True
C000315,Student,,True
C000316,Student,,True
C000317,Student,,True
C000318,Student,,True
C000319,Student,,True
C000320,Student,,True
C000321,Student,,True
C000322,Student,,True
C000323,Student,,True
C000324,Student,,True
C000325,Student,,True
C000326,Student,,True
C000327,Student,,True
C000328,Student,,True
C000329,Student,,True
C000330,Leisure,,True
C000331,Leisure,,True
C000332,Leisure,,True
C000333,Leisure,,True
C000334,Leisure,,True
C000335,Leisure,,True
C000336,Leisure,,True
C000337,Leisure,,True
C000338,Leisure,,True
C000339,Leisure,,True
C000340,Leisure,,True
C000341,Leisure,,True
C000342,Leisure,,True
C000343,Leisure,,True
C000344,Leisure,,True
C000345,Leisure,,True
C000346,Leisure,,True
C000347,Leisure,,True
C000348,Leisure,,True
C000349,Leisure,,True
C000350,Leisure,,True
C000351,Leisure,,True
C000352,Leisure,,True
C000353,Leisure,,True
C000354,Leisure,,True
C000355,Leisure,,True
C000356,Leisure,,True
C000357,Leisure,,True
C000358,Leisure,,True
C000359,Leisure,,True
C000360,Leisure,,True
C000361,Leisure,,True
C000362,Leisure,,True
C000363,Leisure,,True
C000364,Leisure,,True
C000365,Leisure,,True
C000366,Leisure,,True
C000367,Leisure,,True
C000368,Leisure,,True
C000369,Leisure,,True
C000370,Leisure,,True
C000371,Leisure,,True
C000372,Leisure,,True
C000373,Leisure,,True
C000374,Leisure,,True
C000375,Leisure,,True
C000376,Leisure,,True
C000377,Leisure,,True
C000378,Leisure,,True
C000379,Leisure,,True
C000380,Leisure,,True
C000381,Leisure,,True
C000382,Leisure,,True
C000383,Leisure,,True
C000384,Leisure,,True
C000385,Leisure,,True
C000386,Leisure,,True
C000387,Leisure,,True
C000388,Leisure,,True
C000389,Leisure,,True
C000390,Leisure,,True
C000391,Leisure,,True
C000392,Leisure,,True
C000393,Leisure,,True
C000394,Leisure,,True
C000395,Leisure,,True
C000396,Leisure,,True
C000397,Leisure,,True
C000398,Leisure,,True
C000399,Leisure,,True
C000400,Leisure,,True
C000401,Leisure,,True
C000402,Leisure,,True
C000403,Leisure,,True
C000404,Leisure,,True
C000405,Leisure,,True
C000406,Leisure,,True
C000407,Leisure,,True
C000408,Leisure,,True
C000409,Leisure,,True
C000410,Leisure,,True
C000411,Leisure,,True
C000412,Leisure,,True
C000413,Leisure,,True
C000414,Leisure,,True
C000415,Leisure,,True
C000416,Leisure,,True
C000417,Leisure,,True
C000418,Leisure,,True
C000419,Leisure,,True
C000420,Leisure,,True
C000421,Leisure,,True
C000422,Leisure,,True
C000423,Leisure,,True
C000424,Leisure,,True
C000425,Leisure,,True
C000426,Leisure,,True
C000427,Leisure,,True
C000428,Leisure,,True
C000429,Leisure,,True
C000430,Leisure,,True
C000431,Leisure,,True
C000432,Leisure,,True
C000433,Leisure,,True
C000434,Leisure,,True
C000435,Leisure,,True
C000436,Leisure,,True
C000437,Leisure,,True
C000438,Leisure,,True
C000439,Leisure,,True
C000440,Leisure,,True
C000441,Leisure,,True
C000442,Leisure,,True
C000443,Leisure,,True
C000444,Leisure,,True
C000445,Leisure,,True
C000446,Leisure,,True
C000447,Leisure,,True
C000448,Leisure,,True
C000449,Leisure,,True
C000450,Leisure,,True
C000451,Leisure,,True
C000452,Leisure,,True
C000453,Leisure,,True
C000454,Leisure,,True
C000455,Leisure,,True
C000456,Leisure,,True
C000457,Leisure,,True
C000458,Leisure,,True
C000459,Leisure,,True
C000460,Leisure,,True
C000461,Leisure,,True
C000462,Leisure,,True
C000463,Leisure,,True
C000464,Leisure,,True
C000465,Leisure,,True
C000466,Leisure,,True
C000467,Leisure,,True
C000468,Leisure,,True
C000469,Leisure,,True
C000470,Leisure,,True
C000471,Leisure,,True
C000472,Leisure,,True
C000473,Leisure,,True
C000474,Leisure,,True
C000475,Leisure,,True
C000476,Leisure,,True
C000477,Leisure,,True
C000478,Leisure,,True
C000479,Leisure,,True
C000480,Leisure,,True
C000481,Leisure,,True
C000482,Leisure,,True
C000483,Leisure,,True
C000484,Leisure,,True
C000485,Leisure,,True
C000486,Leisure,,True
C000487,Leisure,,True
C000488,Leisure,,True
C000489,Leisure,,True
C000490,Leisure,,True
C000491,Leisure,,True
C000492,Leisure,,True
C000493,Leisure,,True
C000494,Leisure,,True
C000495,Leisure,,True
C000496,Leisure,,True
C000497,Leisure,,True
C000498,Leisure,,True
C000499,Leisure,,True
C000500,Leisure,,True
C000501,Leisure,,True
C000502,Leisure,,True
C000503,Leisure,,True
C000504,Leisure,,True
C000505,Leisure,,True
C000506,Leisure,,True
C000507,Leisure,,True
C000508,Leisure,,True
C000509,Leisure,,True
C000510,Leisure,,True
C000511,Leisure,,True
C000512,Leisure,,True
C000513,Leisure,,True
C000514,Leisure,,True
C000515,Leisure,,True
C000516,Leisure,,True
C000517,Leisure,,True
C000518,Leisure,,True
C000519,Leisure,,True
C000520,Leisure,,True
C000521,Leisure,,True
C000522,Leisure,,True
C000523,Leisure,,True
C000524,Leisure,,True
C000525,Leisure,,True
C000526,Leisure,,True
C000527,Leisure,,True
C000528,Leisure,,True
C000529,Leisure,,True
C000530,Leisure,,True
C000531,Leisure,,True
C000532,Leisure,,True
C000533,Leisure,,True
C000534,Leisure,,True
C000535,Leisure,,True
C000536,Leisure,,True
C000537,Leisure,,True
C000538,Leisure,,True
C000539,Leisure,,True
C000540,Leisure,,True
C000541,Leisure,,True
C000542,Leisure,,True
C000543,Leisure,,True
C000544,Leisure,,True
C000545,Leisure,,True
C000546,Leisure,,True
C000547,Leisure,,True
C000548,Leisure,,True
C000549,Leisure,,True
C000550,Leisure,,True
C000551,Leisure,,True
C000552,Leisure,,True
C000553,Leisure,,True
C000554,Leisure,,True
C000555,Leisure,,True
C000556,Leisure,,True
C000557,Leisure,,True
C000558,Leisure,,True
C000559,Leisure,,True
C000560,Leisure,,True
C000561,Leisure,,True
C000562,Leisure,,True
C000563,Leisure,,True
C000564,Leisure,,True
C000565,Leisure,,True
C000566,Leisure,,True
C000567,Leisure,,True
C000568,Leisure,,True
C000569,Leisure,,True
C000570,Leisure,,True
C000571,Leisure,,True
C000572,Leisure,,True
C000573,Leisure,,True
C000574,Leisure,,True
C000575,Leisure,,True
C000576,Leisure,,True
C000577,Leisure,,True
C000578,Leisure,,True
C000579,Leisure,,True
C000580,Leisure,,True
C000581,Leisure,,True
C000582,Leisure,,True
C000583,Leisure,,True
C000584,Leisure,,True
C000585,Leisure,,True
C000586,Leisure,,True
C000587,Leisure,,True
C000588,Leisure,,True
C000589,Leisure,,True
C000590,Leisure,,True
C000591,Leisure,,True
C000592,Leisure,,True
C000593,Leisure,,True
C000594,Leisure,,True
C000595,Leisure,,True
C000596,Leisure,,True
C000597,Leisure,,True
C000598,Leisure,,True
C000599,Leisure,,True
C000600,Leisure,,True
C000601,Leisure,,True
C000602,Leisure,,True
C000603,Leisure,,True
C000604,Leisure,,True
C000605,Leisure,,True
C000606,Leisure,,True
C000607,Leisure,,True
C000608,Leisure,,True
C000609,Leisure,,True
C000610,Leisure,,True
C000611,Leisure,,True
C000612,Leisure,,True
C000613,Leisure,,True
C000614,Leisure,,True
C000615,Leisure,,True
C000616,Leisure,,True
C000617,Leisure,,True
C000618,Leisure,,True
C000619,Leisure,,True
C000620,Leisure,,True
C000621,Leisure,,True
C000622,Leisure,,True
C000623,Leisure,,True
C000624,Leisure,,True
C000625,Leisure,,True
C000626,Leisure,,True
C000627,Leisure,,True
C000628,Leisure,,True
C000629,Leisure,,True
C000630,Leisure,,True
C000631,Leisure,,True
C000632,Leisure,,True
C000633,Leisure,,True
C000634,Leisure,,True
C000635,Leisure,,True
C000636,Leisure,,True
C000637,Leisure,,True
C000638,Leisure,,True
C000639,Leisure,,True
C000640,Leisure,,True
C000641,Leisure,,True
C000642,Leisure,,True
C000643,Leisure,,True
C000644,Leisure,,True
C000645,Leisure,,True
C000646,Leisure,,True
C000647,Leisure,,True
C000648,Leisure,,True
C000649,Leisure,,True
C000650,Leisure,,True
C000651,Leisure,,True
C000652,Leisure,,True
C000653,Leisure,,True
C000654,Leisure,,True
C000655,Leisure,,True
C000656,Leisure,,True
C000657,Leisure,,True
C000658,Leisure,,True
C000659,Leisure,,True
C000660,Leisure,,True
C000661,Leisure,,True
C000662,Leisure,,True
C000663,Leisure,,True
C000664,Leisure,,True
C000665,Leisure,,True
C000666,Leisure,,True
C000667,Leisure,,True
C000668,Leisure,,True
C000669,Leisure,,True
C000670,Leisure,,True
C000671,Leisure,,True
C000672,Leisure,,True
C000673,Leisure,,True
C000674,Leisure,,True
C000675,Leisure,,True
C000676,Leisure,,True
C000677,Leisure,,True
C000678,Leisure,,True
C000679,Leisure,,True
C000680,Leisure,,True
C000681,Leisure,,True
C000682,Leisure,,True
C000683,Leisure,,True
C000684,Leisure,,True
C000685,Leisure,,True
C000686,Leisure,,True
C000687,Leisure,,True
C000688,Leisure,,True
C000689,Leisure,,True
C000690,Leisure,,True
C000691,Leisure,,True
C000692,Leisure,,True
C000693,Leisure,,True
C000694,Leisure,,True
C000695,Leisure,,True
C000696,Leisure,,True
C000697,Leisure,,True
C000698,Leisure,,True
C000699,Leisure,,True
C000700,Leisure,,True
C000701,Leisure,,True
C000702,Leisure,,True
C000703,Leisure,,True
C000704,Leisure,,True
C000705,Leisure,,True
C000706,Leisure,,True
C000707,Leisure,,True
C000708,Leisure,,True
C000709,Leisure,,True
C000710,Leisure,,True
C000711,Leisure,,True
C000712,Leisure,,True
C000713,Leisure,,True
C000714,Leisure,,True
C000715,Leisure,,True
C000716,Leisure,,True
C000717,Leisure,,True
C000718,Leisure,,True
C000719,Leisure,,True
C000720,Leisure,,True
C000721,Leisure,,True
C000722,Leisure,,True
C000723,Leisure,,True
C000724,Leisure,,True
C000725,Leisure,,True
C000726,Leisure,,True
C000727,Leisure,,True
C000728,Leisure,,True
C000729,Leisure,,True
C000730,Leisure,,True
C000731,Leisure,,True
C000732,Leisure,,True
C000733,Leisure,,True
C000734,Leisure,,True
C000735,Leisure,,True
C000736,Leisure,,True
C000737,Leisure,,True
C000738,Leisure,,True
C000739,Leisure,,True
C000740,Leisure,,True
C000741,Leisure,,True
C000742,Leisure,,True
C000743,Leisure,,True
C000744,Leisure,,True
C000745,Leisure,,True
C000746,Leisure,,True
C000747,Leisure,,True
C000748,Leisure,,True
C000749,Leisure,,True
C000750,Leisure,,True
C000751,Leisure,,True
C000752,Leisure,,True
C000753,Leisure,,True
C000754,Leisure,,True
C000755,Leisure,,True
C000756,Leisure,,True
C000757,Leisure,,True
C000758,Leisure,,True
C000759,Leisure,,True
C000760,Leisure,,True
C000761,Leisure,,True
C000762,Leisure,,True
C000763,Leisure,,True
C000764,Leisure,,True
C000765,Leisure,,True
C000766,Leisure,,True
C000767,Leisure,,True
C000768,Leisure,,True
C000769,Leisure,,True
C000770,Leisure,,True
C000771,Leisure,,True
C000772,Leisure,,True
C000773,Leisure,,True
C000774,Leisure,,True
C000775,Leisure,,True
C000776,Leisure,,True
C000777,Leisure,,True
C000778,Leisure,,True
C000779,Leisure,,True
C000780,Leisure,,True
C000781,Leisure,,True
C000782,Leisure,,True
C000783,Leisure,,True
C000784,Leisure,,True
C000785,Leisure,,True
C000786,Leisure,,True
C000787,Leisure,,True
C000788,Leisure,,True
C000789,Leisure,,True
C000790,Leisure,,True
C000791,Leisure,,True
C000792,Leisure,,True
C000793,Leisure,,True
C000794,Leisure,,True
C000795,Leisure,,True
C000796,Leisure,,True
C000797,Leisure,,True
C000798,Leisure,,True
C000799,Leisure,,True
C000800,Leisure,,True
C000801,Leisure,,True
C000802,Leisure,,True
C000803,Leisure,,True
C000804,Leisure,,True
C000805,Leisure,,True
C000806,Leisure,,True
C000807,Leisure,,True
C000808,Leisure,,True
C000809,Leisure,,True
C000810,Leisure,,True
C000811,Leisure,,True
C000812,Leisure,,True
C000813,Leisure,,True
C000814,Leisure,,True
C000815,Leisure,,True
C000816,Leisure,,True
C000817,Leisure,,True
C000818,Leisure,,True
C000819,Leisure,,True
C000820,Leisure,,True
C000821,Leisure,,True
C000822,Leisure,,True
C000823,Leisure,,True
C000824,Leisure,,True
C000825,Leisure,,True
C000826,Leisure,,True
C000827,Leisure,,True
C000828,Leisure,,True
C000829,Leisure,,True
C000830,Leisure,,True
C000831,Leisure,,True
C000832,Leisure,,True
C000833,Leisure,,True
C000834,Leisure,,True
C000835,Leisure,,True
C000836,Leisure,,True
C000837,Leisure,,True
C000838,Leisure,,True
C000839,Leisure,,True
C000840,Leisure,,True
C000841,Leisure,,True
C000842,Leisure,,True
C000843,Leisure,,True
C000844,Leisure,,True
C000845,Leisure,,True
C000846,Leisure,,True
C000847,Leisure,,True
C000848,Leisure,,True
C000849,Leisure,,True
C000850,Leisure,,True
C000851,Leisure,,True
C000852,Leisure,,True
C000853,Leisure,,True
C000854,Leisure,,True
C000855,Leisure,,True
C000856,Leisure,,True
C000857,Leisure,,True
C000858,Leisure,,True
C000859,Leisure,,True
C000860,Leisure,,True
C000861,Leisure,,True
C000862,Leisure,,True
C000863,Leisure,,True
C000864,Leisure,,True
C000865,Leisure,,True
C000866,Leisure,,True
C000867,Leisure,,True
C000868,Leisure,,True
C000869,Leisure,,True
C000870,Leisure,,True
C000871,Leisure,,True
C000872,Leisure,,True
C000873,Leisure,,True
C000874,Leisure,,True
C000875,Leisure,,True
C000876,Leisure,,True
C000877,Leisure,,True
C000878,Leisure,,True
C000879,Leisure,,True
C000880,Leisure,,True
C000881,Leisure,,True
C000882,Leisure,,True
C000883,Leisure,,True
C000884,Leisure,,True
C000885,Leisure,,True
C000886,Leisure,,True
C000887,Leisure,,True
C000888,Leisure,,True
C000889,Leisure,,True
C000890,Leisure,,True
C000891,Leisure,,True
C000892,Leisure,,True
C000893,Leisure,,True
C000894,Leisure,,True
C000895,Leisure,,True
C000896,Leisure,,True
C000897,Leisure,,True
C000898,Leisure,,True
C000899,Leisure,,True
C000900,Leisure,,True
C000901,Leisure,,True
C000902,Leisure,,True
C000903,Leisure,,True
C000904,Leisure,,True
C000905,Leisure,,True
C000906,Leisure,,True
C000907,Leisure,,True
C000908,Leisure,,True
C000909,Leisure,,True
C000910,Leisure,,True
C000911,Leisure,,True
C000912,Leisure,,True
C000913,Leisure,,True
C000914,Leisure,,True
C000915,Leisure,,True
C000916,Leisure,,True
C000917,Leisure,,True
C000918,Leisure,,True
C000919,Leisure,,True
C000920,Leisure,,True
C000921,Leisure,,True
C000922,Leisure,,True
C000923,Leisure,,True
C000924,Leisure,,True
C000925,Leisure,,True
C000926,Leisure,,True
C000927,Leisure,,True
C000928,Leisure,,True
C000929,Leisure,,True
C000930,Leisure,,True
C000931,Leisure,,True
C000932,Leisure,,True
C000933,Leisure,,True
C000934,Leisure,,True
C000935,Leisure,,True
C000936,Leisure,,True
C000937,Leisure,,True
C000938,Leisure,,True
C000939,Leisure,,True
C000940,Leisure,,True
C000941,Leisure,,True
C000942,Leisure,,True
C000943,Leisure,,True
C000944,Leisure,,True
C000945,Leisure,,True
C000946,Leisure,,True
C000947,Leisure,,True
C000948,Leisure,,True
C000949,Leisure,,True
C000950,Leisure,,True
C000951,Leisure,,True
C000952,Leisure,,True
C000953,Leisure,,True
C000954,Leisure,,True
C000955,Leisure,,True
C000956,Leisure,,True
C000957,Leisure,,True
C000958,Leisure,,True
C000959,Leisure,,True
C000960,Leisure,,True
C000961,Leisure,,True
C000962,Leisure,,True
C000963,Leisure,,True
C000964,Leisure,,True
C000965,Leisure,,True
C000966,Leisure,,True
C000967,Leisure,,True
C000968,Leisure,,True
C000969,Leisure,,True
C000970,Leisure,,True
C000971,Leisure,,True
C000972,Leisure,,True
C000973,Leisure,,True
C000974,Leisure,,True
C000975,Leisure,,True
C000976,Leisure,,True
C000977,Leisure,,True
C000978,Leisure,,True
C000979,Leisure,,True
C000980,Leisure,,True
C000981,Leisure,,True
C000982,Leisure,,True
C000983,Leisure,,True
C000984,Leisure,,True
C000985,Leisure,,True
C000986,Leisure,,True
C000987,Leisure,,True
C000988,Leisure,,True
C000989,Leisure,,True
C000990,Leisure,,True
C000991,Leisure,,True
C000992,Family,,True
C000993,Family,,True
C000994,Family,,True
C000995,Family,,True
C000996,Family,,True
C000997,Family,,True
C000998,Family,,True
C000999,Family,,True
C001000,Family,,True
C001001,Family,,True
C001002,Family,,True
C001003,Family,,True
C001004,Family,,True
C001005,Family,,True
C001006,Family,,True
C001007,Family,,True
C001008,Family,,True
C001009,Family,,True
C001010,Family,,True
C001011,Family,,True
C001012,Family,,True
C001013,Family,,True
C001014,Family,,True
C001015,Family,,True
C001016,Family,,True
C001017,Family,,True
C001018,Family,,True
C001019,Family,,True
C001020,Family,,True
C001021,Family,,True
C001022,Family,,True
C001023,Family,,True
C001024,Family,,True
C001025,Family,,True
C001026,Family,,True
C001027,Family,,True
C001028,Family,,True
C001029,Family,,True
C001030,Family,,True
C001031,Family,,True
C001032,Family,,True
C001033,Family,,True
C001034,Family,,True
C001035,Family,,True
C001036,Family,,True
C001037,Family,,True
C001038,Family,,True
C001039,Family,,True
C001040,Family,,True
C001041,Family,,True
C001042,Family,,True
C001043,Family,,True
C001044,Family,,True
C001045,Family,,True
C001046,Family,,True
C001047,Family,,True
C001048,Family,,True
C001049,Family,,True
C001050,Family,,True
C001051,Family,,True
C001052,Family,,True
C001053,Family,,True
C001054,Family,,True
C001055,Family,,True
C001056,Family,,True
C001057,Family,,True
C001058,Family,,True
C001059,Family,,True
C001060,Family,,True
C001061,Family,,True
C001062,Family,,True
C001063,Family,,True
C001064,Family,,True
C001065,Family,,True
C001066,Family,,True
C001067,Family,,True
C001068,Family,,True
C001069,Family,,True
C001070,Family,,True
C001071,Family,,True
C001072,Family,,True
C001073,Family,,True
C001074,Family,,True
C001075,Family,,True
C001076,Family,,True
C001077,Family,,True
C001078,Family,,True
C001079,Family,,True
C001080,Family,,True
C001081,Family,,True
C001082,Family,,True
C001083,Family,,True
C001084,Family,,True
C001085,Family,,True
C001086,Family,,True
C001087,Family,,True
C001088,Family,,True
C001089,Family,,True
C001090,Family,,True
C001091,Family,,True
C001092,Family,,True
C001093,Family,,True
C001094,Family,,True
C001095,Family,,True
C001096,Family,,True
C001097,Family,,True
C001098,Family,,True
C001099,Family,,True
C001100,Family,,True
C001101,Family,,True
C001102,Family,,True
C001103,Family,,True
C001104,Family,,True
C001105,Family,,True
C001106,Family,,True
C001107,Family,,True
C001108,Family,,True
C001109,Family,,True
C001110,Family,,True
C001111,Family,,True
C001112,Family,,True
C001113,Family,,True
C001114,Family,,True
C001115,Family,,True
C001116,Family,,True
C001117,Family,,True
C001118,Family,,True
C001119,Family,,True
C001120,Family,,True
C001121,Family,,True
C001122,Family,,True
C001123,Family,,True
C001124,Family,,True
C001125,Family,,True
C001126,Family,,True
C001127,Family,,True
C001128,Family,,True
C001129,Family,,True
C001130,Family,,True
C001131,Family,,True
C001132,Family,,True
C001133,Family,,True
C001134,Family,,True
C001135,Family,,True
C001136,Family,,True
C001137,Family,,True
C001138,Family,,True
C001139,Family,,True
C001140,Family,,True
C001141,Family,,True
C001142,Family,,True
C001143,Family,,True
C001144,Family,,True
C001145,Family,,True
C001146,Family,,True
C001147,Family,,True
C001148,Family,,True
C001149,Family,,True
C001150,Family,,True
C001151,Family,,True
C001152,Family,,True
C001153,Family,,True
C001154,Family,,True
C001155,Family,,True
C001156,Family,,True
C001157,Family,,True
C001158,Family,,True
C001159,Family,,True
C001160,Family,,True
C001161,Family,,True
C001162,Family,,True
C001163,Family,,True
C001164,Family,,True
C001165,Family,,True
C001166,Family,,True
C001167,Family,,True
C001168,Family,,True
C001169,Family,,True
C001170,Family,,True
C001171,Family,,True
C001172,Family,,True
C001173,Family,,True
C001174,Family,,True
C001175,Family,,True
C001176,Family,,True
C001177,Family,,True
C001178,Family,,True
C001179,Family,,True
C001180,Family,,True
C001181,Family,,True
C001182,Family,,True
C001183,Family,,True
C001184,Family,,True
C001185,Family,,True
C001186,Family,,True
C001187,Family,,True
C001188,Family,,True
C001189,Family,,True
C001190,Family,,True
C001191,Family,,True
C001192,Family,,True
C001193,Family,,True
C001194,Family,,True
C001195,Family,,True
C001196,Family,,True
C001197,Family,,True
C001198,Family,,True
C001199,Family,,True
C001200,Family,,True
C001201,Family,,True
C001202,Family,,True
C001203,Family,,True
C001204,Family,,True
C001205,Family,,True
C001206,Family,,True
C001207,Family,,True
C001208,Family,,True
C001209,Family,,True
C001210,Family,,True
C001211,Family,,True
C001212,Family,,True
C001213,Family,,True
C001214,Family,,True
C001215,Family,,True
C001216,Family,,True
C001217,Family,,True
C001218,Family,,True
C001219,Delivery,,True
C001220,Delivery,,True
C001221,Delivery,,True
C001222,Delivery,,True
C001223,Delivery,,True
C001224,Delivery,,True
C001225,Delivery,,True
C001226,Delivery,,True
C001227,Delivery,,True
C001228,Delivery,,True
C001229,Delivery,,True
C001230,Delivery,,True
C001231,Delivery,,True
C001232,Delivery,,True
C001233,Delivery,,True
C001234,Delivery,,True
C001235,Delivery,,True
C001236,Delivery,,True
C001237,Delivery,,True
C001238,Delivery,,True
C001239,Delivery,,True
C001240,Delivery,,True
C001241,Delivery,,True
C001242,Delivery,,True
C001243,Delivery,,True
C001244,Delivery,,True
C001245,Delivery,,True
C001246,Delivery,,True
C001247,Delivery,,True
C001248,Delivery,,True
C001249,Delivery,,True
C001250,Delivery,,True
C001251,Delivery,,True
C001252,Delivery,,True
C001253,Delivery,,True
C001254,Delivery,,True
C001255,Delivery,,True
C001256,Delivery,,True
C001257,Delivery,,True
C001258,Delivery,,True
C001259,Delivery,,True
C001260,Delivery,,True
C001261,Delivery,,True
C001262,Delivery,,True
C001263,Delivery,,True
C001264,Delivery,,True
C001265,Delivery,,True
C001266,Delivery,,True
C001267,Delivery,,True
C001268,Delivery,,True
C001269,Delivery,,True
C001270,Delivery,,True
C001271,Delivery,,True
C001272,Delivery,,True
C001273,Delivery,,True
C001274,Delivery,,True
C001275,Delivery,,True
C001276,Delivery,,True
C001277,Delivery,,True
C001278,Delivery,,True
C001279,Delivery,,True
C001280,Delivery,,True
C001281,Delivery,,True
C001282,Delivery,,True
C001283,Delivery,,True
C001284,Delivery,,True
C001285,Delivery,,True
C001286,Delivery,,True
C001287,Delivery,,True
C001288,Delivery,,True
C001289,Delivery,,True
C001290,Delivery,,True
C001291,Delivery,,True
C001292,Delivery,,True
C001293,Delivery,,True
C001294,Delivery,,True
C001295,Delivery,,True
C001296,Delivery,,True
C001297,Delivery,,True
C001298,Delivery,,True
C001299,Delivery,,True
C001300,Delivery,,True
C001301,Delivery,,True
C001302,Delivery,,True
C001303,Delivery,,True
C001304,Delivery,,True
C001305,Delivery,,True
C001306,Delivery,,True
C001307,Delivery,,True
C001308,Delivery,,True
C001309,Delivery,,True
C001310,Delivery,,True
C001311,Delivery,,True
C001312,Delivery,,True
C001313,Delivery,,True
C001314,Delivery,,True
C001315,Delivery,,True
C001316,Delivery,,True
C001317,Delivery,,True
C001318,Delivery,,True
C001319,Delivery,,True
C001320,Delivery,,True
C001321,Delivery,,True
C001322,Delivery,,True
C001323,Delivery,,True
C001324,Delivery,,True
C001325,Delivery,,True
C001326,Delivery,,True
C001327,Delivery,,True
C001328,Delivery,,True
C001329,Delivery,,True
C001330,Delivery,,True
C001331,Delivery,,True
C001332,Delivery,,True
C001333,Delivery,,True
C001334,Delivery,,True
C001335,Delivery,,True
C001336,Delivery,,True
C001337,Delivery,,True
C001338,Delivery,,True
C001339,Delivery,,True
C001340,Delivery,,True
C001341,Delivery,,True
C001342,Delivery,,True
C001343,Delivery,,True
C001344,Delivery,,True
C001345,Delivery,,True
C001346,Delivery,,True
C001347,Delivery,,True
C001348,Delivery,,True
C001349,Delivery,,True
C001350,Delivery,,True
C001351,Delivery,,True
C001352,Delivery,,True
C001353,Delivery,,True
C001354,Delivery,,True
C001355,Delivery,,True
C001356,Delivery,,True
C001357,Delivery,,True
C001358,Delivery,,True
C001359,Delivery,,True
C001360,Delivery,,True
C001361,Delivery,,True
C001362,Delivery,,True
C001363,Delivery,,True
C001364,Delivery,,True
C001365,Delivery,,True
C001366,Delivery,,True
C001367,Delivery,,True
C001368,Delivery,,True
C001369,Delivery,,True
C001370,Delivery,,True
C001371,Delivery,,True
C001372,Delivery,,True
C001373,Delivery,,True
C001374,Delivery,,True
C001375,Delivery,,True
C001376,Delivery,,True
C001377,Delivery,,True
C001378,Delivery,,True
C001379,Delivery,,True
C001380,Delivery,,True
C001381,Delivery,,True
C001382,Delivery,,True
C001383,Delivery,,True
C001384,Delivery,,True
C001385,Delivery,,True
C001386,Delivery,,True
C001387,Delivery,,True
C001388,Delivery,,True
C001389,Delivery,,True
C001390,Delivery,,True
C001391,Delivery,,True
C001392,Delivery,,True
C001393,Delivery,,True
C001394,Delivery,,True
C001395,Delivery,,True
C001396,Delivery,,True
C001397,Delivery,,True
C001398,Delivery,,True
C001399,Delivery,,True
C001400,Delivery,,True
C001401,Delivery,,True
C001402,Delivery,,True
C001403,Delivery,,True
C001404,Delivery,,True
C001405,Delivery,,True
C001406,Delivery,,True
C001407,Delivery,,True
C001408,Delivery,,True
C001409,Delivery,,True
C001410,Delivery,,True
C001411,Delivery,,True
C001412,Delivery,,True
C001413,Delivery,,True
C001414,Delivery,,True
C001415,Delivery,,True
C001416,Delivery,,True
C001417,Delivery,,True
C001418,Delivery,,True
C001419,Delivery,,True
C001420,Delivery,,True
C001421,Delivery,,True
C001422,Delivery,,True
C001423,Delivery,,True
C001424,Delivery,,True
C001425,Delivery,,True
C001426,Delivery,,True
C001427,Delivery,,True
C001428,Delivery,,True
C001429,Delivery,,True
C001430,Delivery,,True
C001431,Delivery,,True
C001432,Delivery,,True
C001433,Delivery,,True
C001434,Delivery,,True
C001435,Delivery,,True
C001436,Delivery,,True
C001437,Delivery,,True
C001438,Delivery,,True
C001439,Delivery,,True
C001440,Delivery,,True
C001441,Delivery,,True
C001442,Delivery,,True
C001443,Leisure,2023-01-01,False
C001444,Leisure,2023-01-01,False
C001445,Leisure,2023-01-01,False
C001446,Delivery,2023-01-01,False
C001447,Commuter,2023-01-02,False
C001448,Commuter,2023-01-02,False
C001449,Leisure,2023-01-02,False
C001450,Leisure,2023-01-02,False
C001451,Leisure,2023-01-02,False
C001452,Family,2023-01-02,False
C001453,Family,2023-01-02,False
C001454,Delivery,2023-01-02,False
C001455,Student,2023-01-03,False
C001456,Leisure,2023-01-03,False
C001457,Leisure,2023-01-03,False
C001458,Leisure,2023-01-03,False
C001459,Family,2023-01-03,False
C001460,Delivery,2023-01-03,False
C001461,Commuter,2023-01-04,False
C001462,Student,2023-01-04,False
C001463,Leisure,2023-01-04,False
C001464,Leisure,2023-01-04,False
C001465,Leisure,2023-01-04,False
C001466,Delivery,2023-01-04,False
C001467,Delivery,2023-01-04,False
C001468,Student,2023-01-05,False
C001469,Student,2023-01-05,False
C001470,Leisure,2023-01-05,False
C001471,Leisure,2023-01-05,False
C001472,Family,2023-01-05,False
C001473,Student,2023-01-06,False
C001474,Leisure,2023-01-06,False
C001475,Leisure,2023-01-06,False
C001476,Leisure,2023-01-06,False
C001477,Leisure,2023-01-06,False
C001478,Leisure,2023-01-06,False
C001479,Family,2023-01-06,False
C001480,Family,2023-01-06,False
C001481,Delivery,2023-01-06,False
C001482,Delivery,2023-01-06,False
C001483,Commuter,2023-01-07,False
C001484,Leisure,2023-01-07,False
C001485,Leisure,2023-01-07,False
C001486,Leisure,2023-01-07,False
C001487,Leisure,2023-01-07,False
C001488,Leisure,2023-01-07,False
C001489,Leisure,2023-01-07,False
C001490,Family,2023-01-07,False
C001491,Family,2023-01-07,False
C001492,Family,2023-01-07,False
C001493,Family,2023-01-07,False
C001494,Delivery,2023-01-07,False
C001495,Delivery,2023-01-07,False
C001496,Delivery,2023-01-07,False
C001497,Commuter,2023-01-08,False
C001498,Leisure,2023-01-08,False
C001499,Leisure,2023-01-08,False
C001500,Leisure,2023-01-08,False
C001501,Leisure,2023-01-08,False
C001502,Delivery,2023-01-08,False
C001503,Delivery,2023-01-08,False
C001504,Commuter,2023-01-09,False
C001505,Student,2023-01-09,False
C001506,Leisure,2023-01-09,False
C001507,Leisure,2023-01-09,False
C001508,Commuter,2023-01-10,False
C001509,Student,2023-01-10,False
C001510,Leisure,2023-01-10,False
C001511,Commuter,2023-01-11,False
C001512,Student,2023-01-11,False
C001513,Student,2023-01-11,False
C001514,Leisure,2023-01-11,False
C001515,Leisure,2023-01-11,False
C001516,Leisure,2023-01-11,False
C001517,Leisure,2023-01-11,False
C001518,Leisure,2023-01-11,False
C001519,Delivery,2023-01-11,False
C001520,Delivery,2023-01-11,False
C001521,Student,2023-01-12,False
C001522,Student,2023-01-12,False
C001523,Leisure,2023-01-12,False
C001524,Leisure,2023-01-12,False
C001525,Leisure,2023-01-12,False
C001526,Leisure,2023-01-12,False
C001527,Family,2023-01-12,False
C001528,Delivery,2023-01-12,False
C001529,Leisure,2023-01-13,False
C001530,Leisure,2023-01-13,False
C001531,Leisure,2023-01-13,False
C001532,Leisure,2023-01-13,False
C001533,Leisure,2023-01-13,False
C001534,Family,2023-01-13,False
C001535,Family,2023-01-13,False
C001536,Family,2023-01-13,False
C001537,Family,2023-01-13,False
C001538,Delivery,2023-01-13,False
C001539,Leisure,2023-01-14,False
C001540,Family,2023-01-14,False
C001541,Family,2023-01-14,False
C001542,Family,2023-01-14,False
C001543,Delivery,2023-01-14,False
C001544,Delivery,2023-01-14,False
C001545,Delivery,2023-01-14,False
C001546,Student,2023-01-15,False
C001547,Student,2023-01-15,False
C001548,Leisure,2023-01-15,False
C001549,Leisure,2023-01-15,False
C001550,Leisure,2023-01-15,False
C001551,Delivery,2023-01-15,False
C001552,Commuter,2023-01-16,False
C001553,Commuter,2023-01-16,False
C001554,Commuter,2023-01-16,False
C001555,Student,2023-01-16,False
C001556,Leisure,2023-01-16,False
C001557,Family,2023-01-16,False
C001558,Delivery,2023-01-16,False
C001559,Delivery,2023-01-16,False
C001560,Leisure,2023-01-17,False
C001561,Leisure,2023-01-17,False
C001562,Leisure,2023-01-17,False
C001563,Delivery,2023-01-17,False
C001564,Delivery,2023-01-17,False
C001565,Delivery,2023-01-17,False
C001566,Delivery,2023-01-17,False
C001567,Student,2023-01-18,False
C001568,Family,2023-01-18,False
C001569,Family,2023-01-18,False
C001570,Delivery,2023-01-18,False
C001571,Commuter,2023-01-19,False
C001572,Leisure,2023-01-19,False
C001573,Leisure,2023-01-19,False
C001574,Leisure,2023-01-19,False
C001575,Leisure,2023-01-19,False
C001576,Leisure,2023-01-19,False
C001577,Leisure,2023-01-19,False
C001578,Family,2023-01-19,False
C001579,Leisure,2023-01-20,False
C001580,Leisure,2023-01-20,False
C001581,Leisure,2023-01-20,False
C001582,Leisure,2023-01-20,False
C001583,Leisure,2023-01-20,False
C001584,Leisure,2023-01-20,False
C001585,Family,2023-01-20,False
C001586,Leisure,2023-01-21,False
C001587,Leisure,2023-01-21,False
C001588,Family,2023-01-21,False
C001589,Delivery,2023-01-21,False
C001590,Delivery,2023-01-21,False
C001591,Delivery,2023-01-21,False
C001592,Delivery,2023-01-21,False
C001593,Commuter,2023-01-22,False
C001594,Student,2023-01-22,False
C001595,Student,2023-01-22,False
C001596,Leisure,2023-01-22,False
C001597,Leisure,2023-01-22,False
C001598,Delivery,2023-01-22,False
C001599,Delivery,2023-01-22,False
C001600,Commuter,2023-01-23,False
C001601,Commuter,2023-01-23,False
C001602,Leisure,2023-01-23,False
C001603,Leisure,2023-01-23,False
C001604,Leisure,2023-01-23,False
C001605,Leisure,2023-01-23,False
C001606,Delivery,2023-01-23,False
C001607,Delivery,2023-01-23,False
C001608,Delivery,2023-01-23,False
C001609,Student,2023-01-24,False
C001610,Student,2023-01-24,False
C001611,Leisure,2023-01-24,False
C001612,Delivery,2023-01-24,False
C001613,Delivery,2023-01-24,False
C001614,Student,2023-01-25,False
C001615,Leisure,2023-01-25,False
C001616,Leisure,2023-01-25,False
C001617,Leisure,2023-01-25,False
C001618,Family,2023-01-25,False
C001619,Delivery,2023-01-25,False
C001620,Delivery,2023-01-25,False
C001621,Commuter,2023-01-26,False
C001622,Commuter,2023-01-26,False
C001623,Student,2023-01-26,False
C001624,Leisure,2023-01-26,False
C001625,Leisure,2023-01-26,False
C001626,Leisure,2023-01-26,False
C001627,Leisure,2023-01-26,False
C001628,Family,2023-01-26,False
C001629,Family,2023-01-26,False
C001630,Delivery,2023-01-26,False
C001631,Delivery,2023-01-26,False
C001632,Delivery,2023-01-26,False
C001633,Delivery,2023-01-26,False
C001634,Leisure,2023-01-27,False
C001635,Leisure,2023-01-27,False
C001636,Commuter,2023-01-28,False
C001637,Leisure,2023-01-28,False
C001638,Leisure,2023-01-28,False
C001639,Leisure,2023-01-28,False
C001640,Family,2023-01-28,False
C001641,Family,2023-01-28,False
C001642,Family,2023-01-28,False
C001643,Delivery,2023-01-28,False
C001644,Delivery,2023-01-28,False
C001645,Delivery,2023-01-28,False
C001646,Student,2023-01-29,False
C001647,Student,2023-01-29,False
C001648,Family,2023-01-29,False
C001649,Delivery,2023-01-29,False
C001650,Delivery,2023-01-29,False
C001651,Student,2023-01-30,False
C001652,Delivery,2023-01-30,False
C001653,Commuter,2023-01-31,False
C001654,Commuter,2023-01-31,False
C001655,Student,2023-01-31,False
C001656,Student,2023-01-31,False
C001657,Student,2023-01-31,False
C001658,Leisure,2023-01-31,False
C001659,Leisure,2023-01-31,False
C001660,Commuter,2023-02-01,False
C001661,Commuter,2023-02-01,False
C001662,Leisure,2023-02-01,False
C001663,Family,2023-02-01,False
C001664,Delivery,2023-02-01,False
C001665,Commuter,2023-02-02,False
C001666,Leisure,2023-02-02,False
C001667,Leisure,2023-02-02,False
C001668,Leisure,2023-02-02,False
C001669,Leisure,2023-02-02,False
C001670,Leisure,2023-02-02,False
C001671,Leisure,2023-02-02,False
C001672,Family,2023-02-02,False
C001673,Family,2023-02-02,False
C001674,Family,2023-02-02,False
C001675,Delivery,2023-02-02,False
C001676,Leisure,2023-02-03,False
C001677,Leisure,2023-02-03,False
C001678,Family,2023-02-03,False
C001679,Delivery,2023-02-03,False
C001680,Delivery,2023-02-03,False
C001681,Commuter,2023-02-04,False
C001682,Leisure,2023-02-04,False
C001683,Leisure,2023-02-04,False
C001684,Leisure,2023-02-04,False
C001685,Family,2023-02-04,False
C001686,Family,2023-02-04,False
C001687,Family,2023-02-04,False
C001688,Delivery,2023-02-04,False
C001689,Delivery,2023-02-04,False
C001690,Commuter,2023-02-05,False
C001691,Student,2023-02-05,False
C001692,Student,2023-02-05,False
C001693,Leisure,2023-02-05,False
C001694,Leisure,2023-02-05,False
C001695,Leisure,2023-02-05,False
C001696,Family,2023-02-05,False
C001697,Delivery,2023-02-05,False
C001698,Leisure,2023-02-06,False
C001699,Delivery,2023-02-06,False
C001700,Delivery,2023-02-06,False
C001701,Delivery,2023-02-07,False
C001702,Commuter,2023-02-08,False
C001703,Student,2023-02-08,False
C001704,Leisure,2023-02-08,False
C001705,Leisure,2023-02-08,False
C001706,Leisure,2023-02-08,False
C001707,Leisure,2023-02-08,False
C001708,Leisure,2023-02-08,False
C001709,Leisure,2023-02-08,False
C001710,Family,2023-02-08,False
C001711,Student,2023-02-09,False
C001712,Leisure,2023-02-09,False
C001713,Leisure,2023-02-09,False
C001714,Leisure,2023-02-09,False
C001715,Leisure,2023-02-09,False
C001716,Family,2023-02-09,False
C001717,Delivery,2023-02-09,False
C001718,Delivery,2023-02-09,False
C001719,Delivery,2023-02-09,False
C001720,Commuter,2023-02-10,False
C001721,Leisure,2023-02-10,False
C001722,Leisure,2023-02-10,False
C001723,Leisure,2023-02-10,False
C001724,Family,2023-02-10,False
C001725,Family,2023-02-10,False
C001726,Family,2023-02-10,False
C001727,Delivery,2023-02-10,False
C001728,Delivery,2023-02-10,False
C001729,Student,2023-02-11,False
C001730,Leisure,2023-02-11,False
C001731,Leisure,2023-02-11,False
C001732,Leisure,2023-02-11,False
C001733,Family,2023-02-11,False
C001734,Family,2023-02-11,False
C001735,Family,2023-02-11,False
C001736,Delivery,2023-02-11,False
C001737,Student,2023-02-12,False
C001738,Leisure,2023-02-12,False
C001739,Leisure,2023-02-12,False
C001740,Leisure,2023-02-12,False
C001741,Leisure,2023-02-12,False
C001742,Leisure,2023-02-12,False
C001743,Leisure,2023-02-12,False
C001744,Delivery,2023-02-12,False
C001745,Delivery,2023-02-12,False
C001746,Commuter,2023-02-13,False
C001747,Leisure,2023-02-13,False
C001748,Leisure,2023-02-13,False
C001749,Leisure,2023-02-13,False
C001750,Leisure,2023-02-13,False
C001751,Delivery,2023-02-13,False
C001752,Student,2023-02-14,False
C001753,Student,2023-02-14,False
C001754,Student,2023-02-14,False
C001755,Student,2023-02-14,False
C001756,Leisure,2023-02-14,False
C001757,Leisure,2023-02-14,False
C001758,Leisure,2023-02-14,False
C001759,Family,2023-02-14,False
C001760,Delivery,2023-02-14,False
C001761,Commuter,2023-02-15,False
C001762,Leisure,2023-02-15,False
C001763,Leisure,2023-02-15,False
C001764,Family,2023-02-15,False
C001765,Family,2023-02-15,False
C001766,Delivery,2023-02-15,False
C001767,Delivery,2023-02-15,False
C001768,Commuter,2023-02-16,False
C001769,Commuter,2023-02-16,False
C001770,Student,2023-02-16,False
C001771,Leisure,2023-02-16,False
C001772,Leisure,2023-02-16,False
C001773,Family,2023-02-16,False
C001774,Delivery,2023-02-16,False
C001775,Leisure,2023-02-17,False
C001776,Leisure,2023-02-17,False
C001777,Leisure,2023-02-17,False
C001778,Leisure,2023-02-17,False
C001779,Leisure,2023-02-17,False
C001780,Family,2023-02-17,False
C001781,Delivery,2023-02-17,False
C001782,Delivery,2023-02-17,False
C001783,Delivery,2023-02-17,False
C001784,Delivery,2023-02-17,False
C001785,Delivery,2023-02-17,False
C001786,Delivery,2023-02-17,False
C001787,Commuter,2023-02-18,False
C001788,Commuter,2023-02-18,False
C001789,Commuter,2023-02-18,False
C001790,Leisure,2023-02-18,False
C001791,Family,2023-02-18,False
C001792,Family,2023-02-18,False
C001793,Delivery,2023-02-18,False
C001794,Commuter,2023-02-19,False
C001795,Commuter,2023-02-19,False
C001796,Commuter,2023-02-19,False
C001797,Student,2023-02-19,False
C001798,Student,2023-02-19,False
C001799,Leisure,2023-02-19,False
C001800,Leisure,2023-02-19,False
C001801,Delivery,2023-02-19,False
C001802,Delivery,2023-02-19,False
C001803,Commuter,2023-02-20,False
C001804,Student,2023-02-20,False
C001805,Student,2023-02-20,False
C001806,Leisure,2023-02-20,False
C001807,Family,2023-02-20,False
C001808,Delivery,2023-02-20,False
C001809,Delivery,2023-02-20,False
C001810,Commuter,2023-02-21,False
C001811,Student,2023-02-21,False
C001812,Leisure,2023-02-21,False
C001813,Leisure,2023-02-21,False
C001814,Leisure,2023-02-21,False
C001815,Delivery,2023-02-21,False
C001816,Delivery,2023-02-21,False
C001817,Student,2023-02-22,False
C001818,Leisure,2023-02-22,False
C001819,Leisure,2023-02-22,False
C001820,Leisure,2023-02-22,False
C001821,Leisure,2023-02-22,False
C001822,Leisure,2023-02-22,False
C001823,Leisure,2023-02-22,False
C001824,Family,2023-02-22,False
C001825,Delivery,2023-02-22,False
C001826,Delivery,2023-02-22,False
C001827,Leisure,2023-02-23,False
C001828,Leisure,2023-02-23,False
C001829,Leisure,2023-02-23,False
C001830,Leisure,2023-02-23,False
C001831,Leisure,2023-02-23,False
C001832,Family,2023-02-23,False
C001833,Delivery,2023-02-23,False
C001834,Delivery,2023-02-23,False
C001835,Leisure,2023-02-24,False
C001836,Leisure,2023-02-24,False
C001837,Leisure,2023-02-24,False
C001838,Leisure,2023-02-24,False
C001839,Leisure,2023-02-24,False
C001840,Leisure,2023-02-24,False
C001841,Family,2023-02-24,False
C001842,Delivery,2023-02-24,False
C001843,Delivery,2023-02-24,False
C001844,Delivery,2023-02-24,False
C001845,Leisure,2023-02-25,False
C001846,Leisure,2023-02-25,False
C001847,Leisure,2023-02-25,False
C001848,Leisure,2023-02-25,False
C001849,Family,2023-02-25,False
C001850,Family,2023-02-25,False
C001851,Family,2023-02-25,False
C001852,Student,2023-02-26,False
C001853,Leisure,2023-02-26,False
C001854,Delivery,2023-02-26,False
C001855,Delivery,2023-02-26,False
C001856,Student,2023-02-27,False
C001857,Leisure,2023-02-27,False
C001858,Leisure,2023-02-27,False
C001859,Leisure,2023-02-27,False
C001860,Commuter,2023-02-28,False
C001861,Student,2023-02-28,False
C001862,Student,2023-02-28,False
C001863,Leisure,2023-02-28,False
C001864,Leisure,2023-02-28,False
C001865,Delivery,2023-02-28,False
C001866,Delivery,2023-02-28,False
C001867,Delivery,2023-02-28,False
C001868,Leisure,2023-03-01,False
C001869,Delivery,2023-03-01,False
C001870,Delivery,2023-03-01,False
C001871,Commuter,2023-03-02,False
C001872,Student,2023-03-02,False
C001873,Leisure,2023-03-02,False
C001874,Delivery,2023-03-02,False
C001875,Leisure,2023-03-03,False
C001876,Leisure,2023-03-03,False
C001877,Leisure,2023-03-03,False
C001878,Leisure,2023-03-03,False
C001879,Delivery,2023-03-03,False
C001880,Delivery,2023-03-03,False
C001881,Commuter,2023-03-04,False
C001882,Commuter,2023-03-04,False
C001883,Leisure,2023-03-04,False
C001884,Family,2023-03-04,False
C001885,Delivery,2023-03-04,False
C001886,Student,2023-03-05,False
C001887,Leisure,2023-03-05,False
C001888,Family,2023-03-05,False
C001889,Leisure,2023-03-06,False
C001890,Leisure,2023-03-06,False
C001891,Leisure,2023-03-06,False
C001892,Family,2023-03-06,False
C001893,Delivery,2023-03-06,False
C001894,Commuter,2023-03-07,False
C001895,Commuter,2023-03-07,False
C001896,Student,2023-03-07,False
C001897,Leisure,2023-03-07,False
C001898,Leisure,2023-03-07,False
C001899,Leisure,2023-03-07,False
C001900,Delivery,2023-03-07,False
C001901,Delivery,2023-03-07,False
C001902,Commuter,2023-03-08,False
C001903,Leisure,2023-03-08,False
C001904,Leisure,2023-03-08,False
C001905,Leisure,2023-03-08,False
C001906,Delivery,2023-03-08,False
C001907,Delivery,2023-03-08,False
C001908,Commuter,2023-03-09,False
C001909,Commuter,2023-03-09,False
C001910,Commuter,2023-03-09,False
C001911,Student,2023-03-09,False
C001912,Leisure,2023-03-09,False
C001913,Leisure,2023-03-09,False
C001914,Leisure,2023-03-09,False
C001915,Leisure,2023-03-09,False
C001916,Leisure,2023-03-09,False
C001917,Leisure,2023-03-09,False
C001918,Leisure,2023-03-09,False
C001919,Leisure,2023-03-10,False
C001920,Family,2023-03-10,False
C001921,Family,2023-03-10,False
C001922,Family,2023-03-10,False
C001923,Family,2023-03-10,False
C001924,Family,2023-03-10,False
C001925,Delivery,2023-03-10,False
C001926,Delivery,2023-03-10,False
C001927,Leisure,2023-03-11,False
C001928,Leisure,2023-03-11,False
C001929,Leisure,2023-03-11,False
C001930,Family,2023-03-11,False
C001931,Family,2023-03-11,False
C001932,Family,2023-03-11,False
C001933,Family,2023-03-11,False
C001934,Delivery,2023-03-11,False
C001935,Commuter,2023-03-12,False
C001936,Student,2023-03-12,False
C001937,Leisure,2023-03-12,False
C001938,Leisure,2023-03-12,False
C001939,Leisure,2023-03-12,False
C001940,Commuter,2023-03-13,False
C001941,Commuter,2023-03-13,False
C001942,Leisure,2023-03-13,False
C001943,Leisure,2023-03-13,False
C001944,Family,2023-03-13,False
C001945,Delivery,2023-03-13,False
C001946,Delivery,2023-03-13,False
C001947,Delivery,2023-03-13,False
C001948,Commuter,2023-03-14,False
C001949,Student,2023-03-14,False
C001950,Leisure,2023-03-14,False
C001951,Leisure,2023-03-14,False
C001952,Leisure,2023-03-14,False
C001953,Delivery,2023-03-14,False
C001954,Delivery,2023-03-14,False
C001955,Delivery,2023-03-14,False
C001956,Delivery,2023-03-14,False
C001957,Student,2023-03-15,False
C001958,Leisure,2023-03-15,False
C001959,Leisure,2023-03-15,False
C001960,Family,2023-03-15,False
C001961,Leisure,2023-03-16,False
C001962,Leisure,2023-03-16,False
C001963,Leisure,2023-03-16,False
C001964,Family,2023-03-16,False
C001965,Family,2023-03-16,False
C001966,Delivery,2023-03-16,False
C001967,Delivery,2023-03-16,False
C001968,Commuter,2023-03-17,False
C001969,Leisure,2023-03-17,False
C001970,Leisure,2023-03-17,False
C001971,Leisure,2023-03-17,False
C001972,Leisure,2023-03-17,False
C001973,Leisure,2023-03-17,False
C001974,Leisure,2023-03-17,False
C001975,Leisure,2023-03-17,False
C001976,Leisure,2023-03-17,False
C001977,Family,2023-03-17,False
C001978,Family,2023-03-17,False
C001979,Family,2023-03-17,False
C001980,Family,2023-03-17,False
C001981,Delivery,2023-03-17,False
C001982,Leisure,2023-03-18,False
C001983,Leisure,2023-03-18,False
C001984,Family,2023-03-18,False
C001985,Delivery,2023-03-18,False
C001986,Commuter,2023-03-19,False
C001987,Student,2023-03-19,False
C001988,Student,2023-03-19,False
C001989,Leisure,2023-03-19,False
C001990,Leisure,2023-03-19,False
C001991,Leisure,2023-03-19,False
C001992,Family,2023-03-19,False
C001993,Delivery,2023-03-19,False
C001994,Delivery,2023-03-19,False
C001995,Commuter,2023-03-20,False
C001996,Leisure,2023-03-20,False
C001997,Leisure,2023-03-20,False
C001998,Leisure,2023-03-20,False
C001999,Leisure,2023-03-20,False
C002000,Leisure,2023-03-20,False
C002001,Leisure,2023-03-20,False
C002002,Family,2023-03-20,False
C002003,Delivery,2023-03-20,False
C002004,Delivery,2023-03-20,False
C002005,Delivery,2023-03-20,False
C002006,Commuter,2023-03-21,False
C002007,Student,2023-03-21,False
C002008,Leisure,2023-03-21,False
C002009,Leisure,2023-03-21,False
C002010,Leisure,2023-03-21,False
C002011,Delivery,2023-03-21,False
C002012,Commuter,2023-03-22,False
C002013,Commuter,2023-03-22,False
C002014,Commuter,2023-03-22,False
C002015,Student,2023-03-22,False
C002016,Leisure,2023-03-22,False
C002017,Leisure,2023-03-22,False
C002018,Leisure,2023-03-22,False
C002019,Family,2023-03-22,False
C002020,Family,2023-03-22,False
C002021,Family,2023-03-22,False
C002022,Leisure,2023-03-23,False
C002023,Leisure,2023-03-23,False
C002024,Leisure,2023-03-23,False
C002025,Leisure,2023-03-23,False
C002026,Leisure,2023-03-23,False
C002027,Leisure,2023-03-23,False
C002028,Leisure,2023-03-23,False
C002029,Family,2023-03-23,False
C002030,Family,2023-03-23,False
C002031,Family,2023-03-23,False
C002032,Delivery,2023-03-23,False
C002033,Delivery,2023-03-23,False
C002034,Delivery,2023-03-23,False
C002035,Student,2023-03-24,False
C002036,Leisure,2023-03-24,False
C002037,Family,2023-03-24,False
C002038,Delivery,2023-03-24,False
C002039,Delivery,2023-03-24,False
C002040,Leisure,2023-03-25,False
C002041,Leisure,2023-03-25,False
C002042,Leisure,2023-03-25,False
C002043,Leisure,2023-03-25,False
C002044,Leisure,2023-03-25,False
C002045,Leisure,2023-03-25,False
C002046,Leisure,2023-03-25,False
C002047,Leisure,2023-03-25,False
C002048,Leisure,2023-03-25,False
C002049,Family,2023-03-25,False
C002050,Family,2023-03-25,False
C002051,Delivery,2023-03-25,False
C002052,Student,2023-03-26,False
C002053,Leisure,2023-03-26,False
C002054,Leisure,2023-03-26,False
C002055,Leisure,2023-03-26,False
C002056,Delivery,2023-03-26,False
C002057,Delivery,2023-03-26,False
C002058,Delivery,2023-03-26,False
C002059,Delivery,2023-03-26,False
C002060,Student,2023-03-27,False
C002061,Leisure,2023-03-27,False
C002062,Leisure,2023-03-27,False
C002063,Leisure,2023-03-27,False
C002064,Leisure,2023-03-27,False
C002065,Leisure,2023-03-27,False
C002066,Leisure,2023-03-27,False
C002067,Leisure,2023-03-27,False
C002068,Leisure,2023-03-27,False
C002069,Family,2023-03-27,False
C002070,Family,2023-03-27,False
C002071,Family,2023-03-27,False
C002072,Delivery,2023-03-27,False
C002073,Delivery,2023-03-27,False
C002074,Delivery,2023-03-27,False
C002075,Delivery,2023-03-27,False
C002076,Commuter,2023-03-28,False
C002077,Leisure,2023-03-28,False
C002078,Leisure,2023-03-28,False
C002079,Leisure,2023-03-28,False
C002080,Leisure,2023-03-28,False
C002081,Leisure,2023-03-28,False
C002082,Family,2023-03-28,False
C002083,Delivery,2023-03-28,False
C002084,Delivery,2023-03-28,False
C002085,Delivery,2023-03-28,False
C002086,Leisure,2023-03-29,False
C002087,Leisure,2023-03-29,False
C002088,Leisure,2023-03-29,False
C002089,Leisure,2023-03-29,False
C002090,Leisure,2023-03-29,False
C002091,Leisure,2023-03-29,False
C002092,Leisure,2023-03-29,False
C002093,Leisure,2023-03-29,False
C002094,Delivery,2023-03-29,False
C002095,Delivery,2023-03-29,False
C002096,Delivery,2023-03-29,False
C002097,Student,2023-03-30,False
C002098,Leisure,2023-03-30,False
C002099,Leisure,2023-03-30,False
C002100,Leisure,2023-03-30,False
C002101,Leisure,2023-03-30,False
C002102,Family,2023-03-30,False
C002103,Family,2023-03-30,False
C002104,Delivery,2023-03-30,False
C002105,Delivery,2023-03-30,False
C002106,Delivery,2023-03-30,False
C002107,Delivery,2023-03-30,False
C002108,Delivery,2023-03-30,False
C002109,Leisure,2023-03-31,False
C002110,Leisure,2023-03-31,False
C002111,Leisure,2023-03-31,False
C002112,Leisure,2023-03-31,False
C002113,Leisure,2023-03-31,False
C002114,Leisure,2023-03-31,False
C002115,Leisure,2023-03-31,False
C002116,Leisure,2023-03-31,False
C002117,Leisure,2023-03-31,False
C002118,Family,2023-03-31,False
C002119,Family,2023-03-31,False
C002120,Family,2023-03-31,False
C002121,Delivery,2023-03-31,False
C002122,Delivery,2023-03-31,False
C002123,Delivery,2023-03-31,False
C002124,Delivery,2023-03-31,False
C002125,Leisure,2023-04-01,False
C002126,Leisure,2023-04-01,False
C002127,Leisure,2023-04-01,False
C002128,Leisure,2023-04-01,False
C002129,Leisure,2023-04-01,False
C002130,Leisure,2023-04-01,False
C002131,Family,2023-04-01,False
C002132,Delivery,2023-04-01,False
C002133,Delivery,2023-04-01,False
C002134,Delivery,2023-04-01,False
C002135,Delivery,2023-04-01,False
C002136,Delivery,2023-04-01,False
C002137,Leisure,2023-04-02,False
C002138,Leisure,2023-04-02,False
C002139,Family,2023-04-02,False
C002140,Delivery,2023-04-02,False
C002141,Delivery,2023-04-02,False
C002142,Delivery,2023-04-02,False
C002143,Delivery,2023-04-02,False
C002144,Delivery,2023-04-02,False
C002145,Student,2023-04-03,False
C002146,Leisure,2023-04-03,False
C002147,Family,2023-04-03,False
C002148,Family,2023-04-03,False
C002149,Family,2023-04-03,False
C002150,Family,2023-04-03,False
C002151,Family,2023-04-03,False
C002152,Delivery,2023-04-03,False
C002153,Leisure,2023-04-04,False
C002154,Leisure,2023-04-04,False
C002155,Leisure,2023-04-04,False
C002156,Leisure,2023-04-04,False
C002157,Leisure,2023-04-04,False
C002158,Leisure,2023-04-04,False
C002159,Leisure,2023-04-04,False
C002160,Family,2023-04-04,False
C002161,Delivery,2023-04-04,False
C002162,Delivery,2023-04-04,False
C002163,Delivery,2023-04-04,False
C002164,Delivery,2023-04-04,False
C002165,Delivery,2023-04-04,False
C002166,Commuter,2023-04-05,False
C002167,Leisure,2023-04-05,False
C002168,Leisure,2023-04-05,False
C002169,Leisure,2023-04-05,False
C002170,Leisure,2023-04-05,False
C002171,Family,2023-04-05,False
C002172,Delivery,2023-04-05,False
C002173,Delivery,2023-04-05,False
C002174,Delivery,2023-04-05,False
C002175,Delivery,2023-04-05,False
C002176,Leisure,2023-04-06,False
C002177,Leisure,2023-04-06,False
C002178,Leisure,2023-04-06,False
C002179,Leisure,2023-04-06,False
C002180,Leisure,2023-04-06,False
C002181,Family,2023-04-06,False
C002182,Delivery,2023-04-06,False
C002183,Delivery,2023-04-06,False
C002184,Leisure,2023-04-07,False
C002185,Leisure,2023-04-07,False
C002186,Leisure,2023-04-07,False
C002187,Leisure,2023-04-07,False
C002188,Family,2023-04-07,False
C002189,Delivery,2023-04-07,False
C002190,Delivery,2023-04-07,False
C002191,Delivery,2023-04-07,False
C002192,Commuter,2023-04-08,False
C002193,Commuter,2023-04-08,False
C002194,Leisure,2023-04-08,False
C002195,Leisure,2023-04-08,False
C002196,Leisure,2023-04-08,False
C002197,Leisure,2023-04-08,False
C002198,Family,2023-04-08,False
C002199,Delivery,2023-04-08,False
C002200,Delivery,2023-04-08,False
C002201,Commuter,2023-04-09,False
C002202,Leisure,2023-04-09,False
C002203,Leisure,2023-04-09,False
C002204,Leisure,2023-04-09,False
C002205,Leisure,2023-04-09,False
C002206,Delivery,2023-04-09,False
C002207,Delivery,2023-04-09,False
C002208,Delivery,2023-04-09,False
C002209,Delivery,2023-04-09,False
C002210,Delivery,2023-04-09,False
C002211,Student,2023-04-10,False
C002212,Leisure,2023-04-10,False
C002213,Leisure,2023-04-10,False
C002214,Leisure,2023-04-10,False
C002215,Leisure,2023-04-10,False
C002216,Leisure,2023-04-10,False
C002217,Delivery,2023-04-10,False
C002218,Delivery,2023-04-10,False
C002219,Delivery,2023-04-10,False
C002220,Delivery,2023-04-10,False
C002221,Student,2023-04-11,False
C002222,Leisure,2023-04-11,False
C002223,Leisure,2023-04-11,False
C002224,Family,2023-04-11,False
C002225,Delivery,2023-04-11,False
C002226,Delivery,2023-04-11,False
C002227,Delivery,2023-04-11,False
C002228,Commuter,2023-04-12,False
C002229,Student,2023-04-12,False
C002230,Leisure,2023-04-12,False
C002231,Leisure,2023-04-12,False
C002232,Leisure,2023-04-12,False
C002233,Family,2023-04-12,False
C002234,Leisure,2023-04-13,False
C002235,Leisure,2023-04-13,False
C002236,Leisure,2023-04-13,False
C002237,Leisure,2023-04-13,False
C002238,Leisure,2023-04-13,False
C002239,Family,2023-04-13,False
C002240,Delivery,2023-04-13,False
C002241,Delivery,2023-04-13,False
C002242,Commuter,2023-04-14,False
C002243,Leisure,2023-04-14,False
C002244,Leisure,2023-04-14,False
C002245,Leisure,2023-04-14,False
C002246,Delivery,2023-04-14,False
C002247,Delivery,2023-04-14,False
C002248,Delivery,2023-04-14,False
C002249,Leisure,2023-04-15,False
C002250,Family,2023-04-15,False
C002251,Delivery,2023-04-15,False
C002252,Delivery,2023-04-15,False
C002253,Leisure,2023-04-16,False
C002254,Leisure,2023-04-16,False
C002255,Leisure,2023-04-16,False
C002256,Leisure,2023-04-16,False
C002257,Leisure,2023-04-16,False
C002258,Leisure,2023-04-16,False
C002259,Leisure,2023-04-16,False
C002260,Leisure,2023-04-16,False
C002261,Leisure,2023-04-16,False
C002262,Family,2023-04-16,False
C002263,Delivery,2023-04-16,False
C002264,Delivery,2023-04-16,False
C002265,Delivery,2023-04-16,False
C002266,Student,2023-04-17,False
C002267,Leisure,2023-04-17,False
C002268,Leisure,2023-04-17,False
C002269,Family,2023-04-17,False
C002270,Delivery,2023-04-17,False
C002271,Delivery,2023-04-17,False
C002272,Delivery,2023-04-17,False
C002273,Delivery,2023-04-17,False
C002274,Leisure,2023-04-18,False
C002275,Leisure,2023-04-18,False
C002276,Leisure,2023-04-18,False
C002277,Leisure,2023-04-18,False
C002278,Leisure,2023-04-18,False
C002279,Leisure,2023-04-18,False
C002280,Leisure,2023-04-18,False
C002281,Leisure,2023-04-18,False
C002282,Leisure,2023-04-19,False
C002283,Leisure,2023-04-19,False
C002284,Leisure,2023-04-19,False
C002285,Leisure,2023-04-19,False
C002286,Family,2023-04-19,False
C002287,Delivery,2023-04-19,False
C002288,Delivery,2023-04-19,False
C002289,Delivery,2023-04-19,False
C002290,Delivery,2023-04-19,False
C002291,Leisure,2023-04-20,False
C002292,Leisure,2023-04-20,False
C002293,Leisure,2023-04-20,False
C002294,Leisure,2023-04-20,False
C002295,Leisure,2023-04-20,False
C002296,Leisure,2023-04-20,False
C002297,Leisure,2023-04-20,False
C002298,Leisure,2023-04-20,False
C002299,Leisure,2023-04-20,False
C002300,Delivery,2023-04-20,False
C002301,Delivery,2023-04-20,False
C002302,Leisure,2023-04-21,False
C002303,Leisure,2023-04-21,False
C002304,Family,2023-04-21,False
C002305,Family,2023-04-21,False
C002306,Delivery,2023-04-21,False
C002307,Leisure,2023-04-22,False
C002308,Leisure,2023-04-22,False
C002309,Family,2023-04-22,False
C002310,Delivery,2023-04-22,False
C002311,Delivery,2023-04-22,False
C002312,Delivery,2023-04-22,False
C002313,Leisure,2023-04-23,False
C002314,Leisure,2023-04-23,False
C002315,Leisure,2023-04-23,False
C002316,Family,2023-04-23,False
C002317,Delivery,2023-04-23,False
C002318,Leisure,2023-04-24,False
C002319,Leisure,2023-04-24,False
C002320,Leisure,2023-04-24,False
C002321,Leisure,2023-04-24,False
C002322,Family,2023-04-24,False
C002323,Family,2023-04-24,False
C002324,Delivery,2023-04-24,False
C002325,Delivery,2023-04-24,False
C002326,Delivery,2023-04-24,False
C002327,Delivery,2023-04-24,False
C002328,Delivery,2023-04-24,False
C002329,Commuter,2023-04-25,False
C002330,Leisure,2023-04-25,False
C002331,Leisure,2023-04-25,False
C002332,Leisure,2023-04-25,False
C002333,Family,2023-04-25,False
C002334,Delivery,2023-04-25,False
C002335,Delivery,2023-04-25,False
C002336,Delivery,2023-04-25,False
C002337,Leisure,2023-04-26,False
C002338,Delivery,2023-04-26,False
C002339,Student,2023-04-27,False
C002340,Leisure,2023-04-27,False
C002341,Leisure,2023-04-27,False
C002342,Leisure,2023-04-27,False
C002343,Leisure,2023-04-27,False
C002344,Family,2023-04-27,False
C002345,Delivery,2023-04-27,False
C002346,Delivery,2023-04-27,False
C002347,Delivery,2023-04-27,False
C002348,Delivery,2023-04-27,False
C002349,Delivery,2023-04-27,False
C002350,Commuter,2023-04-28,False
C002351,Leisure,2023-04-28,False
C002352,Leisure,2023-04-28,False
C002353,Leisure,2023-04-28,False
C002354,Leisure,2023-04-28,False
C002355,Leisure,2023-04-28,False
C002356,Family,2023-04-28,False
C002357,Family,2023-04-28,False
C002358,Family,2023-04-28,False
C002359,Family,2023-04-28,False
C002360,Family,2023-04-28,False
C002361,Family,2023-04-28,False
C002362,Family,2023-04-28,False
C002363,Family,2023-04-28,False
C002364,Delivery,2023-04-28,False
C002365,Delivery,2023-04-28,False
C002366,Leisure,2023-04-29,False
C002367,Leisure,2023-04-29,False
C002368,Leisure,2023-04-29,False
C002369,Family,2023-04-29,False
C002370,Family,2023-04-29,False
C002371,Family,2023-04-29,False
C002372,Family,2023-04-29,False
C002373,Delivery,2023-04-29,False
C002374,Delivery,2023-04-29,False
C002375,Commuter,2023-04-30,False
C002376,Commuter,2023-04-30,False
C002377,Student,2023-04-30,False
C002378,Leisure,2023-04-30,False
C002379,Leisure,2023-04-30,False
C002380,Delivery,2023-04-30,False
C002381,Delivery,2023-04-30,False
C002382,Commuter,2023-05-01,False
C002383,Commuter,2023-05-01,False
C002384,Commuter,2023-05-01,False
C002385,Leisure,2023-05-01,False
C002386,Family,2023-05-01,False
C002387,Family,2023-05-01,False
C002388,Delivery,2023-05-01,False
C002389,Commuter,2023-05-02,False
C002390,Student,2023-05-02,False
C002391,Student,2023-05-02,False
C002392,Leisure,2023-05-02,False
C002393,Leisure,2023-05-02,False
C002394,Leisure,2023-05-02,False
C002395,Leisure,2023-05-02,False
C002396,Delivery,2023-05-02,False
C002397,Student,2023-05-03,False
C002398,Leisure,2023-05-03,False
C002399,Leisure,2023-05-03,False
C002400,Leisure,2023-05-03,False
C002401,Delivery,2023-05-03,False
C002402,Delivery,2023-05-03,False
C002403,Delivery,2023-05-03,False
C002404,Commuter,2023-05-04,False
C002405,Commuter,2023-05-04,False
C002406,Student,2023-05-04,False
C002407,Student,2023-05-04,False
C002408,Student,2023-05-04,False
C002409,Leisure,2023-05-04,False
C002410,Leisure,2023-05-04,False
C002411,Leisure,2023-05-04,False
C002412,Leisure,2023-05-04,False
C002413,Family,2023-05-04,False
C002414,Delivery,2023-05-04,False
C002415,Delivery,2023-05-04,False
C002416,Leisure,2023-05-05,False
C002417,Leisure,2023-05-05,False
C002418,Family,2023-05-05,False
C002419,Family,2023-05-05,False
C002420,Delivery,2023-05-05,False
C002421,Delivery,2023-05-05,False
C002422,Delivery,2023-05-05,False
C002423,Delivery,2023-05-05,False
C002424,Leisure,2023-05-06,False
C002425,Leisure,2023-05-06,False
C002426,Leisure,2023-05-06,False
C002427,Delivery,2023-05-06,False
C002428,Delivery,2023-05-06,False
C002429,Delivery,2023-05-06,False
C002430,Commuter,2023-05-07,False
C002431,Commuter,2023-05-07,False
C002432,Student,2023-05-07,False
C002433,Leisure,2023-05-07,False
C002434,Delivery,2023-05-07,False
C002435,Delivery,2023-05-07,False
C002436,Commuter,2023-05-08,False
C002437,Leisure,2023-05-08,False
C002438,Leisure,2023-05-08,False
C002439,Leisure,2023-05-08,False
C002440,Family,2023-05-08,False
C002441,Delivery,2023-05-08,False
C002442,Delivery,2023-05-08,False
C002443,Commuter,2023-05-09,False
C002444,Student,2023-05-09,False
C002445,Student,2023-05-09,False
C002446,Student,2023-05-09,False
C002447,Leisure,2023-05-09,False
C002448,Leisure,2023-05-09,False
C002449,Leisure,2023-05-09,False
C002450,Leisure,2023-05-09,False
C002451,Family,2023-05-09,False
C002452,Delivery,2023-05-09,False
C002453,Commuter,2023-05-10,False
C002454,Student,2023-05-10,False
C002455,Student,2023-05-10,False
C002456,Leisure,2023-05-10,False
C002457,Leisure,2023-05-10,False
C002458,Delivery,2023-05-10,False
C002459,Delivery,2023-05-10,False
C002460,Delivery,2023-05-10,False
C002461,Leisure,2023-05-11,False
C002462,Family,2023-05-11,False
C002463,Family,2023-05-11,False
C002464,Delivery,2023-05-11,False
C002465,Delivery,2023-05-11,False
C002466,Delivery,2023-05-11,False
C002467,Delivery,2023-05-11,False
C002468,Commuter,2023-05-12,False
C002469,Leisure,2023-05-12,False
C002470,Leisure,2023-05-12,False
C002471,Family,2023-05-12,False
C002472,Delivery,2023-05-12,False
C002473,Delivery,2023-05-12,False
C002474,Delivery,2023-05-12,False
C002475,Delivery,2023-05-12,False
C002476,Delivery,2023-05-12,False
C002477,Leisure,2023-05-13,False
C002478,Leisure,2023-05-13,False
C002479,Leisure,2023-05-13,False
C002480,Family,2023-05-13,False
C002481,Family,2023-05-13,False
C002482,Family,2023-05-13,False
C002483,Delivery,2023-05-13,False
C002484,Commuter,2023-05-14,False
C002485,Commuter,2023-05-14,False
C002486,Student,2023-05-14,False
C002487,Leisure,2023-05-14,False
C002488,Family,2023-05-14,False
C002489,Delivery,2023-05-14,False
C002490,Delivery,2023-05-14,False
C002491,Student,2023-05-15,False
C002492,Leisure,2023-05-15,False
C002493,Leisure,2023-05-15,False
C002494,Leisure,2023-05-15,False
C002495,Leisure,2023-05-15,False
C002496,Leisure,2023-05-15,False
C002497,Commuter,2023-05-16,False
C002498,Leisure,2023-05-16,False
C002499,Leisure,2023-05-16,False
C002500,Delivery,2023-05-16,False
C002501,Commuter,2023-05-17,False
C002502,Student,2023-05-17,False
C002503,Student,2023-05-17,False
C002504,Leisure,2023-05-17,False
C002505,Leisure,2023-05-17,False
C002506,Leisure,2023-05-17,False
C002507,Leisure,2023-05-17,False
C002508,Leisure,2023-05-17,False
C002509,Family,2023-05-17,False
C002510,Commuter,2023-05-18,False
C002511,Student,2023-05-18,False
C002512,Student,2023-05-18,False
C002513,Leisure,2023-05-18,False
C002514,Leisure,2023-05-18,False
C002515,Leisure,2023-05-18,False
C002516,Leisure,2023-05-18,False
C002517,Delivery,2023-05-18,False
C002518,Delivery,2023-05-18,False
C002519,Delivery,2023-05-18,False
C002520,Delivery,2023-05-18,False
C002521,Commuter,2023-05-19,False
C002522,Leisure,2023-05-19,False
C002523,Leisure,2023-05-19,False
C002524,Leisure,2023-05-19,False
C002525,Family,2023-05-19,False
C002526,Family,2023-05-19,False
C002527,Delivery,2023-05-19,False
C002528,Delivery,2023-05-19,False
C002529,Leisure,2023-05-20,False
C002530,Leisure,2023-05-20,False
C002531,Leisure,2023-05-20,False
C002532,Family,2023-05-20,False
C002533,Family,2023-05-20,False
C002534,Delivery,2023-05-20,False
C002535,Student,2023-05-21,False
C002536,Leisure,2023-05-21,False
C002537,Leisure,2023-05-21,False
C002538,Family,2023-05-21,False
C002539,Delivery,2023-05-21,False
C002540,Commuter,2023-05-22,False
C002541,Commuter,2023-05-22,False
C002542,Student,2023-05-22,False
C002543,Leisure,2023-05-22,False
C002544,Leisure,2023-05-22,False
C002545,Leisure,2023-05-22,False
C002546,Leisure,2023-05-22,False
C002547,Leisure,2023-05-22,False
C002548,Delivery,2023-05-22,False
C002549,Delivery,2023-05-22,False
C002550,Delivery,2023-05-22,False
C002551,Delivery,2023-05-22,False
C002552,Commuter,2023-05-23,False
C002553,Student,2023-05-23,False
C002554,Student,2023-05-23,False
C002555,Leisure,2023-05-23,False
C002556,Leisure,2023-05-23,False
C002557,Leisure,2023-05-23,False
C002558,Leisure,2023-05-23,False
C002559,Delivery,2023-05-23,False
C002560,Delivery,2023-05-23,False
C002561,Delivery,2023-05-23,False
C002562,Commuter,2023-05-24,False
C002563,Student,2023-05-24,False
C002564,Student,2023-05-24,False
C002565,Student,2023-05-24,False
C002566,Leisure,2023-05-24,False
C002567,Family,2023-05-24,False
C002568,Delivery,2023-05-24,False
C002569,Delivery,2023-05-24,False
C002570,Delivery,2023-05-24,False
C002571,Student,2023-05-25,False
C002572,Leisure,2023-05-25,False
C002573,Leisure,2023-05-25,False
C002574,Delivery,2023-05-25,False
C002575,Leisure,2023-05-26,False
C002576,Leisure,2023-05-26,False
C002577,Leisure,2023-05-26,False
C002578,Leisure,2023-05-26,False
C002579,Family,2023-05-26,False
C002580,Student,2023-05-27,False
C002581,Student,2023-05-27,False
C002582,Leisure,2023-05-27,False
C002583,Leisure,2023-05-27,False
C002584,Leisure,2023-05-27,False
C002585,Family,2023-05-27,False
C002586,Family,2023-05-27,False
C002587,Delivery,2023-05-27,False
C002588,Delivery,2023-05-27,False
C002589,Delivery,2023-05-27,False
C002590,Delivery,2023-05-27,False
C002591,Student,2023-05-28,False
C002592,Student,2023-05-28,False
C002593,Leisure,2023-05-28,False
C002594,Leisure,2023-05-28,False
C002595,Leisure,2023-05-28,False
C002596,Delivery,2023-05-28,False
C002597,Delivery,2023-05-28,False
C002598,Delivery,2023-05-28,False
C002599,Delivery,2023-05-28,False
C002600,Student,2023-05-29,False
C002601,Leisure,2023-05-29,False
C002602,Leisure,2023-05-29,False
C002603,Delivery,2023-05-29,False
C002604,Student,2023-05-30,False
C002605,Leisure,2023-05-30,False
C002606,Family,2023-05-30,False
C002607,Family,2023-05-30,False
C002608,Delivery,2023-05-30,False
C002609,Delivery,2023-05-30,False
C002610,Delivery,2023-05-30,False
C002611,Student,2023-05-31,False
C002612,Leisure,2023-05-31,False
C002613,Leisure,2023-05-31,False
C002614,Leisure,2023-05-31,False
C002615,Family,2023-05-31,False
C002616,Family,2023-05-31,False
C002617,Delivery,2023-05-31,False
C002618,Leisure,2023-06-01,False
C002619,Leisure,2023-06-01,False
C002620,Leisure,2023-06-01,False
C002621,Delivery,2023-06-01,False
C002622,Delivery,2023-06-01,False
C002623,Student,2023-06-02,False
C002624,Leisure,2023-06-02,False
C002625,Leisure,2023-06-02,False
C002626,Leisure,2023-06-02,False
C002627,Delivery,2023-06-02,False
C002628,Delivery,2023-06-02,False
C002629,Delivery,2023-06-02,False
C002630,Family,2023-06-03,False
C002631,Delivery,2023-06-03,False
C002632,Commuter,2023-06-04,False
C002633,Family,2023-06-04,False
C002634,Delivery,2023-06-04,False
C002635,Commuter,2023-06-05,False
C002636,Leisure,2023-06-05,False
C002637,Leisure,2023-06-05,False
C002638,Delivery,2023-06-05,False
C002639,Commuter,2023-06-06,False
C002640,Student,2023-06-06,False
C002641,Leisure,2023-06-06,False
C002642,Leisure,2023-06-06,False
C002643,Leisure,2023-06-06,False
C002644,Delivery,2023-06-06,False
C002645,Delivery,2023-06-06,False
C002646,Commuter,2023-06-07,False
C002647,Commuter,2023-06-07,False
C002648,Student,2023-06-07,False
C002649,Leisure,2023-06-07,False
C002650,Leisure,2023-06-07,False
C002651,Family,2023-06-07,False
C002652,Delivery,2023-06-07,False
C002653,Commuter,2023-06-08,False
C002654,Commuter,2023-06-08,False
C002655,Student,2023-06-08,False
C002656,Student,2023-06-08,False
C002657,Leisure,2023-06-08,False
C002658,Leisure,2023-06-08,False
C002659,Leisure,2023-06-08,False
C002660,Leisure,2023-06-08,False
C002661,Leisure,2023-06-08,False
C002662,Family,2023-06-08,False
C002663,Delivery,2023-06-08,False
C002664,Delivery,2023-06-08,False
C002665,Delivery,2023-06-08,False
C002666,Family,2023-06-09,False
C002667,Delivery,2023-06-09,False
C002668,Commuter,2023-06-10,False
C002669,Leisure,2023-06-10,False
C002670,Leisure,2023-06-10,False
C002671,Leisure,2023-06-10,False
C002672,Leisure,2023-06-10,False
C002673,Family,2023-06-10,False
C002674,Family,2023-06-10,False
C002675,Delivery,2023-06-10,False
C002676,Commuter,2023-06-11,False
C002677,Leisure,2023-06-11,False
C002678,Delivery,2023-06-11,False
C002679,Delivery,2023-06-11,False
C002680,Student,2023-06-12,False
C002681,Leisure,2023-06-12,False
C002682,Leisure,2023-06-12,False
C002683,Leisure,2023-06-12,False
C002684,Family,2023-06-12,False
C002685,Family,2023-06-12,False
C002686,Family,2023-06-12,False
C002687,Commuter,2023-06-13,False
C002688,Student,2023-06-13,False
C002689,Leisure,2023-06-13,False
C002690,Leisure,2023-06-13,False
C002691,Leisure,2023-06-13,False
C002692,Delivery,2023-06-13,False
C002693,Delivery,2023-06-13,False
C002694,Commuter,2023-06-14,False
C002695,Delivery,2023-06-14,False
C002696,Delivery,2023-06-14,False
C002697,Delivery,2023-06-14,False
C002698,Delivery,2023-06-14,False
C002699,Delivery,2023-06-14,False
C002700,Delivery,2023-06-14,False
C002701,Student,2023-06-15,False
C002702,Leisure,2023-06-15,False
C002703,Family,2023-06-15,False
C002704,Family,2023-06-15,False
C002705,Delivery,2023-06-15,False
C002706,Commuter,2023-06-16,False
C002707,Student,2023-06-16,False
C002708,Leisure,2023-06-16,False
C002709,Leisure,2023-06-16,False
C002710,Leisure,2023-06-16,False
C002711,Leisure,2023-06-16,False
C002712,Family,2023-06-16,False
C002713,Family,2023-06-16,False
C002714,Family,2023-06-16,False
C002715,Family,2023-06-16,False
C002716,Delivery,2023-06-16,False
C002717,Delivery,2023-06-16,False
C002718,Delivery,2023-06-16,False
C002719,Delivery,2023-06-16,False
C002720,Leisure,2023-06-17,False
C002721,Leisure,2023-06-17,False
C002722,Leisure,2023-06-17,False
C002723,Leisure,2023-06-17,False
C002724,Family,2023-06-17,False
C002725,Family,2023-06-17,False
C002726,Delivery,2023-06-17,False
C002727,Delivery,2023-06-17,False
C002728,Student,2023-06-18,False
C002729,Student,2023-06-18,False
C002730,Leisure,2023-06-18,False
C002731,Leisure,2023-06-18,False
C002732,Delivery,2023-06-18,False
C002733,Delivery,2023-06-18,False
C002734,Commuter,2023-06-19,False
C002735,Commuter,2023-06-19,False
C002736,Commuter,2023-06-19,False
C002737,Leisure,2023-06-19,False
C002738,Leisure,2023-06-19,False
C002739,Leisure,2023-06-19,False
C002740,Delivery,2023-06-19,False
C002741,Leisure,2023-06-20,False
C002742,Family,2023-06-20,False
C002743,Delivery,2023-06-20,False
C002744,Delivery,2023-06-20,False
C002745,Student,2023-06-21,False
C002746,Leisure,2023-06-21,False
C002747,Leisure,2023-06-21,False
C002748,Leisure,2023-06-21,False
C002749,Leisure,2023-06-21,False
C002750,Leisure,2023-06-21,False
C002751,Family,2023-06-21,False
C002752,Delivery,2023-06-21,False
C002753,Delivery,2023-06-21,False
C002754,Delivery,2023-06-21,False
C002755,Leisure,2023-06-22,False
C002756,Leisure,2023-06-22,False
C002757,Delivery,2023-06-22,False
C002758,Delivery,2023-06-22,False
C002759,Delivery,2023-06-22,False
C002760,Delivery,2023-06-22,False
C002761,Delivery,2023-06-22,False
C002762,Leisure,2023-06-23,False
C002763,Leisure,2023-06-23,False
C002764,Family,2023-06-23,False
C002765,Family,2023-06-23,False
C002766,Delivery,2023-06-23,False
C002767,Delivery,2023-06-23,False
C002768,Leisure,2023-06-24,False
C002769,Leisure,2023-06-24,False
C002770,Leisure,2023-06-24,False
C002771,Leisure,2023-06-24,False
C002772,Leisure,2023-06-24,False
C002773,Leisure,2023-06-24,False
C002774,Delivery,2023-06-24,False
C002775,Delivery,2023-06-24,False
C002776,Commuter,2023-06-25,False
C002777,Commuter,2023-06-25,False
C002778,Leisure,2023-06-25,False
C002779,Leisure,2023-06-25,False
C002780,Leisure,2023-06-25,False
C002781,Leisure,2023-06-25,False
C002782,Family,2023-06-25,False
C002783,Delivery,2023-06-25,False
C002784,Commuter,2023-06-26,False
C002785,Leisure,2023-06-26,False
C002786,Delivery,2023-06-26,False
C002787,Leisure,2023-06-27,False
C002788,Leisure,2023-06-27,False
C002789,Delivery,2023-06-27,False
C002790,Delivery,2023-06-27,False
C002791,Delivery,2023-06-27,False
C002792,Delivery,2023-06-27,False
C002793,Delivery,2023-06-27,False
C002794,Delivery,2023-06-27,False
C002795,Delivery,2023-06-27,False
C002796,Delivery,2023-06-28,False
C002797,Delivery,2023-06-28,False
C002798,Leisure,2023-06-29,False
C002799,Leisure,2023-06-29,False
C002800,Family,2023-06-29,False
C002801,Delivery,2023-06-29,False
C002802,Leisure,2023-06-30,False
C002803,Leisure,2023-06-30,False
C002804,Leisure,2023-06-30,False
C002805,Leisure,2023-06-30,False
C002806,Leisure,2023-06-30,False
C002807,Family,2023-06-30,False
C002808,Delivery,2023-06-30,False
C002809,Delivery,2023-06-30,False
C002810,Leisure,2023-07-01,False
C002811,Leisure,2023-07-01,False
C002812,Leisure,2023-07-01,False
C002813,Family,2023-07-01,False
C002814,Delivery,2023-07-01,False
C002815,Leisure,2023-07-02,False
C002816,Leisure,2023-07-02,False
C002817,Leisure,2023-07-02,False
C002818,Delivery,2023-07-03,False
C002819,Leisure,2023-07-04,False
C002820,Leisure,2023-07-04,False
C002821,Delivery,2023-07-04,False
C002822,Delivery,2023-07-04,False
C002823,Commuter,2023-07-05,False
C002824,Commuter,2023-07-05,False
C002825,Commuter,2023-07-05,False
C002826,Leisure,2023-07-05,False
C002827,Leisure,2023-07-05,False
C002828,Leisure,2023-07-05,False
C002829,Family,2023-07-05,False
C002830,Delivery,2023-07-05,False
C002831,Delivery,2023-07-05,False
C002832,Leisure,2023-07-06,False
C002833,Leisure,2023-07-06,False
C002834,Leisure,2023-07-06,False
C002835,Leisure,2023-07-06,False
C002836,Leisure,2023-07-06,False
C002837,Leisure,2023-07-06,False
C002838,Leisure,2023-07-06,False
C002839,Family,2023-07-06,False
C002840,Family,2023-07-06,False
C002841,Delivery,2023-07-06,False
C002842,Delivery,2023-07-06,False
C002843,Delivery,2023-07-06,False
C002844,Leisure,2023-07-07,False
C002845,Leisure,2023-07-07,False
C002846,Leisure,2023-07-07,False
C002847,Leisure,2023-07-07,False
C002848,Leisure,2023-07-07,False
C002849,Family,2023-07-07,False
C002850,Delivery,2023-07-07,False
C002851,Delivery,2023-07-07,False
C002852,Delivery,2023-07-07,False
C002853,Delivery,2023-07-07,False
C002854,Delivery,2023-07-07,False
C002855,Leisure,2023-07-08,False
C002856,Leisure,2023-07-08,False
C002857,Leisure,2023-07-08,False
C002858,Leisure,2023-07-08,False
C002859,Leisure,2023-07-08,False
C002860,Delivery,2023-07-08,False
C002861,Delivery,2023-07-08,False
C002862,Delivery,2023-07-08,False
C002863,Delivery,2023-07-08,False
C002864,Delivery,2023-07-08,False
C002865,Delivery,2023-07-08,False
C002866,Delivery,2023-07-08,False
C002867,Commuter,2023-07-09,False
C002868,Leisure,2023-07-09,False
C002869,Delivery,2023-07-10,False
C002870,Delivery,2023-07-10,False
C002871,Commuter,2023-07-11,False
C002872,Commuter,2023-07-11,False
C002873,Family,2023-07-11,False
C002874,Delivery,2023-07-11,False
C002875,Leisure,2023-07-12,False
C002876,Leisure,2023-07-12,False
C002877,Delivery,2023-07-12,False
C002878,Delivery,2023-07-12,False
C002879,Delivery,2023-07-12,False
C002880,Commuter,2023-07-13,False
C002881,Leisure,2023-07-13,False
C002882,Leisure,2023-07-13,False
C002883,Leisure,2023-07-13,False
C002884,Leisure,2023-07-13,False
C002885,Delivery,2023-07-13,False
C002886,Leisure,2023-07-14,False
C002887,Leisure,2023-07-14,False
C002888,Family,2023-07-14,False
C002889,Leisure,2023-07-15,False
C002890,Leisure,2023-07-15,False
C002891,Leisure,2023-07-15,False
C002892,Leisure,2023-07-15,False
C002893,Leisure,2023-07-15,False
C002894,Family,2023-07-15,False
C002895,Family,2023-07-15,False
C002896,Family,2023-07-15,False
C002897,Commuter,2023-07-16,False
C002898,Commuter,2023-07-16,False
C002899,Leisure,2023-07-16,False
C002900,Leisure,2023-07-16,False
C002901,Leisure,2023-07-16,False
C002902,Family,2023-07-16,False
C002903,Delivery,2023-07-16,False
C002904,Delivery,2023-07-16,False
C002905,Delivery,2023-07-16,False
C002906,Delivery,2023-07-16,False
C002907,Commuter,2023-07-17,False
C002908,Commuter,2023-07-17,False
C002909,Leisure,2023-07-17,False
C002910,Leisure,2023-07-17,False
C002911,Family,2023-07-17,False
C002912,Delivery,2023-07-17,False
C002913,Leisure,2023-07-18,False
C002914,Delivery,2023-07-18,False
C002915,Delivery,2023-07-18,False
C002916,Delivery,2023-07-18,False
C002917,Commuter,2023-07-19,False
C002918,Leisure,2023-07-19,False
C002919,Leisure,2023-07-19,False
C002920,Leisure,2023-07-19,False
C002921,Leisure,2023-07-19,False
C002922,Leisure,2023-07-19,False
C002923,Student,2023-07-20,False
C002924,Leisure,2023-07-20,False
C002925,Family,2023-07-20,False
C002926,Delivery,2023-07-20,False
C002927,Delivery,2023-07-20,False
C002928,Delivery,2023-07-20,False
C002929,Delivery,2023-07-20,False
C002930,Leisure,2023-07-21,False
C002931,Leisure,2023-07-21,False
C002932,Delivery,2023-07-21,False
C002933,Commuter,2023-07-22,False
C002934,Commuter,2023-07-22,False
C002935,Leisure,2023-07-22,False
C002936,Family,2023-07-22,False
C002937,Family,2023-07-22,False
C002938,Delivery,2023-07-22,False
C002939,Delivery,2023-07-22,False
C002940,Delivery,2023-07-22,False
C002941,Delivery,2023-07-22,False
C002942,Commuter,2023-07-23,False
C002943,Delivery,2023-07-23,False
C002944,Delivery,2023-07-24,False
C002945,Delivery,2023-07-24,False
C002946,Commuter,2023-07-25,False
C002947,Family,2023-07-25,False
C002948,Delivery,2023-07-25,False
C002949,Delivery,2023-07-25,False
C002950,Student,2023-07-26,False
C002951,Leisure,2023-07-26,False
C002952,Leisure,2023-07-26,False
C002953,Delivery,2023-07-27,False
C002954,Delivery,2023-07-27,False
C002955,Delivery,2023-07-27,False
C002956,Student,2023-07-28,False
C002957,Leisure,2023-07-28,False
C002958,Leisure,2023-07-28,False
C002959,Leisure,2023-07-28,False
C002960,Leisure,2023-07-28,False
C002961,Delivery,2023-07-28,False
C002962,Delivery,2023-07-28,False
C002963,Delivery,2023-07-28,False
C002964,Delivery,2023-07-28,False
C002965,Leisure,2023-07-29,False
C002966,Leisure,2023-07-29,False
C002967,Family,2023-07-29,False
C002968,Delivery,2023-07-29,False
C002969,Delivery,2023-07-29,False
C002970,Commuter,2023-07-30,False
C002971,Leisure,2023-07-30,False
C002972,Leisure,2023-07-30,False
C002973,Student,2023-07-31,False
C002974,Leisure,2023-07-31,False
C002975,Leisure,2023-07-31,False
C002976,Leisure,2023-08-01,False
C002977,Delivery,2023-08-01,False
C002978,Delivery,2023-08-01,False
C002979,Commuter,2023-08-02,False
C002980,Leisure,2023-08-02,False
C002981,Family,2023-08-02,False
C002982,Delivery,2023-08-02,False
C002983,Delivery,2023-08-02,False
C002984,Delivery,2023-08-02,False
C002985,Delivery,2023-08-02,False
C002986,Delivery,2023-08-02,False
C002987,Commuter,2023-08-03,False
C002988,Leisure,2023-08-03,False
C002989,Leisure,2023-08-03,False
C002990,Leisure,2023-08-03,False
C002991,Family,2023-08-03,False
C002992,Family,2023-08-03,False
C002993,Delivery,2023-08-03,False
C002994,Delivery,2023-08-03,False
C002995,Delivery,2023-08-03,False
C002996,Delivery,2023-08-03,False
C002997,Delivery,2023-08-03,False
C002998,Delivery,2023-08-03,False
C002999,Commuter,2023-08-04,False
C003000,Leisure,2023-08-04,False
C003001,Leisure,2023-08-04,False
C003002,Family,2023-08-04,False
C003003,Family,2023-08-04,False
C003004,Family,2023-08-04,False
C003005,Delivery,2023-08-04,False
C003006,Delivery,2023-08-04,False
C003007,Delivery,2023-08-04,False
C003008,Leisure,2023-08-05,False
C003009,Leisure,2023-08-05,False
C003010,Leisure,2023-08-05,False
C003011,Leisure,2023-08-05,False
C003012,Delivery,2023-08-05,False
C003013,Delivery,2023-08-05,False
C003014,Delivery,2023-08-05,False
C003015,Commuter,2023-08-06,False
C003016,Leisure,2023-08-06,False
C003017,Family,2023-08-06,False
C003018,Delivery,2023-08-06,False
C003019,Commuter,2023-08-07,False
C003020,Student,2023-08-07,False
C003021,Leisure,2023-08-07,False
C003022,Leisure,2023-08-07,False
C003023,Delivery,2023-08-07,False
C003024,Delivery,2023-08-07,False
C003025,Delivery,2023-08-07,False
C003026,Delivery,2023-08-07,False
C003027,Delivery,2023-08-07,False
C003028,Delivery,2023-08-07,False
C003029,Commuter,2023-08-08,False
C003030,Commuter,2023-08-08,False
C003031,Leisure,2023-08-08,False
C003032,Delivery,2023-08-08,False
C003033,Leisure,2023-08-09,False
C003034,Leisure,2023-08-09,False
C003035,Delivery,2023-08-09,False
C003036,Delivery,2023-08-09,False
C003037,Delivery,2023-08-09,False
C003038,Leisure,2023-08-10,False
C003039,Leisure,2023-08-10,False
C003040,Leisure,2023-08-10,False
C003041,Leisure,2023-08-10,False
C003042,Family,2023-08-10,False
C003043,Family,2023-08-10,False
C003044,Delivery,2023-08-10,False
C003045,Delivery,2023-08-10,False
C003046,Delivery,2023-08-10,False
C003047,Delivery,2023-08-10,False
C003048,Delivery,2023-08-10,False
C003049,Leisure,2023-08-11,False
C003050,Leisure,2023-08-11,False
C003051,Family,2023-08-11,False
C003052,Delivery,2023-08-11,False
C003053,Delivery,2023-08-11,False
C003054,Delivery,2023-08-11,False
C003055,Delivery,2023-08-11,False
C003056,Delivery,2023-08-11,False
C003057,Student,2023-08-12,False
C003058,Leisure,2023-08-12,False
C003059,Leisure,2023-08-12,False
C003060,Leisure,2023-08-12,False
C003061,Leisure,2023-08-12,False
C003062,Leisure,2023-08-12,False
C003063,Delivery,2023-08-12,False
C003064,Delivery,2023-08-12,False
C003065,Commuter,2023-08-13,False
C003066,Leisure,2023-08-13,False
C003067,Leisure,2023-08-13,False
C003068,Leisure,2023-08-13,False
C003069,Family,2023-08-13,False
C003070,Delivery,2023-08-13,False
C003071,Commuter,2023-08-14,False
C003072,Commuter,2023-08-14,False
C003073,Commuter,2023-08-14,False
C003074,Leisure,2023-08-14,False
C003075,Leisure,2023-08-14,False
C003076,Delivery,2023-08-14,False
C003077,Delivery,2023-08-14,False
C003078,Commuter,2023-08-15,False
C003079,Commuter,2023-08-15,False
C003080,Leisure,2023-08-15,False
C003081,Leisure,2023-08-15,False
C003082,Delivery,2023-08-15,False
C003083,Commuter,2023-08-16,False
C003084,Leisure,2023-08-16,False
C003085,Leisure,2023-08-16,False
C003086,Leisure,2023-08-16,False
C003087,Family,2023-08-16,False
C003088,Delivery,2023-08-16,False
C003089,Delivery,2023-08-16,False
C003090,Leisure,2023-08-17,False
C003091,Leisure,2023-08-17,False
C003092,Leisure,2023-08-17,False
C003093,Leisure,2023-08-17,False
C003094,Delivery,2023-08-17,False
C003095,Delivery,2023-08-17,False
C003096,Delivery,2023-08-17,False
C003097,Leisure,2023-08-18,False
C003098,Leisure,2023-08-18,False
C003099,Leisure,2023-08-18,False
C003100,Family,2023-08-18,False
C003101,Family,2023-08-18,False
C003102,Family,2023-08-18,False
C003103,Delivery,2023-08-18,False
C003104,Delivery,2023-08-18,False
C003105,Delivery,2023-08-18,False
C003106,Delivery,2023-08-18,False
C003107,Leisure,2023-08-19,False
C003108,Leisure,2023-08-19,False
C003109,Delivery,2023-08-19,False
C003110,Delivery,2023-08-19,False
C003111,Delivery,2023-08-19,False
C003112,Leisure,2023-08-20,False
C003113,Leisure,2023-08-20,False
C003114,Delivery,2023-08-20,False
C003115,Commuter,2023-08-21,False
C003116,Commuter,2023-08-21,False
C003117,Delivery,2023-08-21,False
C003118,Leisure,2023-08-22,False
C003119,Family,2023-08-22,False
C003120,Family,2023-08-22,False
C003121,Delivery,2023-08-22,False
C003122,Delivery,2023-08-22,False
C003123,Commuter,2023-08-23,False
C003124,Commuter,2023-08-23,False
C003125,Student,2023-08-23,False
C003126,Student,2023-08-23,False
C003127,Leisure,2023-08-23,False
C003128,Leisure,2023-08-23,False
C003129,Delivery,2023-08-23,False
C003130,Student,2023-08-24,False
C003131,Leisure,2023-08-24,False
C003132,Leisure,2023-08-24,False
C003133,Delivery,2023-08-24,False
C003134,Leisure,2023-08-25,False
C003135,Leisure,2023-08-25,False
C003136,Leisure,2023-08-25,False
C003137,Leisure,2023-08-25,False
C003138,Leisure,2023-08-25,False
C003139,Delivery,2023-08-25,False
C003140,Delivery,2023-08-25,False
C003141,Leisure,2023-08-26,False
C003142,Leisure,2023-08-26,False
C003143,Leisure,2023-08-26,False
C003144,Family,2023-08-26,False
C003145,Family,2023-08-26,False
C003146,Delivery,2023-08-26,False
C003147,Delivery,2023-08-26,False
C003148,Commuter,2023-08-27,False
C003149,Commuter,2023-08-27,False
C003150,Student,2023-08-27,False
C003151,Leisure,2023-08-27,False
C003152,Leisure,2023-08-27,False
C003153,Family,2023-08-27,False
C003154,Delivery,2023-08-27,False
C003155,Student,2023-08-28,False
C003156,Leisure,2023-08-28,False
C003157,Leisure,2023-08-28,False
C003158,Delivery,2023-08-28,False
C003159,Delivery,2023-08-28,False
C003160,Delivery,2023-08-28,False
C003161,Commuter,2023-08-29,False
C003162,Leisure,2023-08-29,False
C003163,Leisure,2023-08-29,False
C003164,Leisure,2023-08-29,False
C003165,Family,2023-08-29,False
C003166,Delivery,2023-08-29,False
C003167,Student,2023-08-30,False
C003168,Leisure,2023-08-30,False
C003169,Leisure,2023-08-30,False
C003170,Delivery,2023-08-30,False
C003171,Delivery,2023-08-30,False
C003172,Delivery,2023-08-30,False
C003173,Delivery,2023-08-30,False
C003174,Delivery,2023-08-30,False
C003175,Leisure,2023-08-31,False
C003176,Leisure,2023-08-31,False
C003177,Leisure,2023-08-31,False
C003178,Family,2023-08-31,False
C003179,Delivery,2023-08-31,False
C003180,Delivery,2023-08-31,False
C003181,Student,2023-09-01,False
C003182,Leisure,2023-09-01,False
C003183,Leisure,2023-09-01,False
C003184,Leisure,2023-09-01,False
C003185,Family,2023-09-01,False
C003186,Family,2023-09-01,False
C003187,Delivery,2023-09-01,False
C003188,Delivery,2023-09-01,False
C003189,Delivery,2023-09-01,False
C003190,Delivery,2023-09-01,False
C003191,Delivery,2023-09-01,False
C003192,Delivery,2023-09-01,False
C003193,Delivery,2023-09-01,False
C003194,Leisure,2023-09-02,False
C003195,Leisure,2023-09-02,False
C003196,Leisure,2023-09-02,False
C003197,Leisure,2023-09-02,False
C003198,Family,2023-09-02,False
C003199,Delivery,2023-09-02,False
C003200,Delivery,2023-09-02,False
C003201,Delivery,2023-09-02,False
C003202,Delivery,2023-09-02,False
C003203,Family,2023-09-03,False
C003204,Family,2023-09-03,False
C003205,Delivery,2023-09-03,False
C003206,Student,2023-09-04,False
C003207,Student,2023-09-04,False
C003208,Leisure,2023-09-04,False
C003209,Family,2023-09-04,False
C003210,Delivery,2023-09-04,False
C003211,Commuter,2023-09-05,False
C003212,Commuter,2023-09-05,False
C003213,Commuter,2023-09-05,False
C003214,Leisure,2023-09-05,False
C003215,Delivery,2023-09-05,False
C003216,Delivery,2023-09-05,False
C003217,Delivery,2023-09-05,False
C003218,Commuter,2023-09-06,False
C003219,Student,2023-09-06,False
C003220,Leisure,2023-09-06,False
C003221,Leisure,2023-09-06,False
C003222,Leisure,2023-09-06,False
C003223,Family,2023-09-06,False
C003224,Delivery,2023-09-06,False
C003225,Delivery,2023-09-06,False
C003226,Delivery,2023-09-06,False
C003227,Leisure,2023-09-07,False
C003228,Leisure,2023-09-07,False
C003229,Delivery,2023-09-07,False
C003230,Commuter,2023-09-08,False
C003231,Leisure,2023-09-08,False
C003232,Leisure,2023-09-08,False
C003233,Family,2023-09-08,False
C003234,Family,2023-09-08,False
C003235,Commuter,2023-09-09,False
C003236,Student,2023-09-09,False
C003237,Leisure,2023-09-09,False
C003238,Leisure,2023-09-09,False
C003239,Leisure,2023-09-09,False
C003240,Family,2023-09-09,False
C003241,Family,2023-09-09,False
C003242,Family,2023-09-09,False
C003243,Family,2023-09-09,False
C003244,Delivery,2023-09-09,False
C003245,Commuter,2023-09-10,False
C003246,Commuter,2023-09-10,False
C003247,Leisure,2023-09-10,False
C003248,Leisure,2023-09-10,False
C003249,Leisure,2023-09-10,False
C003250,Leisure,2023-09-10,False
C003251,Leisure,2023-09-10,False
C003252,Delivery,2023-09-10,False
C003253,Delivery,2023-09-10,False
C003254,Delivery,2023-09-10,False
C003255,Commuter,2023-09-11,False
C003256,Commuter,2023-09-11,False
C003257,Commuter,2023-09-11,False
C003258,Student,2023-09-11,False
C003259,Leisure,2023-09-11,False
C003260,Leisure,2023-09-11,False
C003261,Leisure,2023-09-11,False
C003262,Leisure,2023-09-11,False
C003263,Family,2023-09-11,False
C003264,Delivery,2023-09-11,False
C003265,Delivery,2023-09-11,False
C003266,Delivery,2023-09-11,False
C003267,Delivery,2023-09-11,False
C003268,Delivery,2023-09-11,False
C003269,Delivery,2023-09-11,False
C003270,Delivery,2023-09-11,False
C003271,Commuter,2023-09-12,False
C003272,Commuter,2023-09-12,False
C003273,Student,2023-09-12,False
C003274,Student,2023-09-12,False
C003275,Student,2023-09-12,False
C003276,Student,2023-09-12,False
C003277,Student,2023-09-12,False
C003278,Leisure,2023-09-12,False
C003279,Leisure,2023-09-12,False
C003280,Leisure,2023-09-12,False
C003281,Leisure,2023-09-12,False
C003282,Leisure,2023-09-12,False
C003283,Leisure,2023-09-12,False
C003284,Delivery,2023-09-12,False
C003285,Delivery,2023-09-12,False
C003286,Delivery,2023-09-12,False
C003287,Commuter,2023-09-13,False
C003288,Commuter,2023-09-13,False
C003289,Student,2023-09-13,False
C003290,Leisure,2023-09-13,False
C003291,Leisure,2023-09-13,False
C003292,Leisure,2023-09-13,False
C003293,Leisure,2023-09-13,False
C003294,Leisure,2023-09-13,False
C003295,Family,2023-09-13,False
C003296,Family,2023-09-13,False
C003297,Delivery,2023-09-13,False
C003298,Delivery,2023-09-13,False
C003299,Commuter,2023-09-14,False
C003300,Commuter,2023-09-14,False
C003301,Student,2023-09-14,False
C003302,Leisure,2023-09-14,False
C003303,Leisure,2023-09-14,False
C003304,Leisure,2023-09-14,False
C003305,Leisure,2023-09-14,False
C003306,Leisure,2023-09-14,False
C003307,Leisure,2023-09-14,False
C003308,Delivery,2023-09-14,False
C003309,Delivery,2023-09-14,False
C003310,Delivery,2023-09-14,False
C003311,Delivery,2023-09-14,False
C003312,Delivery,2023-09-14,False
C003313,Delivery,2023-09-14,False
C003314,Student,2023-09-15,False
C003315,Leisure,2023-09-15,False
C003316,Leisure,2023-09-15,False
C003317,Leisure,2023-09-15,False
C003318,Leisure,2023-09-15,False
C003319,Leisure,2023-09-15,False
C003320,Family,2023-09-15,False
C003321,Family,2023-09-15,False
C003322,Family,2023-09-15,False
C003323,Family,2023-09-15,False
C003324,Family,2023-09-15,False
C003325,Family,2023-09-15,False
C003326,Delivery,2023-09-15,False
C003327,Delivery,2023-09-15,False
C003328,Delivery,2023-09-15,False
C003329,Delivery,2023-09-15,False
C003330,Delivery,2023-09-15,False
C003331,Delivery,2023-09-15,False
C003332,Delivery,2023-09-15,False
C003333,Student,2023-09-16,False
C003334,Student,2023-09-16,False
C003335,Leisure,2023-09-16,False
C003336,Leisure,2023-09-16,False
C003337,Leisure,2023-09-16,False
C003338,Leisure,2023-09-16,False
C003339,Family,2023-09-16,False
C003340,Family,2023-09-16,False
C003341,Delivery,2023-09-16,False
C003342,Delivery,2023-09-16,False
C003343,Delivery,2023-09-16,False
C003344,Delivery,2023-09-16,False
C003345,Commuter,2023-09-17,False
C003346,Commuter,2023-09-17,False
C003347,Student,2023-09-17,False
C003348,Leisure,2023-09-17,False
C003349,Leisure,2023-09-17,False
C003350,Leisure,2023-09-17,False
C003351,Leisure,2023-09-17,False
C003352,Leisure,2023-09-17,False
C003353,Leisure,2023-09-17,False
C003354,Family,2023-09-17,False
C003355,Family,2023-09-17,False
C003356,Delivery,2023-09-17,False
C003357,Delivery,2023-09-17,False
C003358,Delivery,2023-09-17,False
C003359,Delivery,2023-09-17,False
C003360,Delivery,2023-09-17,False
C003361,Delivery,2023-09-17,False
C003362,Student,2023-09-18,False
C003363,Leisure,2023-09-18,False
C003364,Leisure,2023-09-18,False
C003365,Leisure,2023-09-18,False
C003366,Leisure,2023-09-18,False
C003367,Leisure,2023-09-18,False
C003368,Leisure,2023-09-18,False
C003369,Leisure,2023-09-18,False
C003370,Delivery,2023-09-18,False
C003371,Delivery,2023-09-18,False
C003372,Delivery,2023-09-18,False
C003373,Commuter,2023-09-19,False
C003374,Commuter,2023-09-19,False
C003375,Commuter,2023-09-19,False
C003376,Commuter,2023-09-19,False
C003377,Student,2023-09-19,False
C003378,Student,2023-09-19,False
C003379,Student,2023-09-19,False
C003380,Leisure,2023-09-19,False
C003381,Leisure,2023-09-19,False
C003382,Leisure,2023-09-19,False
C003383,Delivery,2023-09-19,False
C003384,Delivery,2023-09-19,False
C003385,Delivery,2023-09-19,False
C003386,Delivery,2023-09-19,False
C003387,Delivery,2023-09-19,False
C003388,Student,2023-09-20,False
C003389,Student,2023-09-20,False
C003390,Student,2023-09-20,False
C003391,Leisure,2023-09-20,False
C003392,Leisure,2023-09-20,False
C003393,Leisure,2023-09-20,False
C003394,Leisure,2023-09-20,False
C003395,Leisure,2023-09-20,False
C003396,Leisure,2023-09-20,False
C003397,Family,2023-09-20,False
C003398,Delivery,2023-09-20,False
C003399,Delivery,2023-09-20,False
C003400,Delivery,2023-09-20,False
C003401,Commuter,2023-09-21,False
C003402,Commuter,2023-09-21,False
C003403,Student,2023-09-21,False
C003404,Student,2023-09-21,False
C003405,Leisure,2023-09-21,False
C003406,Leisure,2023-09-21,False
C003407,Leisure,2023-09-21,False
C003408,Leisure,2023-09-21,False
C003409,Leisure,2023-09-21,False
C003410,Leisure,2023-09-21,False
C003411,Leisure,2023-09-21,False
C003412,Leisure,2023-09-21,False
C003413,Leisure,2023-09-21,False
C003414,Leisure,2023-09-21,False
C003415,Leisure,2023-09-21,False
C003416,Leisure,2023-09-21,False
C003417,Leisure,2023-09-21,False
C003418,Leisure,2023-09-21,False
C003419,Family,2023-09-21,False
C003420,Family,2023-09-21,False
C003421,Family,2023-09-21,False
C003422,Family,2023-09-21,False
C003423,Family,2023-09-21,False
C003424,Family,2023-09-21,False
C003425,Delivery,2023-09-21,False
C003426,Delivery,2023-09-21,False
C003427,Delivery,2023-09-21,False
C003428,Delivery,2023-09-21,False
C003429,Delivery,2023-09-21,False
C003430,Leisure,2023-09-22,False
C003431,Leisure,2023-09-22,False
C003432,Leisure,2023-09-22,False
C003433,Leisure,2023-09-22,False
C003434,Leisure,2023-09-22,False
C003435,Leisure,2023-09-22,False
C003436,Leisure,2023-09-22,False
C003437,Leisure,2023-09-22,False
C003438,Leisure,2023-09-22,False
C003439,Leisure,2023-09-22,False
C003440,Family,2023-09-22,False
C003441,Family,2023-09-22,False
C003442,Family,2023-09-22,False
C003443,Family,2023-09-22,False
C003444,Family,2023-09-22,False
C003445,Family,2023-09-22,False
C003446,Delivery,2023-09-22,False
C003447,Delivery,2023-09-22,False
C003448,Delivery,2023-09-22,False
C003449,Delivery,2023-09-22,False
C003450,Delivery,2023-09-22,False
C003451,Delivery,2023-09-22,False
C003452,Commuter,2023-09-23,False
C003453,Student,2023-09-23,False
C003454,Student,2023-09-23,False
C003455,Student,2023-09-23,False
C003456,Leisure,2023-09-23,False
C003457,Leisure,2023-09-23,False
C003458,Leisure,2023-09-23,False
C003459,Leisure,2023-09-23,False
C003460,Leisure,2023-09-23,False
C003461,Leisure,2023-09-23,False
C003462,Leisure,2023-09-23,False
C003463,Leisure,2023-09-23,False
C003464,Leisure,2023-09-23,False
C003465,Leisure,2023-09-23,False
C003466,Leisure,2023-09-23,False
C003467,Leisure,2023-09-23,False
C003468,Leisure,2023-09-23,False
C003469,Leisure,2023-09-23,False
C003470,Family,2023-09-23,False
C003471,Family,2023-09-23,False
C003472,Family,2023-09-23,False
C003473,Family,2023-09-23,False
C003474,Delivery,2023-09-23,False
C003475,Delivery,2023-09-23,False
C003476,Delivery,2023-09-23,False
C003477,Delivery,2023-09-23,False
C003478,Delivery,2023-09-23,False
C003479,Delivery,2023-09-23,False
C003480,Delivery,2023-09-23,False
C003481,Delivery,2023-09-23,False
C003482,Delivery,2023-09-23,False
C003483,Student,2023-09-24,False
C003484,Student,2023-09-24,False
C003485,Leisure,2023-09-24,False
C003486,Leisure,2023-09-24,False
C003487,Leisure,2023-09-24,False
C003488,Leisure,2023-09-24,False
C003489,Leisure,2023-09-24,False
C003490,Leisure,2023-09-24,False
C003491,Leisure,2023-09-24,False
C003492,Leisure,2023-09-24,False
C003493,Leisure,2023-09-24,False
C003494,Leisure,2023-09-24,False
C003495,Leisure,2023-09-24,False
C003496,Family,2023-09-24,False
C003497,Family,2023-09-24,False
C003498,Family,2023-09-24,False
C003499,Family,2023-09-24,False
C003500,Family,2023-09-24,False
C003501,Delivery,2023-09-24,False
C003502,Delivery,2023-09-24,False
C003503,Delivery,2023-09-24,False
C003504,Delivery,2023-09-24,False
C003505,Delivery,2023-09-24,False
C003506,Commuter,2023-09-25,False
C003507,Student,2023-09-25,False
C003508,Student,2023-09-25,False
C003509,Student,2023-09-25,False
C003510,Student,2023-09-25,False
C003511,Leisure,2023-09-25,False
C003512,Leisure,2023-09-25,False
C003513,Leisure,2023-09-25,False
C003514,Leisure,2023-09-25,False
C003515,Leisure,2023-09-25,False
C003516,Family,2023-09-25,False
C003517,Family,2023-09-25,False
C003518,Delivery,2023-09-25,False
C003519,Delivery,2023-09-25,False
C003520,Delivery,2023-09-25,False
C003521,Delivery,2023-09-25,False
C003522,Delivery,2023-09-25,False
C003523,Commuter,2023-09-26,False
C003524,Commuter,2023-09-26,False
C003525,Student,2023-09-26,False
C003526,Student,2023-09-26,False
C003527,Leisure,2023-09-26,False
C003528,Leisure,2023-09-26,False
C003529,Leisure,2023-09-26,False
C003530,Leisure,2023-09-26,False
C003531,Family,2023-09-26,False
C003532,Delivery,2023-09-26,False
C003533,Delivery,2023-09-26,False
C003534,Delivery,2023-09-26,False
C003535,Commuter,2023-09-27,False
C003536,Commuter,2023-09-27,False
C003537,Commuter,2023-09-27,False
C003538,Student,2023-09-27,False
C003539,Leisure,2023-09-27,False
C003540,Leisure,2023-09-27,False
C003541,Leisure,2023-09-27,False
C003542,Leisure,2023-09-27,False
C003543,Leisure,2023-09-27,False
C003544,Leisure,2023-09-27,False
C003545,Leisure,2023-09-27,False
C003546,Leisure,2023-09-27,False
C003547,Leisure,2023-09-27,False
C003548,Family,2023-09-27,False
C003549,Family,2023-09-27,False
C003550,Family,2023-09-27,False
C003551,Delivery,2023-09-27,False
C003552,Delivery,2023-09-27,False
C003553,Delivery,2023-09-27,False
C003554,Commuter,2023-09-28,False
C003555,Student,2023-09-28,False
C003556,Student,2023-09-28,False
C003557,Leisure,2023-09-28,False
C003558,Leisure,2023-09-28,False
C003559,Leisure,2023-09-28,False
C003560,Leisure,2023-09-28,False
C003561,Leisure,2023-09-28,False
C003562,Family,2023-09-28,False
C003563,Family,2023-09-28,False
C003564,Family,2023-09-28,False
C003565,Family,2023-09-28,False
C003566,Family,2023-09-28,False
C003567,Delivery,2023-09-28,False
C003568,Student,2023-09-29,False
C003569,Leisure,2023-09-29,False
C003570,Leisure,2023-09-29,False
C003571,Leisure,2023-09-29,False
C003572,Leisure,2023-09-29,False
C003573,Family,2023-09-29,False
C003574,Family,2023-09-29,False
C003575,Family,2023-09-29,False
C003576,Family,2023-09-29,False
C003577,Family,2023-09-29,False
C003578,Delivery,2023-09-29,False
C003579,Delivery,2023-09-29,False
C003580,Delivery,2023-09-29,False
C003581,Delivery,2023-09-29,False
C003582,Delivery,2023-09-29,False
C003583,Delivery,2023-09-29,False
C003584,Commuter,2023-09-30,False
C003585,Leisure,2023-09-30,False
C003586,Leisure,2023-09-30,False
C003587,Leisure,2023-09-30,False
C003588,Leisure,2023-09-30,False
C003589,Leisure,2023-09-30,False
C003590,Leisure,2023-09-30,False
C003591,Leisure,2023-09-30,False
C003592,Leisure,2023-09-30,False
C003593,Leisure,2023-09-30,False
C003594,Delivery,2023-09-30,False
C003595,Delivery,2023-09-30,False
C003596,Delivery,2023-09-30,False
C003597,Delivery,2023-09-30,False
C003598,Student,2023-10-01,False
C003599,Student,2023-10-01,False
C003600,Commuter,2023-10-02,False
C003601,Student,2023-10-02,False
C003602,Student,2023-10-02,False
C003603,Leisure,2023-10-02,False
C003604,Leisure,2023-10-02,False
C003605,Leisure,2023-10-02,False
C003606,Delivery,2023-10-02,False
C003607,Delivery,2023-10-02,False
C003608,Commuter,2023-10-03,False
C003609,Leisure,2023-10-03,False
C003610,Delivery,2023-10-03,False
C003611,Delivery,2023-10-03,False
C003612,Commuter,2023-10-04,False
C003613,Student,2023-10-04,False
C003614,Student,2023-10-04,False
C003615,Leisure,2023-10-04,False
C003616,Leisure,2023-10-04,False
C003617,Leisure,2023-10-04,False
C003618,Family,2023-10-04,False
C003619,Family,2023-10-04,False
C003620,Family,2023-10-04,False
C003621,Delivery,2023-10-04,False
C003622,Delivery,2023-10-04,False
C003623,Commuter,2023-10-05,False
C003624,Student,2023-10-05,False
C003625,Student,2023-10-05,False
C003626,Student,2023-10-05,False
C003627,Leisure,2023-10-05,False
C003628,Leisure,2023-10-05,False
C003629,Family,2023-10-05,False
C003630,Family,2023-10-05,False
C003631,Delivery,2023-10-05,False
C003632,Delivery,2023-10-05,False
C003633,Delivery,2023-10-05,False
C003634,Leisure,2023-10-06,False
C003635,Leisure,2023-10-06,False
C003636,Leisure,2023-10-06,False
C003637,Leisure,2023-10-06,False
C003638,Leisure,2023-10-06,False
C003639,Leisure,2023-10-06,False
C003640,Family,2023-10-06,False
C003641,Delivery,2023-10-06,False
C003642,Delivery,2023-10-06,False
C003643,Delivery,2023-10-06,False
C003644,Delivery,2023-10-06,False
C003645,Delivery,2023-10-06,False
C003646,Commuter,2023-10-07,False
C003647,Student,2023-10-07,False
C003648,Leisure,2023-10-07,False
C003649,Leisure,2023-10-07,False
C003650,Leisure,2023-10-07,False
C003651,Family,2023-10-07,False
C003652,Delivery,2023-10-07,False
C003653,Delivery,2023-10-07,False
C003654,Delivery,2023-10-07,False
C003655,Commuter,2023-10-08,False
C003656,Leisure,2023-10-08,False
C003657,Family,2023-10-08,False
C003658,Family,2023-10-08,False
C003659,Delivery,2023-10-08,False
C003660,Commuter,2023-10-09,False
C003661,Leisure,2023-10-09,False
C003662,Leisure,2023-10-09,False
C003663,Leisure,2023-10-09,False
C003664,Leisure,2023-10-09,False
C003665,Leisure,2023-10-09,False
C003666,Leisure,2023-10-09,False
C003667,Leisure,2023-10-09,False
C003668,Family,2023-10-09,False
C003669,Delivery,2023-10-09,False
C003670,Delivery,2023-10-09,False
C003671,Delivery,2023-10-09,False
C003672,Delivery,2023-10-09,False
C003673,Commuter,2023-10-10,False
C003674,Leisure,2023-10-10,False
C003675,Family,2023-10-10,False
C003676,Student,2023-10-11,False
C003677,Leisure,2023-10-11,False
C003678,Leisure,2023-10-11,False
C003679,Leisure,2023-10-11,False
C003680,Leisure,2023-10-11,False
C003681,Leisure,2023-10-11,False
C003682,Delivery,2023-10-11,False
C003683,Delivery,2023-10-11,False
C003684,Leisure,2023-10-12,False
C003685,Leisure,2023-10-12,False
C003686,Leisure,2023-10-12,False
C003687,Leisure,2023-10-12,False
C003688,Leisure,2023-10-12,False
C003689,Leisure,2023-10-12,False
C003690,Leisure,2023-10-12,False
C003691,Leisure,2023-10-12,False
C003692,Family,2023-10-12,False
C003693,Family,2023-10-12,False
C003694,Delivery,2023-10-12,False
C003695,Delivery,2023-10-12,False
C003696,Delivery,2023-10-12,False
C003697,Delivery,2023-10-12,False
C003698,Leisure,2023-10-13,False
C003699,Leisure,2023-10-13,False
C003700,Leisure,2023-10-13,False
C003701,Leisure,2023-10-13,False
C003702,Leisure,2023-10-13,False
C003703,Delivery,2023-10-13,False
C003704,Delivery,2023-10-13,False
C003705,Delivery,2023-10-13,False
C003706,Leisure,2023-10-14,False
C003707,Leisure,2023-10-14,False
C003708,Leisure,2023-10-14,False
C003709,Leisure,2023-10-14,False
C003710,Family,2023-10-14,False
C003711,Delivery,2023-10-14,False
C003712,Delivery,2023-10-14,False
C003713,Delivery,2023-10-14,False
C003714,Commuter,2023-10-15,False
C003715,Student,2023-10-15,False
C003716,Delivery,2023-10-15,False
C003717,Commuter,2023-10-16,False
C003718,Commuter,2023-10-16,False
C003719,Commuter,2023-10-16,False
C003720,Student,2023-10-16,False
C003721,Student,2023-10-16,False
C003722,Student,2023-10-16,False
C003723,Leisure,2023-10-16,False
C003724,Leisure,2023-10-16,False
C003725,Family,2023-10-16,False
C003726,Family,2023-10-16,False
C003727,Family,2023-10-16,False
C003728,Delivery,2023-10-16,False
C003729,Delivery,2023-10-16,False
C003730,Delivery,2023-10-16,False
C003731,Delivery,2023-10-16,False
C003732,Delivery,2023-10-16,False
C003733,Leisure,2023-10-17,False
C003734,Leisure,2023-10-17,False
C003735,Leisure,2023-10-17,False
C003736,Leisure,2023-10-17,False
C003737,Leisure,2023-10-17,False
C003738,Family,2023-10-17,False
C003739,Commuter,2023-10-18,False
C003740,Student,2023-10-18,False
C003741,Leisure,2023-10-18,False
C003742,Leisure,2023-10-18,False
C003743,Family,2023-10-18,False
C003744,Family,2023-10-18,False
C003745,Delivery,2023-10-18,False
C003746,Delivery,2023-10-18,False
C003747,Delivery,2023-10-18,False
C003748,Delivery,2023-10-18,False
C003749,Commuter,2023-10-19,False
C003750,Commuter,2023-10-19,False
C003751,Commuter,2023-10-19,False
C003752,Leisure,2023-10-19,False
C003753,Leisure,2023-10-19,False
C003754,Leisure,2023-10-19,False
C003755,Family,2023-10-19,False
C003756,Family,2023-10-19,False
C003757,Family,2023-10-19,False
C003758,Delivery,2023-10-19,False
C003759,Delivery,2023-10-19,False
C003760,Delivery,2023-10-19,False
C003761,Commuter,2023-10-20,False
C003762,Leisure,2023-10-20,False
C003763,Leisure,2023-10-20,False
C003764,Leisure,2023-10-20,False
C003765,Leisure,2023-10-20,False
C003766,Leisure,2023-10-20,False
C003767,Leisure,2023-10-20,False
C003768,Leisure,2023-10-20,False
C003769,Family,2023-10-20,False
C003770,Family,2023-10-20,False
C003771,Delivery,2023-10-20,False
C003772,Delivery,2023-10-20,False
C003773,Delivery,2023-10-20,False
C003774,Leisure,2023-10-21,False
C003775,Leisure,2023-10-21,False
C003776,Leisure,2023-10-21,False
C003777,Leisure,2023-10-21,False
C003778,Leisure,2023-10-21,False
C003779,Leisure,2023-10-21,False
C003780,Delivery,2023-10-21,False
C003781,Delivery,2023-10-21,False
C003782,Commuter,2023-10-22,False
C003783,Commuter,2023-10-22,False
C003784,Leisure,2023-10-22,False
C003785,Leisure,2023-10-22,False
C003786,Family,2023-10-22,False
C003787,Family,2023-10-22,False
C003788,Family,2023-10-22,False
C003789,Delivery,2023-10-22,False
C003790,Commuter,2023-10-23,False
C003791,Student,2023-10-23,False
C003792,Leisure,2023-10-23,False
C003793,Leisure,2023-10-23,False
C003794,Leisure,2023-10-23,False
C003795,Family,2023-10-23,False
C003796,Delivery,2023-10-23,False
C003797,Commuter,2023-10-24,False
C003798,Commuter,2023-10-24,False
C003799,Leisure,2023-10-24,False
C003800,Leisure,2023-10-24,False
C003801,Leisure,2023-10-24,False
C003802,Family,2023-10-24,False
C003803,Family,2023-10-24,False
C003804,Delivery,2023-10-24,False
C003805,Commuter,2023-10-25,False
C003806,Commuter,2023-10-25,False
C003807,Commuter,2023-10-25,False
C003808,Student,2023-10-25,False
C003809,Leisure,2023-10-25,False
C003810,Leisure,2023-10-25,False
C003811,Leisure,2023-10-25,False
C003812,Leisure,2023-10-25,False
C003813,Family,2023-10-25,False
C003814,Family,2023-10-25,False
C003815,Student,2023-10-26,False
C003816,Leisure,2023-10-26,False
C003817,Leisure,2023-10-26,False
C003818,Leisure,2023-10-26,False
C003819,Leisure,2023-10-26,False
C003820,Leisure,2023-10-26,False
C003821,Leisure,2023-10-26,False
C003822,Family,2023-10-26,False
C003823,Leisure,2023-10-27,False
C003824,Leisure,2023-10-27,False
C003825,Leisure,2023-10-27,False
C003826,Leisure,2023-10-27,False
C003827,Leisure,2023-10-27,False
C003828,Leisure,2023-10-27,False
C003829,Leisure,2023-10-27,False
C003830,Family,2023-10-27,False
C003831,Family,2023-10-27,False
C003832,Family,2023-10-27,False
C003833,Delivery,2023-10-27,False
C003834,Delivery,2023-10-27,False
C003835,Commuter,2023-10-28,False
C003836,Commuter,2023-10-28,False
C003837,Leisure,2023-10-28,False
C003838,Leisure,2023-10-28,False
C003839,Leisure,2023-10-28,False
C003840,Leisure,2023-10-28,False
C003841,Leisure,2023-10-28,False
C003842,Leisure,2023-10-28,False
C003843,Leisure,2023-10-28,False
C003844,Family,2023-10-28,False
C003845,Family,2023-10-28,False
C003846,Family,2023-10-28,False
C003847,Delivery,2023-10-28,False
C003848,Delivery,2023-10-28,False
C003849,Delivery,2023-10-28,False
C003850,Delivery,2023-10-28,False
C003851,Commuter,2023-10-29,False
C003852,Student,2023-10-29,False
C003853,Student,2023-10-29,False
C003854,Student,2023-10-29,False
C003855,Student,2023-10-29,False
C003856,Leisure,2023-10-29,False
C003857,Leisure,2023-10-29,False
C003858,Leisure,2023-10-29,False
C003859,Family,2023-10-29,False
C003860,Family,2023-10-29,False
C003861,Delivery,2023-10-29,False
C003862,Delivery,2023-10-29,False
C003863,Delivery,2023-10-29,False
C003864,Delivery,2023-10-29,False
C003865,Commuter,2023-10-30,False
C003866,Commuter,2023-10-30,False
C003867,Leisure,2023-10-30,False
C003868,Leisure,2023-10-30,False
C003869,Leisure,2023-10-30,False
C003870,Leisure,2023-10-30,False
C003871,Delivery,2023-10-30,False
C003872,Commuter,2023-10-31,False
C003873,Student,2023-10-31,False
C003874,Leisure,2023-10-31,False
C003875,Leisure,2023-10-31,False
C003876,Leisure,2023-10-31,False
C003877,Leisure,2023-10-31,False
C003878,Leisure,2023-10-31,False
C003879,Leisure,2023-10-31,False
C003880,Leisure,2023-10-31,False
C003881,Family,2023-10-31,False
C003882,Family,2023-10-31,False
C003883,Delivery,2023-10-31,False
C003884,Delivery,2023-10-31,False
C003885,Delivery,2023-10-31,False
C003886,Delivery,2023-10-31,False
C003887,Delivery,2023-10-31,False
C003888,Delivery,2023-10-31,False
C003889,Commuter,2023-11-01,False
C003890,Commuter,2023-11-01,False
C003891,Commuter,2023-11-01,False
C003892,Student,2023-11-01,False
C003893,Leisure,2023-11-01,False
C003894,Leisure,2023-11-01,False
C003895,Leisure,2023-11-01,False
C003896,Leisure,2023-11-01,False
C003897,Leisure,2023-11-01,False
C003898,Family,2023-11-01,False
C003899,Family,2023-11-01,False
C003900,Delivery,2023-11-01,False
C003901,Commuter,2023-11-02,False
C003902,Commuter,2023-11-02,False
C003903,Student,2023-11-02,False
C003904,Leisure,2023-11-02,False
C003905,Leisure,2023-11-02,False
C003906,Leisure,2023-11-02,False
C003907,Leisure,2023-11-02,False
C003908,Leisure,2023-11-02,False
C003909,Leisure,2023-11-02,False
C003910,Leisure,2023-11-02,False
C003911,Leisure,2023-11-02,False
C003912,Leisure,2023-11-02,False
C003913,Family,2023-11-02,False
C003914,Delivery,2023-11-02,False
C003915,Delivery,2023-11-02,False
C003916,Delivery,2023-11-02,False
C003917,Leisure,2023-11-03,False
C003918,Family,2023-11-03,False
C003919,Family,2023-11-03,False
C003920,Delivery,2023-11-03,False
C003921,Delivery,2023-11-03,False
C003922,Delivery,2023-11-03,False
C003923,Commuter,2023-11-04,False
C003924,Leisure,2023-11-04,False
C003925,Leisure,2023-11-04,False
C003926,Leisure,2023-11-04,False
C003927,Leisure,2023-11-04,False
C003928,Leisure,2023-11-04,False
C003929,Leisure,2023-11-04,False
C003930,Delivery,2023-11-04,False
C003931,Leisure,2023-11-05,False
C003932,Leisure,2023-11-05,False
C003933,Leisure,2023-11-05,False
C003934,Leisure,2023-11-05,False
C003935,Family,2023-11-05,False
C003936,Delivery,2023-11-05,False
C003937,Delivery,2023-11-05,False
C003938,Delivery,2023-11-05,False
C003939,Delivery,2023-11-05,False
C003940,Delivery,2023-11-05,False
C003941,Delivery,2023-11-05,False
C003942,Commuter,2023-11-06,False
C003943,Student,2023-11-06,False
C003944,Leisure,2023-11-06,False
C003945,Family,2023-11-06,False
C003946,Family,2023-11-06,False
C003947,Delivery,2023-11-06,False
C003948,Commuter,2023-11-07,False
C003949,Commuter,2023-11-07,False
C003950,Student,2023-11-07,False
C003951,Leisure,2023-11-07,False
C003952,Leisure,2023-11-07,False
C003953,Leisure,2023-11-07,False
C003954,Family,2023-11-07,False
C003955,Delivery,2023-11-07,False
C003956,Delivery,2023-11-07,False
C003957,Delivery,2023-11-07,False
C003958,Commuter,2023-11-08,False
C003959,Leisure,2023-11-08,False
C003960,Delivery,2023-11-08,False
C003961,Leisure,2023-11-09,False
C003962,Leisure,2023-11-09,False
C003963,Leisure,2023-11-09,False
C003964,Leisure,2023-11-09,False
C003965,Leisure,2023-11-09,False
C003966,Leisure,2023-11-09,False
C003967,Leisure,2023-11-09,False
C003968,Leisure,2023-11-09,False
C003969,Leisure,2023-11-09,False
C003970,Leisure,2023-11-09,False
C003971,Leisure,2023-11-09,False
C003972,Family,2023-11-09,False
C003973,Delivery,2023-11-09,False
C003974,Delivery,2023-11-09,False
C003975,Leisure,2023-11-10,False
C003976,Family,2023-11-10,False
C003977,Family,2023-11-10,False
C003978,Delivery,2023-11-10,False
C003979,Delivery,2023-11-10,False
C003980,Delivery,2023-11-10,False
C003981,Delivery,2023-11-10,False
C003982,Delivery,2023-11-10,False
C003983,Delivery,2023-11-10,False
C003984,Delivery,2023-11-10,False
C003985,Leisure,2023-11-11,False
C003986,Leisure,2023-11-11,False
C003987,Leisure,2023-11-11,False
C003988,Leisure,2023-11-11,False
C003989,Leisure,2023-11-11,False
C003990,Family,2023-11-11,False
C003991,Family,2023-11-11,False
C003992,Delivery,2023-11-11,False
C003993,Delivery,2023-11-11,False
C003994,Delivery,2023-11-11,False
C003995,Delivery,2023-11-11,False
C003996,Delivery,2023-11-11,False
C003997,Student,2023-11-12,False
C003998,Student,2023-11-12,False
C003999,Family,2023-11-12,False
C004000,Family,2023-11-12,False
C004001,Family,2023-11-12,False
C004002,Delivery,2023-11-12,False
C004003,Student,2023-11-13,False
C004004,Student,2023-11-13,False
C004005,Student,2023-11-13,False
C004006,Leisure,2023-11-13,False
C004007,Family,2023-11-13,False
C004008,Commuter,2023-11-14,False
C004009,Student,2023-11-14,False
C004010,Student,2023-11-14,False
C004011,Leisure,2023-11-14,False
C004012,Leisure,2023-11-14,False
C004013,Leisure,2023-11-14,False
C004014,Leisure,2023-11-14,False
C004015,Leisure,2023-11-14,False
C004016,Leisure,2023-11-14,False
C004017,Family,2023-11-14,False
C004018,Student,2023-11-15,False
C004019,Leisure,2023-11-15,False
C004020,Leisure,2023-11-15,False
C004021,Leisure,2023-11-15,False
C004022,Leisure,2023-11-15,False
C004023,Leisure,2023-11-15,False
C004024,Family,2023-11-15,False
C004025,Delivery,2023-11-15,False
C004026,Delivery,2023-11-15,False
C004027,Delivery,2023-11-15,False
C004028,Delivery,2023-11-15,False
C004029,Student,2023-11-16,False
C004030,Student,2023-11-16,False
C004031,Leisure,2023-11-16,False
C004032,Leisure,2023-11-16,False
C004033,Family,2023-11-16,False
C004034,Family,2023-11-16,False
C004035,Delivery,2023-11-16,False
C004036,Leisure,2023-11-17,False
C004037,Leisure,2023-11-17,False
C004038,Leisure,2023-11-17,False
C004039,Leisure,2023-11-17,False
C004040,Family,2023-11-17,False
C004041,Family,2023-11-17,False
C004042,Family,2023-11-17,False
C004043,Family,2023-11-17,False
C004044,Delivery,2023-11-17,False
C004045,Delivery,2023-11-17,False
C004046,Delivery,2023-11-17,False
C004047,Student,2023-11-18,False
C004048,Leisure,2023-11-18,False
C004049,Leisure,2023-11-18,False
C004050,Leisure,2023-11-18,False
C004051,Leisure,2023-11-18,False
C004052,Leisure,2023-11-18,False
C004053,Leisure,2023-11-18,False
C004054,Family,2023-11-18,False
C004055,Student,2023-11-19,False
C004056,Leisure,2023-11-19,False
C004057,Leisure,2023-11-19,False
C004058,Leisure,2023-11-19,False
C004059,Leisure,2023-11-19,False
C004060,Delivery,2023-11-19,False
C004061,Leisure,2023-11-20,False
C004062,Leisure,2023-11-20,False
C004063,Delivery,2023-11-20,False
C004064,Delivery,2023-11-20,False
C004065,Leisure,2023-11-21,False
C004066,Leisure,2023-11-21,False
C004067,Leisure,2023-11-21,False
C004068,Delivery,2023-11-21,False
C004069,Delivery,2023-11-21,False
C004070,Delivery,2023-11-21,False
C004071,Delivery,2023-11-21,False
C004072,Delivery,2023-11-21,False
C004073,Commuter,2023-11-22,False
C004074,Commuter,2023-11-22,False
C004075,Commuter,2023-11-22,False
C004076,Student,2023-11-22,False
C004077,Leisure,2023-11-22,False
C004078,Leisure,2023-11-22,False
C004079,Leisure,2023-11-22,False
C004080,Leisure,2023-11-22,False
C004081,Leisure,2023-11-22,False
C004082,Leisure,2023-11-22,False
C004083,Leisure,2023-11-22,False
C004084,Leisure,2023-11-22,False
C004085,Leisure,2023-11-22,False
C004086,Family,2023-11-22,False
C004087,Family,2023-11-22,False
C004088,Delivery,2023-11-22,False
C004089,Delivery,2023-11-22,False
C004090,Delivery,2023-11-22,False
C004091,Delivery,2023-11-22,False
C004092,Delivery,2023-11-22,False
C004093,Delivery,2023-11-22,False
C004094,Commuter,2023-11-23,False
C004095,Commuter,2023-11-23,False
C004096,Leisure,2023-11-23,False
C004097,Leisure,2023-11-23,False
C004098,Leisure,2023-11-23,False
C004099,Leisure,2023-11-23,False
C004100,Leisure,2023-11-23,False
C004101,Leisure,2023-11-23,False
C004102,Leisure,2023-11-23,False
C004103,Leisure,2023-11-23,False
C004104,Leisure,2023-11-23,False
C004105,Leisure,2023-11-23,False
C004106,Leisure,2023-11-23,False
C004107,Leisure,2023-11-23,False
C004108,Leisure,2023-11-23,False
C004109,Leisure,2023-11-23,False
C004110,Leisure,2023-11-23,False
C004111,Leisure,2023-11-23,False
C004112,Leisure,2023-11-23,False
C004113,Leisure,2023-11-23,False
C004114,Family,2023-11-23,False
C004115,Family,2023-11-23,False
C004116,Family,2023-11-23,False
C004117,Family,2023-11-23,False
C004118,Delivery,2023-11-23,False
C004119,Delivery,2023-11-23,False
C004120,Delivery,2023-11-23,False
C004121,Delivery,2023-11-23,False
C004122,Delivery,2023-11-23,False
C004123,Student,2023-11-24,False
C004124,Leisure,2023-11-24,False
C004125,Leisure,2023-11-24,False
C004126,Leisure,2023-11-24,False
C004127,Leisure,2023-11-24,False
C004128,Leisure,2023-11-24,False
C004129,Leisure,2023-11-24,False
C004130,Leisure,2023-11-24,False
C004131,Leisure,2023-11-24,False
C004132,Leisure,2023-11-24,False
C004133,Leisure,2023-11-24,False
C004134,Leisure,2023-11-24,False
C004135,Leisure,2023-11-24,False
C004136,Leisure,2023-11-24,False
C004137,Leisure,2023-11-24,False
C004138,Leisure,2023-11-24,False
C004139,Leisure,2023-11-24,False
C004140,Family,2023-11-24,False
C004141,Family,2023-11-24,False
C004142,Family,2023-11-24,False
C004143,Family,2023-11-24,False
C004144,Family,2023-11-24,False
C004145,Family,2023-11-24,False
C004146,Family,2023-11-24,False
C004147,Family,2023-11-24,False
C004148,Delivery,2023-11-24,False
C004149,Delivery,2023-11-24,False
C004150,Delivery,2023-11-24,False
C004151,Delivery,2023-11-24,False
C004152,Delivery,2023-11-24,False
C004153,Delivery,2023-11-24,False
C004154,Delivery,2023-11-24,False
C004155,Delivery,2023-11-24,False
C004156,Delivery,2023-11-24,False
C004157,Delivery,2023-11-24,False
C004158,Delivery,2023-11-24,False
C004159,Delivery,2023-11-24,False
C004160,Delivery,2023-11-24,False
C004161,Commuter,2023-11-25,False
C004162,Commuter,2023-11-25,False
C004163,Student,2023-11-25,False
C004164,Student,2023-11-25,False
C004165,Leisure,2023-11-25,False
C004166,Leisure,2023-11-25,False
C004167,Leisure,2023-11-25,False
C004168,Leisure,2023-11-25,False
C004169,Leisure,2023-11-25,False
C004170,Leisure,2023-11-25,False
C004171,Leisure,2023-11-25,False
C004172,Leisure,2023-11-25,False
C004173,Leisure,2023-11-25,False
C004174,Leisure,2023-11-25,False
C004175,Leisure,2023-11-25,False
C004176,Leisure,2023-11-25,False
C004177,Leisure,2023-11-25,False
C004178,Leisure,2023-11-25,False
C004179,Leisure,2023-11-25,False
C004180,Family,2023-11-25,False
C004181,Family,2023-11-25,False
C004182,Family,2023-11-25,False
C004183,Family,2023-11-25,False
C004184,Family,2023-11-25,False
C004185,Delivery,2023-11-25,False
C004186,Delivery,2023-11-25,False
C004187,Delivery,2023-11-25,False
C004188,Delivery,2023-11-25,False
C004189,Delivery,2023-11-25,False
C004190,Delivery,2023-11-25,False
C004191,Delivery,2023-11-25,False
C004192,Delivery,2023-11-25,False
C004193,Commuter,2023-11-26,False
C004194,Commuter,2023-11-26,False
C004195,Student,2023-11-26,False
C004196,Student,2023-11-26,False
C004197,Leisure,2023-11-26,False
C004198,Leisure,2023-11-26,False
C004199,Leisure,2023-11-26,False
C004200,Leisure,2023-11-26,False
C004201,Leisure,2023-11-26,False
C004202,Leisure,2023-11-26,False
C004203,Leisure,2023-11-26,False
C004204,Family,2023-11-26,False
C004205,Delivery,2023-11-26,False
C004206,Delivery,2023-11-26,False
C004207,Delivery,2023-11-26,False
C004208,Delivery,2023-11-26,False
C004209,Commuter,2023-11-27,False
C004210,Commuter,2023-11-27,False
C004211,Student,2023-11-27,False
C004212,Leisure,2023-11-27,False
C004213,Leisure,2023-11-27,False
C004214,Leisure,2023-11-27,False
C004215,Leisure,2023-11-27,False
C004216,Family,2023-11-27,False
C004217,Family,2023-11-27,False
C004218,Delivery,2023-11-27,False
C004219,Delivery,2023-11-27,False
C004220,Delivery,2023-11-27,False
C004221,Delivery,2023-11-27,False
C004222,Delivery,2023-11-27,False
C004223,Delivery,2023-11-27,False
C004224,Delivery,2023-11-27,False
C004225,Delivery,2023-11-27,False
C004226,Delivery,2023-11-27,False
C004227,Delivery,2023-11-27,False
C004228,Commuter,2023-11-28,False
C004229,Student,2023-11-28,False
C004230,Student,2023-11-28,False
C004231,Leisure,2023-11-28,False
C004232,Leisure,2023-11-28,False
C004233,Family,2023-11-28,False
C004234,Delivery,2023-11-28,False
C004235,Delivery,2023-11-28,False
C004236,Delivery,2023-11-28,False
C004237,Delivery,2023-11-28,False
C004238,Commuter,2023-11-29,False
C004239,Commuter,2023-11-29,False
C004240,Leisure,2023-11-29,False
C004241,Leisure,2023-11-29,False
C004242,Family,2023-11-29,False
C004243,Delivery,2023-11-29,False
C004244,Delivery,2023-11-29,False
C004245,Commuter,2023-11-30,False
C004246,Commuter,2023-11-30,False
C004247,Leisure,2023-11-30,False
C004248,Leisure,2023-11-30,False
C004249,Leisure,2023-11-30,False
C004250,Leisure,2023-11-30,False
C004251,Family,2023-11-30,False
C004252,Delivery,2023-11-30,False
C004253,Commuter,2023-12-01,False
C004254,Leisure,2023-12-01,False
C004255,Leisure,2023-12-01,False
C004256,Leisure,2023-12-01,False
C004257,Delivery,2023-12-01,False
C004258,Commuter,2023-12-02,False
C004259,Student,2023-12-02,False
C004260,Student,2023-12-02,False
C004261,Leisure,2023-12-02,False
C004262,Leisure,2023-12-02,False
C004263,Family,2023-12-02,False
C004264,Family,2023-12-02,False
C004265,Family,2023-12-02,False
C004266,Family,2023-12-02,False
C004267,Delivery,2023-12-02,False
C004268,Commuter,2023-12-03,False
C004269,Student,2023-12-03,False
C004270,Leisure,2023-12-03,False
C004271,Leisure,2023-12-03,False
C004272,Leisure,2023-12-03,False
C004273,Leisure,2023-12-03,False
C004274,Leisure,2023-12-03,False
C004275,Leisure,2023-12-03,False
C004276,Delivery,2023-12-03,False
C004277,Leisure,2023-12-04,False
C004278,Leisure,2023-12-04,False
C004279,Leisure,2023-12-04,False
C004280,Leisure,2023-12-04,False
C004281,Family,2023-12-04,False
C004282,Delivery,2023-12-04,False
C004283,Delivery,2023-12-04,False
C004284,Delivery,2023-12-04,False
C004285,Commuter,2023-12-05,False
C004286,Commuter,2023-12-05,False
C004287,Leisure,2023-12-05,False
C004288,Leisure,2023-12-05,False
C004289,Leisure,2023-12-05,False
C004290,Delivery,2023-12-05,False
C004291,Delivery,2023-12-05,False
C004292,Commuter,2023-12-06,False
C004293,Commuter,2023-12-06,False
C004294,Student,2023-12-06,False
C004295,Leisure,2023-12-06,False
C004296,Leisure,2023-12-06,False
C004297,Delivery,2023-12-06,False
C004298,Commuter,2023-12-07,False
C004299,Commuter,2023-12-07,False
C004300,Student,2023-12-07,False
C004301,Student,2023-12-07,False
C004302,Leisure,2023-12-07,False
C004303,Leisure,2023-12-07,False
C004304,Leisure,2023-12-07,False
C004305,Leisure,2023-12-07,False
C004306,Leisure,2023-12-07,False
C004307,Family,2023-12-07,False
C004308,Commuter,2023-12-08,False
C004309,Leisure,2023-12-08,False
C004310,Leisure,2023-12-08,False
C004311,Leisure,2023-12-08,False
C004312,Leisure,2023-12-08,False
C004313,Leisure,2023-12-08,False
C004314,Family,2023-12-08,False
C004315,Family,2023-12-08,False
C004316,Delivery,2023-12-08,False
C004317,Leisure,2023-12-09,False
C004318,Leisure,2023-12-09,False
C004319,Leisure,2023-12-09,False
C004320,Leisure,2023-12-09,False
C004321,Family,2023-12-09,False
C004322,Delivery,2023-12-09,False
C004323,Commuter,2023-12-10,False
C004324,Student,2023-12-10,False
C004325,Student,2023-12-10,False
C004326,Leisure,2023-12-10,False
C004327,Leisure,2023-12-10,False
C004328,Leisure,2023-12-10,False
C004329,Leisure,2023-12-10,False
C004330,Delivery,2023-12-10,False
C004331,Delivery,2023-12-10,False
C004332,Delivery,2023-12-10,False
C004333,Commuter,2023-12-11,False
C004334,Leisure,2023-12-11,False
C004335,Leisure,2023-12-11,False
C004336,Leisure,2023-12-11,False
C004337,Delivery,2023-12-11,False
C004338,Commuter,2023-12-12,False
C004339,Student,2023-12-12,False
C004340,Leisure,2023-12-12,False
C004341,Leisure,2023-12-12,False
C004342,Leisure,2023-12-12,False
C004343,Family,2023-12-12,False
C004344,Delivery,2023-12-12,False
C004345,Commuter,2023-12-13,False
C004346,Commuter,2023-12-13,False
C004347,Leisure,2023-12-13,False
C004348,Leisure,2023-12-13,False
C004349,Leisure,2023-12-13,False
C004350,Leisure,2023-12-13,False
C004351,Leisure,2023-12-13,False
C004352,Leisure,2023-12-13,False
C004353,Family,2023-12-13,False
C004354,Family,2023-12-13,False
C004355,Commuter,2023-12-14,False
C004356,Commuter,2023-12-14,False
C004357,Commuter,2023-12-14,False
C004358,Commuter,2023-12-14,False
C004359,Commuter,2023-12-14,False
C004360,Student,2023-12-14,False
C004361,Student,2023-12-14,False
C004362,Leisure,2023-12-14,False
C004363,Leisure,2023-12-14,False
C004364,Leisure,2023-12-14,False
C004365,Leisure,2023-12-14,False
C004366,Leisure,2023-12-14,False
C004367,Leisure,2023-12-14,False
C004368,Leisure,2023-12-14,False
C004369,Leisure,2023-12-14,False
C004370,Leisure,2023-12-14,False
C004371,Leisure,2023-12-14,False
C004372,Leisure,2023-12-14,False
C004373,Leisure,2023-12-14,False
C004374,Leisure,2023-12-14,False
C004375,Leisure,2023-12-14,False
C004376,Delivery,2023-12-14,False
C004377,Delivery,2023-12-14,False
C004378,Delivery,2023-12-14,False
C004379,Leisure,2023-12-15,False
C004380,Leisure,2023-12-15,False
C004381,Leisure,2023-12-15,False
C004382,Leisure,2023-12-15,False
C004383,Leisure,2023-12-15,False
C004384,Leisure,2023-12-15,False
C004385,Leisure,2023-12-15,False
C004386,Leisure,2023-12-15,False
C004387,Leisure,2023-12-15,False
C004388,Family,2023-12-15,False
C004389,Family,2023-12-15,False
C004390,Family,2023-12-15,False
C004391,Family,2023-12-15,False
C004392,Delivery,2023-12-15,False
C004393,Student,2023-12-16,False
C004394,Student,2023-12-16,False
C004395,Leisure,2023-12-16,False
C004396,Leisure,2023-12-16,False
C004397,Family,2023-12-16,False
C004398,Family,2023-12-16,False
C004399,Delivery,2023-12-16,False
C004400,Delivery,2023-12-16,False
C004401,Commuter,2023-12-17,False
C004402,Student,2023-12-17,False
C004403,Student,2023-12-17,False
C004404,Leisure,2023-12-17,False
C004405,Leisure,2023-12-17,False
C004406,Leisure,2023-12-17,False
C004407,Delivery,2023-12-17,False
C004408,Commuter,2023-12-18,False
C004409,Student,2023-12-18,False
C004410,Student,2023-12-18,False
C004411,Leisure,2023-12-18,False
C004412,Family,2023-12-18,False
C004413,Family,2023-12-18,False
C004414,Family,2023-12-18,False
C004415,Delivery,2023-12-18,False
C004416,Commuter,2023-12-19,False
C004417,Commuter,2023-12-19,False
C004418,Commuter,2023-12-19,False
C004419,Leisure,2023-12-19,False
C004420,Leisure,2023-12-19,False
C004421,Leisure,2023-12-19,False
C004422,Leisure,2023-12-19,False
C004423,Leisure,2023-12-19,False
C004424,Leisure,2023-12-19,False
C004425,Family,2023-12-19,False
C004426,Delivery,2023-12-19,False
C004427,Commuter,2023-12-20,False
C004428,Commuter,2023-12-20,False
C004429,Student,2023-12-20,False
C004430,Student,2023-12-20,False
C004431,Leisure,2023-12-20,False
C004432,Leisure,2023-12-20,False
C004433,Leisure,2023-12-20,False
C004434,Leisure,2023-12-20,False
C004435,Leisure,2023-12-20,False
C004436,Family,2023-12-20,False
C004437,Family,2023-12-20,False
C004438,Delivery,2023-12-20,False
C004439,Delivery,2023-12-20,False
C004440,Commuter,2023-12-21,False
C004441,Commuter,2023-12-21,False
C004442,Leisure,2023-12-21,False
C004443,Leisure,2023-12-21,False
C004444,Leisure,2023-12-21,False
C004445,Leisure,2023-12-21,False
C004446,Leisure,2023-12-21,False
C004447,Leisure,2023-12-21,False
C004448,Leisure,2023-12-21,False
C004449,Leisure,2023-12-21,False
C004450,Leisure,2023-12-21,False
C004451,Leisure,2023-12-21,False
C004452,Family,2023-12-21,False
C004453,Family,2023-12-21,False
C004454,Delivery,2023-12-21,False
C004455,Leisure,2023-12-22,False
C004456,Leisure,2023-12-22,False
C004457,Leisure,2023-12-22,False
C004458,Family,2023-12-22,False
C004459,Family,2023-12-22,False
C004460,Delivery,2023-12-22,False
C004461,Commuter,2023-12-23,False
C004462,Leisure,2023-12-23,False
C004463,Leisure,2023-12-23,False
C004464,Leisure,2023-12-23,False
C004465,Leisure,2023-12-23,False
C004466,Family,2023-12-23,False
C004467,Family,2023-12-23,False
C004468,Family,2023-12-23,False
C004469,Commuter,2023-12-24,False
C004470,Commuter,2023-12-24,False
C004471,Student,2023-12-24,False
C004472,Leisure,2023-12-24,False
C004473,Leisure,2023-12-24,False
C004474,Family,2023-12-24,False
C004475,Leisure,2023-12-25,False
C004476,Commuter,2023-12-26,False
C004477,Commuter,2023-12-26,False
C004478,Student,2023-12-26,False
C004479,Leisure,2023-12-26,False
C004480,Leisure,2023-12-26,False
C004481,Leisure,2023-12-26,False
C004482,Family,2023-12-26,False
C004483,Family,2023-12-26,False
C004484,Delivery,2023-12-26,False
C004485,Delivery,2023-12-26,False
C004486,Delivery,2023-12-26,False
C004487,Commuter,2023-12-27,False
C004488,Student,2023-12-27,False
C004489,Student,2023-12-27,False
C004490,Leisure,2023-12-27,False
C004491,Leisure,2023-12-27,False
C004492,Leisure,2023-12-27,False
C004493,Leisure,2023-12-27,False
C004494,Delivery,2023-12-27,False
C004495,Delivery,2023-12-27,False
C004496,Student,2023-12-28,False
C004497,Leisure,2023-12-28,False
C004498,Leisure,2023-12-28,False
C004499,Leisure,2023-12-28,False
C004500,Leisure,2023-12-28,False
C004501,Leisure,2023-12-28,False
C004502,Leisure,2023-12-28,False
C004503,Leisure,2023-12-28,False
C004504,Delivery,2023-12-28,False
C004505,Leisure,2023-12-29,False
C004506,Leisure,2023-12-29,False
C004507,Leisure,2023-12-29,False
C004508,Leisure,2023-12-29,False
C004509,Leisure,2023-12-29,False
C004510,Family,2023-12-29,False
C004511,Family,2023-12-29,False
C004512,Family,2023-12-29,False
C004513,Family,2023-12-29,False
C004514,Delivery,2023-12-29,False
C004515,Leisure,2023-12-30,False
C004516,Leisure,2023-12-30,False
C004517,Leisure,2023-12-30,False
C004518,Leisure,2023-12-30,False
C004519,Delivery,2023-12-30,False
C004520,Commuter,2023-12-31,False
C004521,Commuter,2023-12-31,False
C004522,Commuter,2023-12-31,False
C004523,Commuter,2023-12-31,False
C004524,Student,2023-12-31,False
C004525,Leisure,2023-12-31,False
C004526,Leisure,2023-12-31,False
C004527,Leisure,2023-12-31,False
C004528,Family,2023-12-31,False
C004529,Family,2023-12-31,False
C004530,Delivery,2023-12-31,False
C004531,Student,2024-01-01,False
C004532,Leisure,2024-01-01,False
C004533,Leisure,2024-01-01,False
C004534,Leisure,2024-01-01,False
C004535,Family,2024-01-01,False
C004536,Family,2024-01-01,False
C004537,Family,2024-01-01,False
C004538,Student,2024-01-02,False
C004539,Student,2024-01-02,False
C004540,Leisure,2024-01-02,False
C004541,Leisure,2024-01-02,False
C004542,Leisure,2024-01-02,False
C004543,Leisure,2024-01-02,False
C004544,Delivery,2024-01-02,False
C004545,Delivery,2024-01-02,False
C004546,Delivery,2024-01-02,False
C004547,Delivery,2024-01-02,False
C004548,Commuter,2024-01-03,False
C004549,Commuter,2024-01-03,False
C004550,Leisure,2024-01-03,False
C004551,Leisure,2024-01-03,False
C004552,Leisure,2024-01-03,False
C004553,Leisure,2024-01-03,False
C004554,Leisure,2024-01-03,False
C004555,Leisure,2024-01-03,False
C004556,Leisure,2024-01-03,False
C004557,Leisure,2024-01-03,False
C004558,Family,2024-01-03,False
C004559,Family,2024-01-03,False
C004560,Delivery,2024-01-03,False
C004561,Delivery,2024-01-03,False
C004562,Student,2024-01-04,False
C004563,Leisure,2024-01-04,False
C004564,Leisure,2024-01-04,False
C004565,Family,2024-01-04,False
C004566,Family,2024-01-04,False
C004567,Delivery,2024-01-04,False
C004568,Commuter,2024-01-05,False
C004569,Leisure,2024-01-05,False
C004570,Leisure,2024-01-05,False
C004571,Leisure,2024-01-05,False
C004572,Leisure,2024-01-05,False
C004573,Leisure,2024-01-05,False
C004574,Family,2024-01-05,False
C004575,Family,2024-01-05,False
C004576,Family,2024-01-05,False
C004577,Family,2024-01-05,False
C004578,Family,2024-01-05,False
C004579,Family,2024-01-05,False
C004580,Delivery,2024-01-05,False
C004581,Delivery,2024-01-05,False
C004582,Delivery,2024-01-05,False
C004583,Delivery,2024-01-05,False
C004584,Delivery,2024-01-05,False
C004585,Student,2024-01-06,False
C004586,Leisure,2024-01-06,False
C004587,Leisure,2024-01-06,False
C004588,Leisure,2024-01-06,False
C004589,Leisure,2024-01-06,False
C004590,Family,2024-01-06,False
C004591,Family,2024-01-06,False
C004592,Delivery,2024-01-06,False
C004593,Delivery,2024-01-06,False
C004594,Delivery,2024-01-06,False
C004595,Commuter,2024-01-07,False
C004596,Student,2024-01-07,False
C004597,Student,2024-01-07,False
C004598,Student,2024-01-07,False
C004599,Leisure,2024-01-07,False
C004600,Leisure,2024-01-07,False
C004601,Leisure,2024-01-07,False
C004602,Leisure,2024-01-07,False
C004603,Family,2024-01-07,False
C004604,Delivery,2024-01-07,False
C004605,Delivery,2024-01-07,False
C004606,Commuter,2024-01-08,False
C004607,Leisure,2024-01-08,False
C004608,Leisure,2024-01-08,False
C004609,Delivery,2024-01-08,False
C004610,Delivery,2024-01-08,False
C004611,Commuter,2024-01-09,False
C004612,Commuter,2024-01-09,False
C004613,Commuter,2024-01-09,False
C004614,Student,2024-01-09,False
C004615,Student,2024-01-09,False
C004616,Leisure,2024-01-09,False
C004617,Leisure,2024-01-09,False
C004618,Leisure,2024-01-09,False
C004619,Delivery,2024-01-09,False
C004620,Delivery,2024-01-09,False
C004621,Delivery,2024-01-09,False
C004622,Commuter,2024-01-10,False
C004623,Commuter,2024-01-10,False
C004624,Student,2024-01-10,False
C004625,Leisure,2024-01-10,False
C004626,Leisure,2024-01-10,False
C004627,Leisure,2024-01-10,False
C004628,Family,2024-01-10,False
C004629,Family,2024-01-10,False
C004630,Family,2024-01-10,False
C004631,Family,2024-01-10,False
C004632,Family,2024-01-10,False
C004633,Delivery,2024-01-10,False
C004634,Delivery,2024-01-10,False
C004635,Commuter,2024-01-11,False
C004636,Student,2024-01-11,False
C004637,Leisure,2024-01-11,False
C004638,Leisure,2024-01-11,False
C004639,Leisure,2024-01-11,False
C004640,Leisure,2024-01-11,False
C004641,Family,2024-01-11,False
C004642,Family,2024-01-11,False
C004643,Delivery,2024-01-11,False
C004644,Delivery,2024-01-11,False
C004645,Delivery,2024-01-11,False
C004646,Leisure,2024-01-12,False
C004647,Leisure,2024-01-12,False
C004648,Leisure,2024-01-12,False
C004649,Leisure,2024-01-12,False
C004650,Family,2024-01-12,False
C004651,Family,2024-01-12,False
C004652,Family,2024-01-12,False
C004653,Delivery,2024-01-12,False
C004654,Delivery,2024-01-12,False
C004655,Delivery,2024-01-12,False
C004656,Leisure,2024-01-13,False
C004657,Leisure,2024-01-13,False
C004658,Leisure,2024-01-13,False
C004659,Leisure,2024-01-13,False
C004660,Family,2024-01-13,False
C004661,Delivery,2024-01-13,False
C004662,Commuter,2024-01-14,False
C004663,Student,2024-01-14,False
C004664,Student,2024-01-14,False
C004665,Leisure,2024-01-14,False
C004666,Leisure,2024-01-14,False
C004667,Family,2024-01-14,False
C004668,Family,2024-01-14,False
C004669,Family,2024-01-14,False
C004670,Delivery,2024-01-14,False
C004671,Commuter,2024-01-15,False
C004672,Commuter,2024-01-15,False
C004673,Student,2024-01-15,False
C004674,Leisure,2024-01-15,False
C004675,Leisure,2024-01-15,False
C004676,Delivery,2024-01-15,False
C004677,Delivery,2024-01-15,False
C004678,Delivery,2024-01-15,False
C004679,Delivery,2024-01-15,False
C004680,Commuter,2024-01-16,False
C004681,Commuter,2024-01-16,False
C004682,Commuter,2024-01-16,False
C004683,Student,2024-01-16,False
C004684,Student,2024-01-16,False
C004685,Student,2024-01-16,False
C004686,Leisure,2024-01-16,False
C004687,Leisure,2024-01-16,False
C004688,Leisure,2024-01-16,False
C004689,Delivery,2024-01-16,False
C004690,Commuter,2024-01-17,False
C004691,Commuter,2024-01-17,False
C004692,Student,2024-01-17,False
C004693,Leisure,2024-01-17,False
C004694,Leisure,2024-01-17,False
C004695,Leisure,2024-01-17,False
C004696,Leisure,2024-01-17,False
C004697,Family,2024-01-17,False
C004698,Commuter,2024-01-18,False
C004699,Student,2024-01-18,False
C004700,Student,2024-01-18,False
C004701,Leisure,2024-01-18,False
C004702,Leisure,2024-01-18,False
C004703,Leisure,2024-01-18,False
C004704,Leisure,2024-01-18,False
C004705,Leisure,2024-01-18,False
C004706,Leisure,2024-01-18,False
C004707,Family,2024-01-18,False
C004708,Family,2024-01-18,False
C004709,Delivery,2024-01-18,False
C004710,Delivery,2024-01-18,False
C004711,Leisure,2024-01-19,False
C004712,Leisure,2024-01-19,False
C004713,Leisure,2024-01-19,False
C004714,Leisure,2024-01-19,False
C004715,Leisure,2024-01-19,False
C004716,Leisure,2024-01-19,False
C004717,Leisure,2024-01-19,False
C004718,Leisure,2024-01-19,False
C004719,Delivery,2024-01-19,False
C004720,Delivery,2024-01-19,False
C004721,Delivery,2024-01-19,False
C004722,Delivery,2024-01-19,False
C004723,Delivery,2024-01-19,False
C004724,Delivery,2024-01-19,False
C004725,Student,2024-01-20,False
C004726,Leisure,2024-01-20,False
C004727,Leisure,2024-01-20,False
C004728,Leisure,2024-01-20,False
C004729,Leisure,2024-01-20,False
C004730,Leisure,2024-01-20,False
C004731,Leisure,2024-01-20,False
C004732,Family,2024-01-20,False
C004733,Family,2024-01-20,False
C004734,Family,2024-01-20,False
C004735,Delivery,2024-01-20,False
C004736,Delivery,2024-01-20,False
C004737,Delivery,2024-01-20,False
C004738,Delivery,2024-01-20,False
C004739,Leisure,2024-01-21,False
C004740,Leisure,2024-01-21,False
C004741,Leisure,2024-01-21,False
C004742,Leisure,2024-01-21,False
C004743,Leisure,2024-01-21,False
C004744,Family,2024-01-21,False
C004745,Family,2024-01-21,False
C004746,Commuter,2024-01-22,False
C004747,Commuter,2024-01-22,False
C004748,Student,2024-01-22,False
C004749,Leisure,2024-01-22,False
C004750,Leisure,2024-01-22,False
C004751,Leisure,2024-01-22,False
C004752,Leisure,2024-01-22,False
C004753,Leisure,2024-01-22,False
C004754,Leisure,2024-01-22,False
C004755,Delivery,2024-01-22,False
C004756,Commuter,2024-01-23,False
C004757,Commuter,2024-01-23,False
C004758,Student,2024-01-23,False
C004759,Student,2024-01-23,False
C004760,Leisure,2024-01-23,False
C004761,Leisure,2024-01-23,False
C004762,Delivery,2024-01-23,False
C004763,Student,2024-01-24,False
C004764,Leisure,2024-01-24,False
C004765,Family,2024-01-24,False
C004766,Delivery,2024-01-24,False
C004767,Delivery,2024-01-24,False
C004768,Commuter,2024-01-25,False
C004769,Commuter,2024-01-25,False
C004770,Commuter,2024-01-25,False
C004771,Student,2024-01-25,False
C004772,Student,2024-01-25,False
C004773,Student,2024-01-25,False
C004774,Family,2024-01-25,False
C004775,Delivery,2024-01-25,False
C004776,Delivery,2024-01-25,False
C004777,Delivery,2024-01-25,False
C004778,Delivery,2024-01-25,False
C004779,Commuter,2024-01-26,False
C004780,Leisure,2024-01-26,False
C004781,Leisure,2024-01-26,False
C004782,Leisure,2024-01-26,False
C004783,Leisure,2024-01-26,False
C004784,Family,2024-01-26,False
C004785,Delivery,2024-01-26,False
C004786,Delivery,2024-01-26,False
C004787,Delivery,2024-01-26,False
C004788,Delivery,2024-01-26,False
C004789,Commuter,2024-01-27,False
C004790,Student,2024-01-27,False
C004791,Student,2024-01-27,False
C004792,Leisure,2024-01-27,False
C004793,Leisure,2024-01-27,False
C004794,Leisure,2024-01-27,False
C004795,Leisure,2024-01-27,False
C004796,Family,2024-01-27,False
C004797,Commuter,2024-01-28,False
C004798,Commuter,2024-01-28,False
C004799,Student,2024-01-28,False
C004800,Leisure,2024-01-28,False
C004801,Leisure,2024-01-28,False
C004802,Leisure,2024-01-28,False
C004803,Family,2024-01-28,False
C004804,Delivery,2024-01-28,False
C004805,Commuter,2024-01-29,False
C004806,Commuter,2024-01-29,False
C004807,Commuter,2024-01-29,False
C004808,Commuter,2024-01-29,False
C004809,Student,2024-01-29,False
C004810,Student,2024-01-29,False
C004811,Student,2024-01-29,False
C004812,Leisure,2024-01-29,False
C004813,Leisure,2024-01-29,False
C004814,Leisure,2024-01-29,False
C004815,Family,2024-01-29,False
C004816,Delivery,2024-01-29,False
C004817,Delivery,2024-01-29,False
C004818,Delivery,2024-01-29,False
C004819,Commuter,2024-01-30,False
C004820,Student,2024-01-30,False
C004821,Leisure,2024-01-30,False
C004822,Leisure,2024-01-30,False
C004823,Family,2024-01-30,False
C004824,Family,2024-01-30,False
C004825,Delivery,2024-01-30,False
C004826,Commuter,2024-01-31,False
C004827,Student,2024-01-31,False
C004828,Student,2024-01-31,False
C004829,Leisure,2024-01-31,False
C004830,Leisure,2024-01-31,False
C004831,Delivery,2024-01-31,False
C004832,Commuter,2024-02-01,False
C004833,Leisure,2024-02-01,False
C004834,Leisure,2024-02-01,False
C004835,Leisure,2024-02-01,False
C004836,Leisure,2024-02-01,False
C004837,Leisure,2024-02-01,False
C004838,Leisure,2024-02-01,False
C004839,Leisure,2024-02-01,False
C004840,Leisure,2024-02-01,False
C004841,Leisure,2024-02-01,False
C004842,Leisure,2024-02-01,False
C004843,Family,2024-02-01,False
C004844,Family,2024-02-01,False
C004845,Delivery,2024-02-01,False
C004846,Delivery,2024-02-01,False
C004847,Commuter,2024-02-02,False
C004848,Leisure,2024-02-02,False
C004849,Leisure,2024-02-02,False
C004850,Leisure,2024-02-02,False
C004851,Leisure,2024-02-02,False
C004852,Leisure,2024-02-02,False
C004853,Leisure,2024-02-02,False
C004854,Family,2024-02-02,False
C004855,Family,2024-02-02,False
C004856,Family,2024-02-02,False
C004857,Family,2024-02-02,False
C004858,Delivery,2024-02-02,False
C004859,Delivery,2024-02-02,False
C004860,Student,2024-02-03,False
C004861,Leisure,2024-02-03,False
C004862,Leisure,2024-02-03,False
C004863,Leisure,2024-02-03,False
C004864,Delivery,2024-02-03,False
C004865,Leisure,2024-02-04,False
C004866,Leisure,2024-02-04,False
C004867,Leisure,2024-02-04,False
C004868,Leisure,2024-02-04,False
C004869,Family,2024-02-04,False
C004870,Delivery,2024-02-04,False
C004871,Delivery,2024-02-04,False
C004872,Delivery,2024-02-04,False
C004873,Leisure,2024-02-05,False
C004874,Leisure,2024-02-05,False
C004875,Delivery,2024-02-05,False
C004876,Delivery,2024-02-05,False
C004877,Delivery,2024-02-05,False
C004878,Leisure,2024-02-06,False
C004879,Leisure,2024-02-06,False
C004880,Family,2024-02-06,False
C004881,Delivery,2024-02-06,False
C004882,Leisure,2024-02-07,False
C004883,Leisure,2024-02-07,False
C004884,Leisure,2024-02-07,False
C004885,Leisure,2024-02-07,False
C004886,Leisure,2024-02-07,False
C004887,Leisure,2024-02-07,False
C004888,Family,2024-02-07,False
C004889,Delivery,2024-02-07,False
C004890,Delivery,2024-02-07,False
C004891,Commuter,2024-02-08,False
C004892,Commuter,2024-02-08,False
C004893,Commuter,2024-02-08,False
C004894,Commuter,2024-02-08,False
C004895,Student,2024-02-08,False
C004896,Student,2024-02-08,False
C004897,Leisure,2024-02-08,False
C004898,Leisure,2024-02-08,False
C004899,Leisure,2024-02-08,False
C004900,Leisure,2024-02-08,False
C004901,Leisure,2024-02-08,False
C004902,Leisure,2024-02-08,False
C004903,Leisure,2024-02-08,False
C004904,Leisure,2024-02-08,False
C004905,Leisure,2024-02-08,False
C004906,Leisure,2024-02-08,False
C004907,Leisure,2024-02-08,False
C004908,Leisure,2024-02-08,False
C004909,Leisure,2024-02-08,False
C004910,Leisure,2024-02-08,False
C004911,Leisure,2024-02-08,False
C004912,Leisure,2024-02-08,False
C004913,Leisure,2024-02-08,False
C004914,Leisure,2024-02-08,False
C004915,Leisure,2024-02-08,False
C004916,Leisure,2024-02-08,False
C004917,Leisure,2024-02-08,False
C004918,Leisure,2024-02-08,False
C004919,Leisure,2024-02-08,False
C004920,Leisure,2024-02-08,False
C004921,Leisure,2024-02-08,False
C004922,Leisure,2024-02-08,False
C004923,Leisure,2024-02-08,False
C004924,Leisure,2024-02-08,False
C004925,Leisure,2024-02-08,False
C004926,Family,2024-02-08,False
C004927,Family,2024-02-08,False
C004928,Family,2024-02-08,False
C004929,Delivery,2024-02-08,False
C004930,Delivery,2024-02-08,False
C004931,Delivery,2024-02-08,False
C004932,Delivery,2024-02-08,False
C004933,Delivery,2024-02-08,False
C004934,Delivery,2024-02-08,False
C004935,Delivery,2024-02-08,False
C004936,Delivery,2024-02-08,False
C004937,Delivery,2024-02-08,False
C004938,Delivery,2024-02-08,False
C004939,Delivery,2024-02-08,False
C004940,Commuter,2024-02-09,False
C004941,Student,2024-02-09,False
C004942,Leisure,2024-02-09,False
C004943,Leisure,2024-02-09,False
C004944,Leisure,2024-02-09,False
C004945,Leisure,2024-02-09,False
C004946,Leisure,2024-02-09,False
C004947,Leisure,2024-02-09,False
C004948,Leisure,2024-02-09,False
C004949,Leisure,2024-02-09,False
C004950,Leisure,2024-02-09,False
C004951,Leisure,2024-02-09,False
C004952,Leisure,2024-02-09,False
C004953,Leisure,2024-02-09,False
C004954,Leisure,2024-02-09,False
C004955,Leisure,2024-02-09,False
C004956,Leisure,2024-02-09,False
C004957,Leisure,2024-02-09,False
C004958,Leisure,2024-02-09,False
C004959,Leisure,2024-02-09,False
C004960,Leisure,2024-02-09,False
C004961,Family,2024-02-09,False
C004962,Family,2024-02-09,False
C004963,Family,2024-02-09,False
C004964,Family,2024-02-09,False
C004965,Family,2024-02-09,False
C004966,Family,2024-02-09,False
C004967,Family,2024-02-09,False
C004968,Family,2024-02-09,False
C004969,Delivery,2024-02-09,False
C004970,Delivery,2024-02-09,False
C004971,Delivery,2024-02-09,False
C004972,Delivery,2024-02-09,False
C004973,Delivery,2024-02-09,False
C004974,Delivery,2024-02-09,False
C004975,Delivery,2024-02-09,False
C004976,Delivery,2024-02-09,False
C004977,Delivery,2024-02-09,False
C004978,Delivery,2024-02-09,False
C004979,Delivery,2024-02-09,False
C004980,Commuter,2024-02-10,False
C004981,Commuter,2024-02-10,False
C004982,Leisure,2024-02-10,False
C004983,Leisure,2024-02-10,False
C004984,Leisure,2024-02-10,False
C004985,Leisure,2024-02-10,False
C004986,Leisure,2024-02-10,False
C004987,Leisure,2024-02-10,False
C004988,Leisure,2024-02-10,False
C004989,Leisure,2024-02-10,False
C004990,Leisure,2024-02-10,False
C004991,Leisure,2024-02-10,False
C004992,Leisure,2024-02-10,False
C004993,Leisure,2024-02-10,False
C004994,Leisure,2024-02-10,False
C004995,Leisure,2024-02-10,False
C004996,Leisure,2024-02-10,False
C004997,Leisure,2024-02-10,False
C004998,Leisure,2024-02-10,False
C004999,Family,2024-02-10,False
C005000,Family,2024-02-10,False
C005001,Family,2024-02-10,False
C005002,Family,2024-02-10,False
C005003,Family,2024-02-10,False
C005004,Family,2024-02-10,False
C005005,Family,2024-02-10,False
C005006,Family,2024-02-10,False
C005007,Delivery,2024-02-10,False
C005008,Delivery,2024-02-10,False
C005009,Delivery,2024-02-10,False
C005010,Delivery,2024-02-10,False
C005011,Delivery,2024-02-10,False
C005012,Delivery,2024-02-10,False
C005013,Delivery,2024-02-10,False
C005014,Commuter,2024-02-11,False
C005015,Commuter,2024-02-11,False
C005016,Student,2024-02-11,False
C005017,Student,2024-02-11,False
C005018,Student,2024-02-11,False
C005019,Student,2024-02-11,False
C005020,Leisure,2024-02-11,False
C005021,Leisure,2024-02-11,False
C005022,Leisure,2024-02-11,False
C005023,Leisure,2024-02-11,False
C005024,Leisure,2024-02-11,False
C005025,Leisure,2024-02-11,False
C005026,Leisure,2024-02-11,False
C005027,Family,2024-02-11,False
C005028,Delivery,2024-02-11,False
C005029,Delivery,2024-02-11,False
C005030,Delivery,2024-02-11,False
C005031,Delivery,2024-02-11,False
C005032,Delivery,2024-02-11,False
C005033,Delivery,2024-02-11,False
C005034,Delivery,2024-02-11,False
C005035,Commuter,2024-02-12,False
C005036,Commuter,2024-02-12,False
C005037,Commuter,2024-02-12,False
C005038,Commuter,2024-02-12,False
C005039,Student,2024-02-12,False
C005040,Student,2024-02-12,False
C005041,Student,2024-02-12,False
C005042,Leisure,2024-02-12,False
C005043,Leisure,2024-02-12,False
C005044,Leisure,2024-02-12,False
C005045,Leisure,2024-02-12,False
C005046,Leisure,2024-02-12,False
C005047,Leisure,2024-02-12,False
C005048,Leisure,2024-02-12,False
C005049,Delivery,2024-02-12,False
C005050,Delivery,2024-02-12,False
C005051,Commuter,2024-02-13,False
C005052,Commuter,2024-02-13,False
C005053,Leisure,2024-02-13,False
C005054,Leisure,2024-02-13,False
C005055,Leisure,2024-02-13,False
C005056,Leisure,2024-02-13,False
C005057,Leisure,2024-02-13,False
C005058,Leisure,2024-02-13,False
C005059,Family,2024-02-13,False
C005060,Family,2024-02-13,False
C005061,Delivery,2024-02-13,False
C005062,Delivery,2024-02-13,False
C005063,Delivery,2024-02-13,False
C005064,Commuter,2024-02-14,False
C005065,Commuter,2024-02-14,False
C005066,Commuter,2024-02-14,False
C005067,Leisure,2024-02-14,False
C005068,Leisure,2024-02-14,False
C005069,Leisure,2024-02-14,False
C005070,Leisure,2024-02-14,False
C005071,Leisure,2024-02-14,False
C005072,Family,2024-02-14,False
C005073,Family,2024-02-14,False
C005074,Delivery,2024-02-14,False
C005075,Delivery,2024-02-14,False
C005076,Delivery,2024-02-14,False
C005077,Delivery,2024-02-14,False
C005078,Delivery,2024-02-14,False
C005079,Commuter,2024-02-15,False
C005080,Commuter,2024-02-15,False
C005081,Student,2024-02-15,False
C005082,Leisure,2024-02-15,False
C005083,Leisure,2024-02-15,False
C005084,Leisure,2024-02-15,False
C005085,Leisure,2024-02-15,False
C005086,Delivery,2024-02-15,False
C005087,Delivery,2024-02-15,False
C005088,Delivery,2024-02-15,False
C005089,Student,2024-02-16,False
C005090,Student,2024-02-16,False
C005091,Leisure,2024-02-16,False
C005092,Leisure,2024-02-16,False
C005093,Leisure,2024-02-16,False
C005094,Leisure,2024-02-16,False
C005095,Leisure,2024-02-16,False
C005096,Family,2024-02-16,False
C005097,Family,2024-02-16,False
C005098,Family,2024-02-16,False
C005099,Family,2024-02-16,False
C005100,Delivery,2024-02-16,False
C005101,Delivery,2024-02-16,False
C005102,Delivery,2024-02-16,False
C005103,Leisure,2024-02-17,False
C005104,Leisure,2024-02-17,False
C005105,Leisure,2024-02-17,False
C005106,Family,2024-02-17,False
C005107,Student,2024-02-18,False
C005108,Student,2024-02-18,False
C005109,Leisure,2024-02-18,False
C005110,Leisure,2024-02-18,False
C005111,Leisure,2024-02-18,False
C005112,Leisure,2024-02-18,False
C005113,Leisure,2024-02-18,False
C005114,Leisure,2024-02-18,False
C005115,Family,2024-02-18,False
C005116,Family,2024-02-18,False
C005117,Delivery,2024-02-18,False
C005118,Delivery,2024-02-18,False
C005119,Delivery,2024-02-18,False
C005120,Commuter,2024-02-19,False
C005121,Leisure,2024-02-19,False
C005122,Family,2024-02-19,False
C005123,Family,2024-02-19,False
C005124,Delivery,2024-02-19,False
C005125,Commuter,2024-02-20,False
C005126,Student,2024-02-20,False
C005127,Leisure,2024-02-20,False
C005128,Leisure,2024-02-20,False
C005129,Leisure,2024-02-20,False
C005130,Leisure,2024-02-20,False
C005131,Family,2024-02-20,False
C005132,Family,2024-02-20,False
C005133,Family,2024-02-20,False
C005134,Commuter,2024-02-21,False
C005135,Commuter,2024-02-21,False
C005136,Commuter,2024-02-21,False
C005137,Student,2024-02-21,False
C005138,Leisure,2024-02-21,False
C005139,Leisure,2024-02-21,False
C005140,Leisure,2024-02-21,False
C005141,Leisure,2024-02-21,False
C005142,Leisure,2024-02-21,False
C005143,Leisure,2024-02-21,False
C005144,Leisure,2024-02-21,False
C005145,Delivery,2024-02-21,False
C005146,Delivery,2024-02-21,False
C005147,Delivery,2024-02-21,False
C005148,Student,2024-02-22,False
C005149,Student,2024-02-22,False
C005150,Leisure,2024-02-22,False
C005151,Leisure,2024-02-22,False
C005152,Leisure,2024-02-22,False
C005153,Leisure,2024-02-22,False
C005154,Leisure,2024-02-22,False
C005155,Leisure,2024-02-22,False
C005156,Family,2024-02-22,False
C005157,Family,2024-02-22,False
C005158,Delivery,2024-02-22,False
C005159,Delivery,2024-02-22,False
C005160,Delivery,2024-02-22,False
C005161,Delivery,2024-02-22,False
C005162,Leisure,2024-02-23,False
C005163,Leisure,2024-02-23,False
C005164,Leisure,2024-02-23,False
C005165,Leisure,2024-02-23,False
C005166,Leisure,2024-02-23,False
C005167,Leisure,2024-02-23,False
C005168,Leisure,2024-02-23,False
C005169,Family,2024-02-23,False
C005170,Family,2024-02-23,False
C005171,Family,2024-02-23,False
C005172,Family,2024-02-23,False
C005173,Family,2024-02-23,False
C005174,Delivery,2024-02-23,False
C005175,Delivery,2024-02-23,False
C005176,Delivery,2024-02-23,False
C005177,Delivery,2024-02-23,False
C005178,Delivery,2024-02-23,False
C005179,Leisure,2024-02-24,False
C005180,Family,2024-02-24,False
C005181,Delivery,2024-02-24,False
C005182,Delivery,2024-02-24,False
C005183,Delivery,2024-02-24,False
C005184,Delivery,2024-02-24,False
C005185,Commuter,2024-02-25,False
C005186,Student,2024-02-25,False
C005187,Leisure,2024-02-25,False
C005188,Leisure,2024-02-25,False
C005189,Leisure,2024-02-25,False
C005190,Leisure,2024-02-25,False
C005191,Leisure,2024-02-25,False
C005192,Delivery,2024-02-25,False
C005193,Delivery,2024-02-25,False
C005194,Delivery,2024-02-25,False
C005195,Delivery,2024-02-25,False
C005196,Delivery,2024-02-25,False
C005197,Delivery,2024-02-25,False
C005198,Family,2024-02-26,False
C005199,Delivery,2024-02-26,False
C005200,Commuter,2024-02-27,False
C005201,Student,2024-02-27,False
C005202,Leisure,2024-02-27,False
C005203,Leisure,2024-02-27,False
C005204,Family,2024-02-27,False
C005205,Family,2024-02-27,False
C005206,Family,2024-02-27,False
C005207,Delivery,2024-02-27,False
C005208,Delivery,2024-02-27,False
C005209,Student,2024-02-28,False
C005210,Leisure,2024-02-28,False
C005211,Family,2024-02-28,False
C005212,Family,2024-02-28,False
C005213,Delivery,2024-02-28,False
C005214,Commuter,2024-02-29,False
C005215,Leisure,2024-02-29,False
C005216,Leisure,2024-02-29,False
C005217,Leisure,2024-02-29,False
C005218,Leisure,2024-02-29,False
C005219,Leisure,2024-02-29,False
C005220,Leisure,2024-02-29,False
C005221,Leisure,2024-02-29,False
C005222,Family,2024-02-29,False
C005223,Delivery,2024-02-29,False
C005224,Delivery,2024-02-29,False
C005225,Leisure,2024-03-01,False
C005226,Leisure,2024-03-01,False
C005227,Leisure,2024-03-01,False
C005228,Leisure,2024-03-01,False
C005229,Leisure,2024-03-01,False
C005230,Family,2024-03-01,False
C005231,Family,2024-03-01,False
C005232,Family,2024-03-01,False
C005233,Family,2024-03-01,False
C005234,Family,2024-03-01,False
C005235,Family,2024-03-01,False
C005236,Delivery,2024-03-01,False
C005237,Commuter,2024-03-02,False
C005238,Leisure,2024-03-02,False
C005239,Leisure,2024-03-02,False
C005240,Leisure,2024-03-02,False
C005241,Family,2024-03-02,False
C005242,Family,2024-03-02,False
C005243,Delivery,2024-03-02,False
C005244,Commuter,2024-03-03,False
C005245,Leisure,2024-03-03,False
C005246,Leisure,2024-03-03,False
C005247,Family,2024-03-03,False
C005248,Family,2024-03-03,False
C005249,Delivery,2024-03-03,False
C005250,Delivery,2024-03-03,False
C005251,Commuter,2024-03-04,False
C005252,Commuter,2024-03-04,False
C005253,Leisure,2024-03-04,False
C005254,Family,2024-03-04,False
C005255,Family,2024-03-04,False
C005256,Commuter,2024-03-05,False
C005257,Leisure,2024-03-05,False
C005258,Leisure,2024-03-05,False
C005259,Delivery,2024-03-05,False
C005260,Commuter,2024-03-06,False
C005261,Student,2024-03-06,False
C005262,Leisure,2024-03-06,False
C005263,Leisure,2024-03-06,False
C005264,Leisure,2024-03-06,False
C005265,Leisure,2024-03-06,False
C005266,Leisure,2024-03-06,False
C005267,Delivery,2024-03-06,False
C005268,Commuter,2024-03-07,False
C005269,Leisure,2024-03-07,False
C005270,Leisure,2024-03-07,False
C005271,Leisure,2024-03-07,False
C005272,Leisure,2024-03-07,False
C005273,Delivery,2024-03-07,False
C005274,Delivery,2024-03-07,False
C005275,Leisure,2024-03-08,False
C005276,Leisure,2024-03-08,False
C005277,Family,2024-03-08,False
C005278,Delivery,2024-03-08,False
C005279,Delivery,2024-03-08,False
C005280,Delivery,2024-03-08,False
C005281,Delivery,2024-03-08,False
C005282,Delivery,2024-03-08,False
C005283,Student,2024-03-09,False
C005284,Leisure,2024-03-09,False
C005285,Leisure,2024-03-09,False
C005286,Leisure,2024-03-09,False
C005287,Leisure,2024-03-09,False
C005288,Leisure,2024-03-09,False
C005289,Leisure,2024-03-09,False
C005290,Leisure,2024-03-09,False
C005291,Leisure,2024-03-09,False
C005292,Leisure,2024-03-09,False
C005293,Family,2024-03-09,False
C005294,Family,2024-03-09,False
C005295,Family,2024-03-09,False
C005296,Family,2024-03-09,False
C005297,Delivery,2024-03-09,False
C005298,Delivery,2024-03-09,False
C005299,Commuter,2024-03-10,False
C005300,Leisure,2024-03-10,False
C005301,Leisure,2024-03-10,False
C005302,Leisure,2024-03-10,False
C005303,Leisure,2024-03-10,False
C005304,Leisure,2024-03-10,False
C005305,Leisure,2024-03-10,False
C005306,Delivery,2024-03-10,False
C005307,Student,2024-03-11,False
C005308,Leisure,2024-03-11,False
C005309,Leisure,2024-03-11,False
C005310,Leisure,2024-03-11,False
C005311,Leisure,2024-03-11,False
C005312,Leisure,2024-03-11,False
C005313,Family,2024-03-11,False
C005314,Commuter,2024-03-12,False
C005315,Student,2024-03-12,False
C005316,Student,2024-03-12,False
C005317,Leisure,2024-03-12,False
C005318,Leisure,2024-03-12,False
C005319,Leisure,2024-03-12,False
C005320,Leisure,2024-03-12,False
C005321,Leisure,2024-03-12,False
C005322,Leisure,2024-03-12,False
C005323,Leisure,2024-03-12,False
C005324,Leisure,2024-03-12,False
C005325,Leisure,2024-03-12,False
C005326,Leisure,2024-03-12,False
C005327,Leisure,2024-03-12,False
C005328,Delivery,2024-03-12,False
C005329,Delivery,2024-03-12,False
C005330,Delivery,2024-03-12,False
C005331,Delivery,2024-03-12,False
C005332,Delivery,2024-03-12,False
C005333,Delivery,2024-03-12,False
C005334,Student,2024-03-13,False
C005335,Leisure,2024-03-13,False
C005336,Leisure,2024-03-13,False
C005337,Family,2024-03-13,False
C005338,Leisure,2024-03-14,False
C005339,Leisure,2024-03-14,False
C005340,Leisure,2024-03-14,False
C005341,Leisure,2024-03-14,False
C005342,Leisure,2024-03-14,False
C005343,Leisure,2024-03-14,False
C005344,Leisure,2024-03-14,False
C005345,Leisure,2024-03-14,False
C005346,Leisure,2024-03-14,False
C005347,Leisure,2024-03-14,False
C005348,Family,2024-03-14,False
C005349,Family,2024-03-14,False
C005350,Family,2024-03-14,False
C005351,Family,2024-03-14,False
C005352,Delivery,2024-03-14,False
C005353,Leisure,2024-03-15,False
C005354,Leisure,2024-03-15,False
C005355,Leisure,2024-03-15,False
C005356,Leisure,2024-03-15,False
C005357,Leisure,2024-03-15,False
C005358,Leisure,2024-03-15,False
C005359,Leisure,2024-03-15,False
C005360,Commuter,2024-03-16,False
C005361,Leisure,2024-03-16,False
C005362,Leisure,2024-03-16,False
C005363,Leisure,2024-03-16,False
C005364,Leisure,2024-03-16,False
C005365,Leisure,2024-03-16,False
C005366,Leisure,2024-03-16,False
C005367,Leisure,2024-03-16,False
C005368,Leisure,2024-03-16,False
C005369,Leisure,2024-03-16,False
C005370,Family,2024-03-16,False
C005371,Family,2024-03-16,False
C005372,Delivery,2024-03-16,False
C005373,Delivery,2024-03-16,False
C005374,Delivery,2024-03-16,False
C005375,Delivery,2024-03-16,False
C005376,Leisure,2024-03-17,False
C005377,Leisure,2024-03-17,False
C005378,Leisure,2024-03-17,False
C005379,Family,2024-03-17,False
C005380,Delivery,2024-03-17,False
C005381,Delivery,2024-03-17,False
C005382,Commuter,2024-03-18,False
C005383,Commuter,2024-03-18,False
C005384,Leisure,2024-03-18,False
C005385,Leisure,2024-03-18,False
C005386,Leisure,2024-03-18,False
C005387,Family,2024-03-18,False
C005388,Delivery,2024-03-18,False
C005389,Leisure,2024-03-19,False
C005390,Leisure,2024-03-19,False
C005391,Leisure,2024-03-19,False
C005392,Leisure,2024-03-19,False
C005393,Leisure,2024-03-19,False
C005394,Leisure,2024-03-19,False
C005395,Leisure,2024-03-19,False
C005396,Leisure,2024-03-19,False
C005397,Delivery,2024-03-19,False
C005398,Delivery,2024-03-19,False
C005399,Leisure,2024-03-20,False
C005400,Leisure,2024-03-20,False
C005401,Leisure,2024-03-20,False
C005402,Leisure,2024-03-20,False
C005403,Leisure,2024-03-20,False
C005404,Family,2024-03-20,False
C005405,Family,2024-03-20,False
C005406,Delivery,2024-03-20,False
C005407,Delivery,2024-03-20,False
C005408,Leisure,2024-03-21,False
C005409,Leisure,2024-03-21,False
C005410,Family,2024-03-21,False
C005411,Delivery,2024-03-21,False
C005412,Delivery,2024-03-21,False
C005413,Delivery,2024-03-21,False
C005414,Delivery,2024-03-21,False
C005415,Leisure,2024-03-22,False
C005416,Leisure,2024-03-22,False
C005417,Leisure,2024-03-22,False
C005418,Family,2024-03-22,False
C005419,Family,2024-03-22,False
C005420,Family,2024-03-22,False
C005421,Delivery,2024-03-22,False
C005422,Delivery,2024-03-22,False
C005423,Leisure,2024-03-23,False
C005424,Leisure,2024-03-23,False
C005425,Leisure,2024-03-23,False
C005426,Leisure,2024-03-23,False
C005427,Leisure,2024-03-23,False
C005428,Leisure,2024-03-23,False
C005429,Leisure,2024-03-23,False
C005430,Family,2024-03-23,False
C005431,Family,2024-03-23,False
C005432,Family,2024-03-23,False
C005433,Family,2024-03-23,False
C005434,Family,2024-03-23,False
C005435,Delivery,2024-03-23,False
C005436,Delivery,2024-03-23,False
C005437,Delivery,2024-03-23,False
C005438,Delivery,2024-03-23,False
C005439,Student,2024-03-24,False
C005440,Leisure,2024-03-24,False
C005441,Leisure,2024-03-24,False
C005442,Leisure,2024-03-24,False
C005443,Leisure,2024-03-24,False
C005444,Leisure,2024-03-24,False
C005445,Leisure,2024-03-24,False
C005446,Leisure,2024-03-24,False
C005447,Leisure,2024-03-24,False
C005448,Family,2024-03-24,False
C005449,Delivery,2024-03-24,False
C005450,Delivery,2024-03-24,False
C005451,Student,2024-03-25,False
C005452,Student,2024-03-25,False
C005453,Student,2024-03-25,False
C005454,Leisure,2024-03-25,False
C005455,Leisure,2024-03-25,False
C005456,Leisure,2024-03-25,False
C005457,Leisure,2024-03-25,False
C005458,Leisure,2024-03-25,False
C005459,Family,2024-03-25,False
C005460,Family,2024-03-25,False
C005461,Delivery,2024-03-25,False
C005462,Delivery,2024-03-25,False
C005463,Delivery,2024-03-25,False
C005464,Delivery,2024-03-25,False
C005465,Student,2024-03-26,False
C005466,Leisure,2024-03-26,False
C005467,Leisure,2024-03-26,False
C005468,Leisure,2024-03-26,False
C005469,Family,2024-03-26,False
C005470,Delivery,2024-03-26,False
C005471,Delivery,2024-03-26,False
C005472,Delivery,2024-03-26,False
C005473,Delivery,2024-03-26,False
C005474,Delivery,2024-03-26,False
C005475,Delivery,2024-03-26,False
C005476,Leisure,2024-03-27,False
C005477,Leisure,2024-03-27,False
C005478,Leisure,2024-03-27,False
C005479,Leisure,2024-03-27,False
C005480,Delivery,2024-03-27,False
C005481,Delivery,2024-03-27,False
C005482,Delivery,2024-03-27,False
C005483,Delivery,2024-03-27,False
C005484,Student,2024-03-28,False
C005485,Student,2024-03-28,False
C005486,Leisure,2024-03-28,False
C005487,Leisure,2024-03-28,False
C005488,Leisure,2024-03-28,False
C005489,Leisure,2024-03-28,False
C005490,Leisure,2024-03-28,False
C005491,Leisure,2024-03-28,False
C005492,Leisure,2024-03-28,False
C005493,Leisure,2024-03-28,False
C005494,Leisure,2024-03-28,False
C005495,Leisure,2024-03-28,False
C005496,Family,2024-03-28,False
C005497,Family,2024-03-28,False
C005498,Family,2024-03-28,False
C005499,Delivery,2024-03-28,False
C005500,Delivery,2024-03-28,False
C005501,Delivery,2024-03-28,False
C005502,Leisure,2024-03-29,False
C005503,Leisure,2024-03-29,False
C005504,Leisure,2024-03-29,False
C005505,Leisure,2024-03-29,False
C005506,Leisure,2024-03-29,False
C005507,Leisure,2024-03-29,False
C005508,Leisure,2024-03-29,False
C005509,Leisure,2024-03-29,False
C005510,Leisure,2024-03-29,False
C005511,Family,2024-03-29,False
C005512,Family,2024-03-29,False
C005513,Delivery,2024-03-29,False
C005514,Delivery,2024-03-29,False
C005515,Delivery,2024-03-29,False
C005516,Delivery,2024-03-29,False
C005517,Delivery,2024-03-29,False
C005518,Leisure,2024-03-30,False
C005519,Leisure,2024-03-30,False
C005520,Leisure,2024-03-30,False
C005521,Leisure,2024-03-30,False
C005522,Leisure,2024-03-30,False
C005523,Family,2024-03-30,False
C005524,Family,2024-03-30,False
C005525,Delivery,2024-03-30,False
C005526,Delivery,2024-03-30,False
C005527,Delivery,2024-03-30,False
C005528,Delivery,2024-03-30,False
C005529,Delivery,2024-03-30,False
C005530,Delivery,2024-03-30,False
C005531,Leisure,2024-03-31,False
C005532,Leisure,2024-03-31,False
C005533,Leisure,2024-03-31,False
C005534,Family,2024-03-31,False
C005535,Family,2024-03-31,False
C005536,Delivery,2024-03-31,False
C005537,Delivery,2024-03-31,False
C005538,Delivery,2024-03-31,False
C005539,Delivery,2024-03-31,False
C005540,Commuter,2024-04-01,False
C005541,Leisure,2024-04-01,False
C005542,Leisure,2024-04-01,False
C005543,Leisure,2024-04-01,False
C005544,Leisure,2024-04-01,False
C005545,Leisure,2024-04-01,False
C005546,Family,2024-04-01,False
C005547,Family,2024-04-01,False
C005548,Delivery,2024-04-01,False
C005549,Delivery,2024-04-01,False
C005550,Delivery,2024-04-01,False
C005551,Delivery,2024-04-01,False
C005552,Commuter,2024-04-02,False
C005553,Student,2024-04-02,False
C005554,Leisure,2024-04-02,False
C005555,Family,2024-04-02,False
C005556,Family,2024-04-02,False
C005557,Delivery,2024-04-02,False
C005558,Delivery,2024-04-02,False
C005559,Leisure,2024-04-03,False
C005560,Leisure,2024-04-03,False
C005561,Leisure,2024-04-03,False
C005562,Leisure,2024-04-03,False
C005563,Delivery,2024-04-03,False
C005564,Delivery,2024-04-03,False
C005565,Delivery,2024-04-03,False
C005566,Delivery,2024-04-03,False
C005567,Student,2024-04-04,False
C005568,Leisure,2024-04-04,False
C005569,Leisure,2024-04-04,False
C005570,Leisure,2024-04-04,False
C005571,Leisure,2024-04-04,False
C005572,Family,2024-04-04,False
C005573,Delivery,2024-04-04,False
C005574,Delivery,2024-04-04,False
C005575,Delivery,2024-04-04,False
C005576,Delivery,2024-04-04,False
C005577,Delivery,2024-04-04,False
C005578,Delivery,2024-04-04,False
C005579,Student,2024-04-05,False
C005580,Student,2024-04-05,False
C005581,Leisure,2024-04-05,False
C005582,Leisure,2024-04-05,False
C005583,Leisure,2024-04-05,False
C005584,Leisure,2024-04-05,False
C005585,Leisure,2024-04-05,False
C005586,Family,2024-04-05,False
C005587,Delivery,2024-04-05,False
C005588,Delivery,2024-04-05,False
C005589,Delivery,2024-04-05,False
C005590,Delivery,2024-04-05,False
C005591,Leisure,2024-04-06,False
C005592,Leisure,2024-04-06,False
C005593,Leisure,2024-04-06,False
C005594,Leisure,2024-04-06,False
C005595,Leisure,2024-04-06,False
C005596,Leisure,2024-04-06,False
C005597,Leisure,2024-04-06,False
C005598,Family,2024-04-06,False
C005599,Family,2024-04-06,False
C005600,Family,2024-04-06,False
C005601,Family,2024-04-06,False
C005602,Delivery,2024-04-06,False
C005603,Delivery,2024-04-06,False
C005604,Delivery,2024-04-06,False
C005605,Delivery,2024-04-06,False
C005606,Leisure,2024-04-07,False
C005607,Leisure,2024-04-07,False
C005608,Leisure,2024-04-07,False
C005609,Leisure,2024-04-07,False
C005610,Leisure,2024-04-07,False
C005611,Leisure,2024-04-07,False
C005612,Leisure,2024-04-07,False
C005613,Leisure,2024-04-07,False
C005614,Family,2024-04-07,False
C005615,Family,2024-04-07,False
C005616,Family,2024-04-07,False
C005617,Delivery,2024-04-07,False
C005618,Delivery,2024-04-07,False
C005619,Student,2024-04-08,False
C005620,Leisure,2024-04-08,False
C005621,Leisure,2024-04-08,False
C005622,Leisure,2024-04-08,False
C005623,Delivery,2024-04-08,False
C005624,Delivery,2024-04-08,False
C005625,Delivery,2024-04-08,False
C005626,Delivery,2024-04-08,False
C005627,Leisure,2024-04-09,False
C005628,Leisure,2024-04-09,False
C005629,Leisure,2024-04-09,False
C005630,Delivery,2024-04-09,False
C005631,Delivery,2024-04-09,False
C005632,Delivery,2024-04-09,False
C005633,Delivery,2024-04-09,False
C005634,Delivery,2024-04-09,False
C005635,Delivery,2024-04-09,False
C005636,Leisure,2024-04-10,False
C005637,Leisure,2024-04-10,False
C005638,Leisure,2024-04-10,False
C005639,Family,2024-04-10,False
C005640,Delivery,2024-04-10,False
C005641,Delivery,2024-04-10,False
C005642,Leisure,2024-04-11,False
C005643,Leisure,2024-04-11,False
C005644,Leisure,2024-04-11,False
C005645,Leisure,2024-04-11,False
C005646,Leisure,2024-04-11,False
C005647,Leisure,2024-04-11,False
C005648,Family,2024-04-11,False
C005649,Delivery,2024-04-11,False
C005650,Delivery,2024-04-11,False
C005651,Delivery,2024-04-11,False
C005652,Leisure,2024-04-12,False
C005653,Leisure,2024-04-12,False
C005654,Leisure,2024-04-12,False
C005655,Leisure,2024-04-12,False
C005656,Leisure,2024-04-12,False
C005657,Leisure,2024-04-12,False
C005658,Leisure,2024-04-12,False
C005659,Family,2024-04-12,False
C005660,Family,2024-04-12,False
C005661,Family,2024-04-12,False
C005662,Family,2024-04-12,False
C005663,Family,2024-04-12,False
C005664,Family,2024-04-12,False
C005665,Family,2024-04-12,False
C005666,Family,2024-04-12,False
C005667,Delivery,2024-04-12,False
C005668,Delivery,2024-04-12,False
C005669,Delivery,2024-04-12,False
C005670,Delivery,2024-04-12,False
C005671,Delivery,2024-04-12,False
C005672,Leisure,2024-04-13,False
C005673,Leisure,2024-04-13,False
C005674,Leisure,2024-04-13,False
C005675,Leisure,2024-04-13,False
C005676,Leisure,2024-04-13,False
C005677,Leisure,2024-04-13,False
C005678,Leisure,2024-04-13,False
C005679,Family,2024-04-13,False
C005680,Family,2024-04-13,False
C005681,Family,2024-04-13,False
C005682,Family,2024-04-13,False
C005683,Delivery,2024-04-13,False
C005684,Delivery,2024-04-13,False
C005685,Commuter,2024-04-14,False
C005686,Leisure,2024-04-14,False
C005687,Leisure,2024-04-14,False
C005688,Leisure,2024-04-14,False
C005689,Family,2024-04-14,False
C005690,Family,2024-04-14,False
C005691,Delivery,2024-04-14,False
C005692,Delivery,2024-04-14,False
C005693,Leisure,2024-04-15,False
C005694,Leisure,2024-04-15,False
C005695,Leisure,2024-04-15,False
C005696,Delivery,2024-04-15,False
C005697,Delivery,2024-04-16,False
C005698,Delivery,2024-04-16,False
C005699,Delivery,2024-04-16,False
C005700,Commuter,2024-04-17,False
C005701,Leisure,2024-04-17,False
C005702,Leisure,2024-04-17,False
C005703,Family,2024-04-17,False
C005704,Delivery,2024-04-17,False
C005705,Leisure,2024-04-18,False
C005706,Leisure,2024-04-18,False
C005707,Leisure,2024-04-18,False
C005708,Leisure,2024-04-18,False
C005709,Leisure,2024-04-18,False
C005710,Family,2024-04-18,False
C005711,Family,2024-04-18,False
C005712,Family,2024-04-18,False
C005713,Delivery,2024-04-18,False
C005714,Delivery,2024-04-18,False
C005715,Commuter,2024-04-19,False
C005716,Leisure,2024-04-19,False
C005717,Leisure,2024-04-19,False
C005718,Leisure,2024-04-19,False
C005719,Family,2024-04-19,False
C005720,Delivery,2024-04-19,False
C005721,Student,2024-04-20,False
C005722,Leisure,2024-04-20,False
C005723,Leisure,2024-04-20,False
C005724,Leisure,2024-04-20,False
C005725,Family,2024-04-20,False
C005726,Family,2024-04-20,False
C005727,Family,2024-04-20,False
C005728,Family,2024-04-20,False
C005729,Delivery,2024-04-20,False
C005730,Student,2024-04-21,False
C005731,Student,2024-04-21,False
C005732,Student,2024-04-21,False
C005733,Leisure,2024-04-21,False
C005734,Leisure,2024-04-21,False
C005735,Family,2024-04-21,False
C005736,Delivery,2024-04-21,False
C005737,Student,2024-04-22,False
C005738,Leisure,2024-04-22,False
C005739,Leisure,2024-04-22,False
C005740,Delivery,2024-04-22,False
C005741,Commuter,2024-04-23,False
C005742,Student,2024-04-23,False
C005743,Leisure,2024-04-23,False
C005744,Leisure,2024-04-23,False
C005745,Leisure,2024-04-23,False
C005746,Leisure,2024-04-23,False
C005747,Delivery,2024-04-23,False
C005748,Delivery,2024-04-23,False
C005749,Delivery,2024-04-23,False
C005750,Student,2024-04-24,False
C005751,Student,2024-04-24,False
C005752,Leisure,2024-04-24,False
C005753,Leisure,2024-04-24,False
C005754,Leisure,2024-04-24,False
C005755,Leisure,2024-04-24,False
C005756,Leisure,2024-04-24,False
C005757,Leisure,2024-04-24,False
C005758,Leisure,2024-04-24,False
C005759,Delivery,2024-04-24,False
C005760,Delivery,2024-04-24,False
C005761,Delivery,2024-04-24,False
C005762,Commuter,2024-04-25,False
C005763,Student,2024-04-25,False
C005764,Student,2024-04-25,False
C005765,Leisure,2024-04-25,False
C005766,Leisure,2024-04-25,False
C005767,Leisure,2024-04-25,False
C005768,Leisure,2024-04-25,False
C005769,Leisure,2024-04-25,False
C005770,Leisure,2024-04-25,False
C005771,Leisure,2024-04-25,False
C005772,Leisure,2024-04-25,False
C005773,Leisure,2024-04-25,False
C005774,Delivery,2024-04-25,False
C005775,Delivery,2024-04-25,False
C005776,Delivery,2024-04-25,False
C005777,Delivery,2024-04-25,False
C005778,Delivery,2024-04-25,False
C005779,Delivery,2024-04-25,False
C005780,Leisure,2024-04-26,False
C005781,Leisure,2024-04-26,False
C005782,Leisure,2024-04-26,False
C005783,Leisure,2024-04-26,False
C005784,Leisure,2024-04-26,False
C005785,Leisure,2024-04-26,False
C005786,Family,2024-04-26,False
C005787,Family,2024-04-26,False
C005788,Family,2024-04-26,False
C005789,Delivery,2024-04-26,False
C005790,Delivery,2024-04-26,False
C005791,Delivery,2024-04-26,False
C005792,Delivery,2024-04-26,False
C005793,Delivery,2024-04-26,False
C005794,Delivery,2024-04-26,False
C005795,Delivery,2024-04-26,False
C005796,Delivery,2024-04-26,False
C005797,Commuter,2024-04-27,False
C005798,Commuter,2024-04-27,False
C005799,Leisure,2024-04-27,False
C005800,Leisure,2024-04-27,False
C005801,Leisure,2024-04-27,False
C005802,Family,2024-04-27,False
C005803,Family,2024-04-27,False
C005804,Family,2024-04-27,False
C005805,Family,2024-04-27,False
C005806,Delivery,2024-04-27,False
C005807,Delivery,2024-04-27,False
C005808,Commuter,2024-04-28,False
C005809,Student,2024-04-28,False
C005810,Leisure,2024-04-28,False
C005811,Leisure,2024-04-28,False
C005812,Leisure,2024-04-28,False
C005813,Delivery,2024-04-28,False
C005814,Delivery,2024-04-28,False
C005815,Delivery,2024-04-28,False
C005816,Delivery,2024-04-28,False
C005817,Commuter,2024-04-29,False
C005818,Commuter,2024-04-29,False
C005819,Commuter,2024-04-29,False
C005820,Commuter,2024-04-29,False
C005821,Student,2024-04-29,False
C005822,Student,2024-04-29,False
C005823,Student,2024-04-29,False
C005824,Student,2024-04-29,False
C005825,Leisure,2024-04-29,False
C005826,Leisure,2024-04-29,False
C005827,Leisure,2024-04-29,False
C005828,Leisure,2024-04-29,False
C005829,Leisure,2024-04-29,False
C005830,Delivery,2024-04-29,False
C005831,Delivery,2024-04-29,False
C005832,Delivery,2024-04-29,False
C005833,Leisure,2024-04-30,False
C005834,Delivery,2024-04-30,False
C005835,Commuter,2024-05-01,False
C005836,Commuter,2024-05-01,False
C005837,Student,2024-05-01,False
C005838,Family,2024-05-01,False
C005839,Delivery,2024-05-01,False
C005840,Delivery,2024-05-01,False
C005841,Commuter,2024-05-02,False
C005842,Leisure,2024-05-02,False
C005843,Delivery,2024-05-02,False
C005844,Commuter,2024-05-03,False
C005845,Leisure,2024-05-03,False
C005846,Leisure,2024-05-03,False
C005847,Leisure,2024-05-03,False
C005848,Delivery,2024-05-03,False
C005849,Delivery,2024-05-03,False
C005850,Commuter,2024-05-04,False
C005851,Student,2024-05-04,False
C005852,Leisure,2024-05-04,False
C005853,Family,2024-05-04,False
C005854,Family,2024-05-04,False
C005855,Family,2024-05-04,False
C005856,Family,2024-05-04,False
C005857,Delivery,2024-05-04,False
C005858,Delivery,2024-05-04,False
C005859,Delivery,2024-05-04,False
C005860,Student,2024-05-05,False
C005861,Student,2024-05-05,False
C005862,Leisure,2024-05-05,False
C005863,Family,2024-05-05,False
C005864,Delivery,2024-05-05,False
C005865,Delivery,2024-05-05,False
C005866,Delivery,2024-05-05,False
C005867,Commuter,2024-05-06,False
C005868,Commuter,2024-05-06,False
C005869,Student,2024-05-06,False
C005870,Leisure,2024-05-06,False
C005871,Delivery,2024-05-06,False
C005872,Commuter,2024-05-07,False
C005873,Student,2024-05-07,False
C005874,Leisure,2024-05-07,False
C005875,Leisure,2024-05-07,False
C005876,Leisure,2024-05-07,False
C005877,Delivery,2024-05-07,False
C005878,Leisure,2024-05-08,False
C005879,Leisure,2024-05-08,False
C005880,Family,2024-05-08,False
C005881,Family,2024-05-08,False
C005882,Family,2024-05-08,False
C005883,Delivery,2024-05-08,False
C005884,Commuter,2024-05-09,False
C005885,Commuter,2024-05-09,False
C005886,Student,2024-05-09,False
C005887,Student,2024-05-09,False
C005888,Student,2024-05-09,False
C005889,Leisure,2024-05-09,False
C005890,Leisure,2024-05-09,False
C005891,Leisure,2024-05-09,False
C005892,Family,2024-05-09,False
C005893,Family,2024-05-09,False
C005894,Delivery,2024-05-09,False
C005895,Leisure,2024-05-10,False
C005896,Leisure,2024-05-10,False
C005897,Leisure,2024-05-10,False
C005898,Leisure,2024-05-10,False
C005899,Leisure,2024-05-10,False
C005900,Leisure,2024-05-10,False
C005901,Family,2024-05-10,False
C005902,Delivery,2024-05-10,False
C005903,Delivery,2024-05-10,False
C005904,Commuter,2024-05-11,False
C005905,Commuter,2024-05-11,False
C005906,Student,2024-05-11,False
C005907,Leisure,2024-05-11,False
C005908,Leisure,2024-05-11,False
C005909,Family,2024-05-11,False
C005910,Family,2024-05-11,False
C005911,Delivery,2024-05-11,False
C005912,Delivery,2024-05-11,False
C005913,Delivery,2024-05-11,False
C005914,Commuter,2024-05-12,False
C005915,Student,2024-05-12,False
C005916,Leisure,2024-05-12,False
C005917,Delivery,2024-05-12,False
C005918,Delivery,2024-05-12,False
C005919,Delivery,2024-05-12,False
C005920,Student,2024-05-13,False
C005921,Leisure,2024-05-13,False
C005922,Leisure,2024-05-13,False
C005923,Family,2024-05-13,False
C005924,Family,2024-05-13,False
C005925,Family,2024-05-13,False
C005926,Delivery,2024-05-13,False
C005927,Delivery,2024-05-13,False
C005928,Commuter,2024-05-14,False
C005929,Commuter,2024-05-14,False
C005930,Commuter,2024-05-14,False
C005931,Student,2024-05-14,False
C005932,Student,2024-05-14,False
C005933,Student,2024-05-14,False
C005934,Student,2024-05-14,False
C005935,Leisure,2024-05-14,False
C005936,Family,2024-05-14,False
C005937,Family,2024-05-14,False
C005938,Delivery,2024-05-14,False
C005939,Delivery,2024-05-14,False
C005940,Delivery,2024-05-14,False
C005941,Student,2024-05-15,False
C005942,Leisure,2024-05-15,False
C005943,Leisure,2024-05-15,False
C005944,Delivery,2024-05-15,False
C005945,Commuter,2024-05-16,False
C005946,Commuter,2024-05-16,False
C005947,Leisure,2024-05-16,False
C005948,Leisure,2024-05-16,False
C005949,Leisure,2024-05-16,False
C005950,Delivery,2024-05-16,False
C005951,Delivery,2024-05-16,False
C005952,Delivery,2024-05-16,False
C005953,Delivery,2024-05-16,False
C005954,Commuter,2024-05-17,False
C005955,Leisure,2024-05-17,False
C005956,Leisure,2024-05-17,False
C005957,Leisure,2024-05-17,False
C005958,Delivery,2024-05-17,False
C005959,Delivery,2024-05-17,False
C005960,Commuter,2024-05-18,False
C005961,Student,2024-05-18,False
C005962,Leisure,2024-05-18,False
C005963,Leisure,2024-05-18,False
C005964,Leisure,2024-05-18,False
C005965,Family,2024-05-18,False
C005966,Family,2024-05-18,False
C005967,Delivery,2024-05-18,False
C005968,Delivery,2024-05-18,False
C005969,Commuter,2024-05-19,False
C005970,Commuter,2024-05-19,False
C005971,Student,2024-05-19,False
C005972,Student,2024-05-19,False
C005973,Leisure,2024-05-19,False
C005974,Delivery,2024-05-19,False
C005975,Delivery,2024-05-19,False
C005976,Student,2024-05-20,False
C005977,Leisure,2024-05-20,False
C005978,Family,2024-05-20,False
C005979,Commuter,2024-05-21,False
C005980,Leisure,2024-05-21,False
C005981,Leisure,2024-05-21,False
C005982,Leisure,2024-05-21,False
C005983,Delivery,2024-05-21,False
C005984,Delivery,2024-05-21,False
C005985,Delivery,2024-05-21,False
C005986,Commuter,2024-05-22,False
C005987,Commuter,2024-05-22,False
C005988,Commuter,2024-05-22,False
C005989,Commuter,2024-05-22,False
C005990,Leisure,2024-05-22,False
C005991,Leisure,2024-05-22,False
C005992,Leisure,2024-05-22,False
C005993,Family,2024-05-22,False
C005994,Family,2024-05-22,False
C005995,Delivery,2024-05-22,False
C005996,Delivery,2024-05-22,False
C005997,Delivery,2024-05-22,False
C005998,Delivery,2024-05-22,False
C005999,Commuter,2024-05-23,False
C006000,Commuter,2024-05-23,False
C006001,Commuter,2024-05-23,False
C006002,Leisure,2024-05-23,False
C006003,Leisure,2024-05-23,False
C006004,Leisure,2024-05-23,False
C006005,Leisure,2024-05-23,False
C006006,Leisure,2024-05-23,False
C006007,Family,2024-05-23,False
C006008,Delivery,2024-05-23,False
C006009,Student,2024-05-24,False
C006010,Leisure,2024-05-24,False
C006011,Leisure,2024-05-24,False
C006012,Leisure,2024-05-24,False
C006013,Leisure,2024-05-24,False
C006014,Family,2024-05-24,False
C006015,Family,2024-05-24,False
C006016,Family,2024-05-24,False
C006017,Family,2024-05-24,False
C006018,Family,2024-05-24,False
C006019,Delivery,2024-05-24,False
C006020,Delivery,2024-05-24,False
C006021,Delivery,2024-05-24,False
C006022,Delivery,2024-05-24,False
C006023,Student,2024-05-25,False
C006024,Student,2024-05-25,False
C006025,Leisure,2024-05-25,False
C006026,Leisure,2024-05-25,False
C006027,Leisure,2024-05-25,False
C006028,Family,2024-05-25,False
C006029,Family,2024-05-25,False
C006030,Delivery,2024-05-25,False
C006031,Commuter,2024-05-26,False
C006032,Commuter,2024-05-26,False
C006033,Commuter,2024-05-26,False
C006034,Commuter,2024-05-26,False
C006035,Commuter,2024-05-26,False
C006036,Student,2024-05-26,False
C006037,Leisure,2024-05-26,False
C006038,Leisure,2024-05-26,False
C006039,Delivery,2024-05-26,False
C006040,Delivery,2024-05-26,False
C006041,Delivery,2024-05-26,False
C006042,Commuter,2024-05-27,False
C006043,Student,2024-05-27,False
C006044,Family,2024-05-27,False
C006045,Commuter,2024-05-28,False
C006046,Commuter,2024-05-28,False
C006047,Student,2024-05-28,False
C006048,Leisure,2024-05-28,False
C006049,Leisure,2024-05-28,False
C006050,Leisure,2024-05-28,False
C006051,Leisure,2024-05-28,False
C006052,Leisure,2024-05-28,False
C006053,Family,2024-05-28,False
C006054,Delivery,2024-05-28,False
C006055,Delivery,2024-05-28,False
C006056,Delivery,2024-05-28,False
C006057,Delivery,2024-05-28,False
C006058,Leisure,2024-05-29,False
C006059,Leisure,2024-05-29,False
C006060,Family,2024-05-29,False
C006061,Family,2024-05-29,False
C006062,Delivery,2024-05-29,False
C006063,Delivery,2024-05-29,False
C006064,Delivery,2024-05-29,False
C006065,Commuter,2024-05-30,False
C006066,Commuter,2024-05-30,False
C006067,Leisure,2024-05-30,False
C006068,Leisure,2024-05-30,False
C006069,Leisure,2024-05-30,False
C006070,Leisure,2024-05-30,False
C006071,Family,2024-05-30,False
C006072,Delivery,2024-05-30,False
C006073,Delivery,2024-05-30,False
C006074,Leisure,2024-05-31,False
C006075,Leisure,2024-05-31,False
C006076,Leisure,2024-05-31,False
C006077,Leisure,2024-05-31,False
C006078,Leisure,2024-05-31,False
C006079,Family,2024-05-31,False
C006080,Delivery,2024-05-31,False
C006081,Delivery,2024-05-31,False
C006082,Leisure,2024-06-01,False
C006083,Family,2024-06-01,False
C006084,Family,2024-06-01,False
C006085,Family,2024-06-01,False
C006086,Family,2024-06-01,False
C006087,Family,2024-06-01,False
C006088,Family,2024-06-01,False
C006089,Delivery,2024-06-01,False
C006090,Delivery,2024-06-01,False
C006091,Delivery,2024-06-01,False
C006092,Delivery,2024-06-01,False
C006093,Delivery,2024-06-01,False
C006094,Commuter,2024-06-02,False
C006095,Leisure,2024-06-02,False
C006096,Leisure,2024-06-02,False
C006097,Leisure,2024-06-02,False
C006098,Family,2024-06-02,False
C006099,Family,2024-06-02,False
C006100,Family,2024-06-02,False
C006101,Delivery,2024-06-02,False
C006102,Delivery,2024-06-02,False
C006103,Student,2024-06-03,False
C006104,Student,2024-06-03,False
C006105,Student,2024-06-03,False
C006106,Leisure,2024-06-03,False
C006107,Leisure,2024-06-03,False
C006108,Family,2024-06-03,False
C006109,Delivery,2024-06-03,False
C006110,Delivery,2024-06-03,False
C006111,Delivery,2024-06-03,False
C006112,Leisure,2024-06-04,False
C006113,Family,2024-06-04,False
C006114,Delivery,2024-06-04,False
C006115,Delivery,2024-06-04,False
C006116,Delivery,2024-06-04,False
C006117,Delivery,2024-06-04,False
C006118,Commuter,2024-06-05,False
C006119,Commuter,2024-06-05,False
C006120,Commuter,2024-06-05,False
C006121,Student,2024-06-05,False
C006122,Student,2024-06-05,False
C006123,Leisure,2024-06-05,False
C006124,Leisure,2024-06-05,False
C006125,Leisure,2024-06-05,False
C006126,Leisure,2024-06-05,False
C006127,Family,2024-06-05,False
C006128,Leisure,2024-06-06,False
C006129,Leisure,2024-06-06,False
C006130,Leisure,2024-06-06,False
C006131,Leisure,2024-06-06,False
C006132,Delivery,2024-06-06,False
C006133,Delivery,2024-06-06,False
C006134,Delivery,2024-06-06,False
C006135,Leisure,2024-06-07,False
C006136,Leisure,2024-06-07,False
C006137,Leisure,2024-06-07,False
C006138,Leisure,2024-06-07,False
C006139,Family,2024-06-07,False
C006140,Delivery,2024-06-07,False
C006141,Delivery,2024-06-07,False
C006142,Leisure,2024-06-08,False
C006143,Family,2024-06-08,False
C006144,Delivery,2024-06-08,False
C006145,Delivery,2024-06-08,False
C006146,Leisure,2024-06-09,False
C006147,Leisure,2024-06-09,False
C006148,Leisure,2024-06-09,False
C006149,Leisure,2024-06-09,False
C006150,Delivery,2024-06-09,False
C006151,Commuter,2024-06-10,False
C006152,Student,2024-06-10,False
C006153,Leisure,2024-06-10,False
C006154,Leisure,2024-06-10,False
C006155,Family,2024-06-10,False
C006156,Delivery,2024-06-10,False
C006157,Commuter,2024-06-11,False
C006158,Commuter,2024-06-11,False
C006159,Student,2024-06-11,False
C006160,Student,2024-06-11,False
C006161,Leisure,2024-06-11,False
C006162,Leisure,2024-06-11,False
C006163,Delivery,2024-06-11,False
C006164,Commuter,2024-06-12,False
C006165,Student,2024-06-12,False
C006166,Leisure,2024-06-12,False
C006167,Delivery,2024-06-12,False
C006168,Delivery,2024-06-12,False
C006169,Delivery,2024-06-12,False
C006170,Commuter,2024-06-13,False
C006171,Student,2024-06-13,False
C006172,Leisure,2024-06-13,False
C006173,Leisure,2024-06-13,False
C006174,Family,2024-06-13,False
C006175,Family,2024-06-13,False
C006176,Family,2024-06-13,False
C006177,Delivery,2024-06-13,False
C006178,Delivery,2024-06-13,False
C006179,Delivery,2024-06-13,False
C006180,Delivery,2024-06-13,False
C006181,Leisure,2024-06-14,False
C006182,Leisure,2024-06-14,False
C006183,Leisure,2024-06-14,False
C006184,Leisure,2024-06-14,False
C006185,Leisure,2024-06-14,False
C006186,Family,2024-06-14,False
C006187,Family,2024-06-14,False
C006188,Family,2024-06-14,False
C006189,Delivery,2024-06-14,False
C006190,Leisure,2024-06-15,False
C006191,Leisure,2024-06-15,False
C006192,Leisure,2024-06-15,False
C006193,Leisure,2024-06-15,False
C006194,Leisure,2024-06-15,False
C006195,Delivery,2024-06-15,False
C006196,Delivery,2024-06-15,False
C006197,Leisure,2024-06-16,False
C006198,Family,2024-06-16,False
C006199,Family,2024-06-16,False
C006200,Delivery,2024-06-16,False
C006201,Delivery,2024-06-16,False
C006202,Leisure,2024-06-17,False
C006203,Leisure,2024-06-17,False
C006204,Leisure,2024-06-17,False
C006205,Leisure,2024-06-17,False
C006206,Leisure,2024-06-17,False
C006207,Leisure,2024-06-17,False
C006208,Leisure,2024-06-17,False
C006209,Leisure,2024-06-17,False
C006210,Family,2024-06-17,False
C006211,Delivery,2024-06-17,False
C006212,Delivery,2024-06-17,False
C006213,Delivery,2024-06-17,False
C006214,Delivery,2024-06-17,False
C006215,Leisure,2024-06-18,False
C006216,Leisure,2024-06-18,False
C006217,Leisure,2024-06-18,False
C006218,Leisure,2024-06-18,False
C006219,Leisure,2024-06-18,False
C006220,Family,2024-06-18,False
C006221,Family,2024-06-18,False
C006222,Delivery,2024-06-18,False
C006223,Delivery,2024-06-18,False
C006224,Delivery,2024-06-18,False
C006225,Delivery,2024-06-18,False
C006226,Commuter,2024-06-19,False
C006227,Leisure,2024-06-19,False
C006228,Leisure,2024-06-19,False
C006229,Delivery,2024-06-19,False
C006230,Delivery,2024-06-19,False
C006231,Delivery,2024-06-19,False
C006232,Delivery,2024-06-19,False
C006233,Commuter,2024-06-20,False
C006234,Leisure,2024-06-20,False
C006235,Leisure,2024-06-20,False
C006236,Leisure,2024-06-20,False
C006237,Leisure,2024-06-20,False
C006238,Family,2024-06-20,False
C006239,Leisure,2024-06-21,False
C006240,Leisure,2024-06-21,False
C006241,Leisure,2024-06-21,False
C006242,Leisure,2024-06-21,False
C006243,Leisure,2024-06-21,False
C006244,Leisure,2024-06-21,False
C006245,Family,2024-06-21,False
C006246,Family,2024-06-21,False
C006247,Family,2024-06-21,False
C006248,Delivery,2024-06-21,False
C006249,Delivery,2024-06-21,False
C006250,Delivery,2024-06-21,False
C006251,Leisure,2024-06-22,False
C006252,Leisure,2024-06-22,False
C006253,Delivery,2024-06-22,False
C006254,Delivery,2024-06-22,False
C006255,Commuter,2024-06-23,False
C006256,Leisure,2024-06-23,False
C006257,Leisure,2024-06-23,False
C006258,Leisure,2024-06-23,False
C006259,Leisure,2024-06-23,False
C006260,Leisure,2024-06-23,False
C006261,Leisure,2024-06-23,False
C006262,Commuter,2024-06-24,False
C006263,Leisure,2024-06-24,False
C006264,Leisure,2024-06-24,False
C006265,Family,2024-06-24,False
C006266,Delivery,2024-06-24,False
C006267,Delivery,2024-06-24,False
C006268,Delivery,2024-06-24,False
C006269,Commuter,2024-06-25,False
C006270,Leisure,2024-06-25,False
C006271,Family,2024-06-25,False
C006272,Delivery,2024-06-25,False
C006273,Delivery,2024-06-25,False
C006274,Commuter,2024-06-26,False
C006275,Leisure,2024-06-26,False
C006276,Leisure,2024-06-26,False
C006277,Leisure,2024-06-26,False
C006278,Leisure,2024-06-26,False
C006279,Leisure,2024-06-26,False
C006280,Delivery,2024-06-26,False
C006281,Commuter,2024-06-27,False
C006282,Leisure,2024-06-27,False
C006283,Leisure,2024-06-27,False
C006284,Leisure,2024-06-27,False
C006285,Leisure,2024-06-27,False
C006286,Family,2024-06-27,False
C006287,Delivery,2024-06-27,False
C006288,Delivery,2024-06-27,False
C006289,Leisure,2024-06-28,False
C006290,Leisure,2024-06-28,False
C006291,Leisure,2024-06-28,False
C006292,Leisure,2024-06-28,False
C006293,Delivery,2024-06-28,False
C006294,Leisure,2024-06-29,False
C006295,Leisure,2024-06-29,False
C006296,Family,2024-06-29,False
C006297,Family,2024-06-29,False
C006298,Delivery,2024-06-29,False
C006299,Commuter,2024-06-30,False
C006300,Commuter,2024-06-30,False
C006301,Leisure,2024-06-30,False
C006302,Leisure,2024-06-30,False
C006303,Leisure,2024-06-30,False
C006304,Commuter,2024-07-01,False
C006305,Commuter,2024-07-01,False
C006306,Student,2024-07-01,False
C006307,Leisure,2024-07-01,False
C006308,Leisure,2024-07-01,False
C006309,Leisure,2024-07-01,False
C006310,Family,2024-07-01,False
C006311,Delivery,2024-07-01,False
C006312,Delivery,2024-07-01,False
C006313,Delivery,2024-07-01,False
C006314,Leisure,2024-07-02,False
C006315,Leisure,2024-07-02,False
C006316,Leisure,2024-07-02,False
C006317,Leisure,2024-07-02,False
C006318,Family,2024-07-02,False
C006319,Delivery,2024-07-02,False
C006320,Delivery,2024-07-02,False
C006321,Delivery,2024-07-02,False
C006322,Commuter,2024-07-03,False
C006323,Student,2024-07-03,False
C006324,Leisure,2024-07-03,False
C006325,Leisure,2024-07-03,False
C006326,Leisure,2024-07-03,False
C006327,Leisure,2024-07-03,False
C006328,Family,2024-07-03,False
C006329,Family,2024-07-03,False
C006330,Delivery,2024-07-03,False
C006331,Delivery,2024-07-03,False
C006332,Delivery,2024-07-03,False
C006333,Delivery,2024-07-03,False
C006334,Delivery,2024-07-03,False
C006335,Commuter,2024-07-04,False
C006336,Student,2024-07-04,False
C006337,Student,2024-07-04,False
C006338,Leisure,2024-07-04,False
C006339,Leisure,2024-07-04,False
C006340,Leisure,2024-07-04,False
C006341,Leisure,2024-07-04,False
C006342,Leisure,2024-07-04,False
C006343,Leisure,2024-07-04,False
C006344,Family,2024-07-04,False
C006345,Family,2024-07-04,False
C006346,Delivery,2024-07-04,False
C006347,Delivery,2024-07-04,False
C006348,Delivery,2024-07-04,False
C006349,Delivery,2024-07-04,False
C006350,Delivery,2024-07-04,False
C006351,Delivery,2024-07-04,False
C006352,Delivery,2024-07-04,False
C006353,Delivery,2024-07-04,False
C006354,Leisure,2024-07-05,False
C006355,Leisure,2024-07-05,False
C006356,Leisure,2024-07-05,False
C006357,Leisure,2024-07-05,False
C006358,Family,2024-07-05,False
C006359,Family,2024-07-05,False
C006360,Delivery,2024-07-05,False
C006361,Delivery,2024-07-05,False
C006362,Delivery,2024-07-05,False
C006363,Delivery,2024-07-05,False
C006364,Delivery,2024-07-05,False
C006365,Delivery,2024-07-05,False
C006366,Delivery,2024-07-05,False
C006367,Delivery,2024-07-05,False
C006368,Delivery,2024-07-05,False
C006369,Delivery,2024-07-05,False
C006370,Delivery,2024-07-05,False
C006371,Leisure,2024-07-06,False
C006372,Leisure,2024-07-06,False
C006373,Leisure,2024-07-06,False
C006374,Leisure,2024-07-06,False
C006375,Leisure,2024-07-06,False
C006376,Leisure,2024-07-06,False
C006377,Leisure,2024-07-06,False
C006378,Family,2024-07-06,False
C006379,Family,2024-07-06,False
C006380,Family,2024-07-06,False
C006381,Family,2024-07-06,False
C006382,Delivery,2024-07-06,False
C006383,Delivery,2024-07-06,False
C006384,Delivery,2024-07-06,False
C006385,Leisure,2024-07-07,False
C006386,Leisure,2024-07-07,False
C006387,Delivery,2024-07-07,False
C006388,Delivery,2024-07-07,False
C006389,Delivery,2024-07-07,False
C006390,Delivery,2024-07-07,False
C006391,Commuter,2024-07-08,False
C006392,Student,2024-07-08,False
C006393,Leisure,2024-07-08,False
C006394,Leisure,2024-07-08,False
C006395,Leisure,2024-07-08,False
C006396,Delivery,2024-07-08,False
C006397,Delivery,2024-07-08,False
C006398,Commuter,2024-07-09,False
C006399,Commuter,2024-07-09,False
C006400,Leisure,2024-07-09,False
C006401,Leisure,2024-07-09,False
C006402,Family,2024-07-09,False
C006403,Delivery,2024-07-09,False
C006404,Delivery,2024-07-09,False
C006405,Leisure,2024-07-10,False
C006406,Leisure,2024-07-10,False
C006407,Family,2024-07-10,False
C006408,Commuter,2024-07-11,False
C006409,Commuter,2024-07-11,False
C006410,Leisure,2024-07-11,False
C006411,Leisure,2024-07-11,False
C006412,Leisure,2024-07-11,False
C006413,Leisure,2024-07-11,False
C006414,Leisure,2024-07-11,False
C006415,Family,2024-07-11,False
C006416,Delivery,2024-07-11,False
C006417,Family,2024-07-12,False
C006418,Family,2024-07-12,False
C006419,Delivery,2024-07-12,False
C006420,Delivery,2024-07-12,False
C006421,Delivery,2024-07-12,False
C006422,Delivery,2024-07-12,False
C006423,Leisure,2024-07-13,False
C006424,Leisure,2024-07-13,False
C006425,Leisure,2024-07-13,False
C006426,Leisure,2024-07-13,False
C006427,Family,2024-07-13,False
C006428,Family,2024-07-13,False
C006429,Family,2024-07-13,False
C006430,Delivery,2024-07-13,False
C006431,Delivery,2024-07-13,False
C006432,Delivery,2024-07-13,False
C006433,Delivery,2024-07-13,False
C006434,Delivery,2024-07-13,False
C006435,Delivery,2024-07-13,False
C006436,Commuter,2024-07-14,False
C006437,Leisure,2024-07-14,False
C006438,Leisure,2024-07-14,False
C006439,Leisure,2024-07-14,False
C006440,Delivery,2024-07-14,False
C006441,Delivery,2024-07-14,False
C006442,Delivery,2024-07-14,False
C006443,Delivery,2024-07-14,False
C006444,Delivery,2024-07-14,False
C006445,Commuter,2024-07-15,False
C006446,Commuter,2024-07-15,False
C006447,Student,2024-07-15,False
C006448,Leisure,2024-07-15,False
C006449,Leisure,2024-07-15,False
C006450,Leisure,2024-07-15,False
C006451,Delivery,2024-07-15,False
C006452,Commuter,2024-07-16,False
C006453,Commuter,2024-07-16,False
C006454,Commuter,2024-07-16,False
C006455,Commuter,2024-07-16,False
C006456,Commuter,2024-07-16,False
C006457,Family,2024-07-16,False
C006458,Delivery,2024-07-16,False
C006459,Delivery,2024-07-16,False
C006460,Commuter,2024-07-17,False
C006461,Commuter,2024-07-17,False
C006462,Commuter,2024-07-17,False
C006463,Leisure,2024-07-17,False
C006464,Family,2024-07-17,False
C006465,Delivery,2024-07-17,False
C006466,Commuter,2024-07-18,False
C006467,Leisure,2024-07-18,False
C006468,Leisure,2024-07-18,False
C006469,Leisure,2024-07-18,False
C006470,Leisure,2024-07-18,False
C006471,Delivery,2024-07-18,False
C006472,Delivery,2024-07-18,False
C006473,Delivery,2024-07-18,False
C006474,Delivery,2024-07-18,False
C006475,Delivery,2024-07-18,False
C006476,Leisure,2024-07-19,False
C006477,Leisure,2024-07-19,False
C006478,Leisure,2024-07-19,False
C006479,Family,2024-07-19,False
C006480,Family,2024-07-19,False
C006481,Family,2024-07-19,False
C006482,Delivery,2024-07-19,False
C006483,Delivery,2024-07-19,False
C006484,Delivery,2024-07-19,False
C006485,Delivery,2024-07-19,False
C006486,Student,2024-07-20,False
C006487,Leisure,2024-07-21,False
C006488,Leisure,2024-07-21,False
C006489,Leisure,2024-07-21,False
C006490,Leisure,2024-07-21,False
C006491,Delivery,2024-07-21,False
C006492,Delivery,2024-07-21,False
C006493,Delivery,2024-07-21,False
C006494,Commuter,2024-07-22,False
C006495,Commuter,2024-07-22,False
C006496,Leisure,2024-07-22,False
C006497,Delivery,2024-07-22,False
C006498,Delivery,2024-07-22,False
C006499,Commuter,2024-07-23,False
C006500,Leisure,2024-07-23,False
C006501,Leisure,2024-07-23,False
C006502,Leisure,2024-07-23,False
C006503,Leisure,2024-07-23,False
C006504,Family,2024-07-23,False
C006505,Delivery,2024-07-23,False
C006506,Leisure,2024-07-24,False
C006507,Leisure,2024-07-24,False
C006508,Leisure,2024-07-24,False
C006509,Leisure,2024-07-24,False
C006510,Family,2024-07-24,False
C006511,Delivery,2024-07-24,False
C006512,Delivery,2024-07-24,False
C006513,Delivery,2024-07-24,False
C006514,Leisure,2024-07-25,False
C006515,Leisure,2024-07-25,False
C006516,Leisure,2024-07-25,False
C006517,Delivery,2024-07-25,False
C006518,Delivery,2024-07-25,False
C006519,Delivery,2024-07-25,False
C006520,Delivery,2024-07-25,False
C006521,Delivery,2024-07-25,False
C006522,Commuter,2024-07-26,False
C006523,Leisure,2024-07-26,False
C006524,Leisure,2024-07-26,False
C006525,Leisure,2024-07-26,False
C006526,Family,2024-07-26,False
C006527,Delivery,2024-07-26,False
C006528,Delivery,2024-07-26,False
C006529,Delivery,2024-07-26,False
C006530,Delivery,2024-07-26,False
C006531,Commuter,2024-07-27,False
C006532,Leisure,2024-07-27,False
C006533,Leisure,2024-07-27,False
C006534,Leisure,2024-07-27,False
C006535,Leisure,2024-07-27,False
C006536,Family,2024-07-27,False
C006537,Delivery,2024-07-27,False
C006538,Delivery,2024-07-27,False
C006539,Delivery,2024-07-27,False
C006540,Delivery,2024-07-27,False
C006541,Commuter,2024-07-28,False
C006542,Commuter,2024-07-28,False
C006543,Leisure,2024-07-28,False
C006544,Family,2024-07-28,False
C006545,Delivery,2024-07-28,False
C006546,Delivery,2024-07-28,False
C006547,Commuter,2024-07-29,False
C006548,Leisure,2024-07-29,False
C006549,Leisure,2024-07-29,False
C006550,Leisure,2024-07-29,False
C006551,Leisure,2024-07-29,False
C006552,Leisure,2024-07-29,False
C006553,Leisure,2024-07-29,False
C006554,Family,2024-07-29,False
C006555,Delivery,2024-07-29,False
C006556,Commuter,2024-07-30,False
C006557,Commuter,2024-07-30,False
C006558,Leisure,2024-07-30,False
C006559,Leisure,2024-07-30,False
C006560,Leisure,2024-07-30,False
C006561,Family,2024-07-30,False
C006562,Delivery,2024-07-30,False
C006563,Delivery,2024-07-30,False
C006564,Delivery,2024-07-30,False
C006565,Delivery,2024-07-30,False
C006566,Delivery,2024-07-30,False
C006567,Commuter,2024-07-31,False
C006568,Commuter,2024-07-31,False
C006569,Student,2024-07-31,False
C006570,Student,2024-07-31,False
C006571,Leisure,2024-07-31,False
C006572,Leisure,2024-07-31,False
C006573,Family,2024-07-31,False
C006574,Family,2024-07-31,False
C006575,Delivery,2024-07-31,False
C006576,Delivery,2024-07-31,False
C006577,Leisure,2024-08-01,False
C006578,Leisure,2024-08-01,False
C006579,Leisure,2024-08-01,False
C006580,Leisure,2024-08-01,False
C006581,Family,2024-08-01,False
C006582,Family,2024-08-01,False
C006583,Family,2024-08-01,False
C006584,Leisure,2024-08-02,False
C006585,Family,2024-08-02,False
C006586,Delivery,2024-08-02,False
C006587,Delivery,2024-08-02,False
C006588,Commuter,2024-08-03,False
C006589,Student,2024-08-03,False
C006590,Leisure,2024-08-03,False
C006591,Leisure,2024-08-03,False
C006592,Leisure,2024-08-03,False
C006593,Family,2024-08-03,False
C006594,Family,2024-08-03,False
C006595,Family,2024-08-03,False
C006596,Family,2024-08-03,False
C006597,Family,2024-08-03,False
C006598,Family,2024-08-03,False
C006599,Delivery,2024-08-03,False
C006600,Delivery,2024-08-03,False
C006601,Delivery,2024-08-03,False
C006602,Delivery,2024-08-03,False
C006603,Commuter,2024-08-04,False
C006604,Commuter,2024-08-04,False
C006605,Student,2024-08-04,False
C006606,Leisure,2024-08-04,False
C006607,Leisure,2024-08-04,False
C006608,Leisure,2024-08-04,False
C006609,Family,2024-08-04,False
C006610,Delivery,2024-08-04,False
C006611,Delivery,2024-08-04,False
C006612,Commuter,2024-08-05,False
C006613,Leisure,2024-08-05,False
C006614,Leisure,2024-08-05,False
C006615,Leisure,2024-08-05,False
C006616,Delivery,2024-08-05,False
C006617,Commuter,2024-08-06,False
C006618,Leisure,2024-08-06,False
C006619,Leisure,2024-08-06,False
C006620,Leisure,2024-08-06,False
C006621,Delivery,2024-08-06,False
C006622,Delivery,2024-08-06,False
C006623,Leisure,2024-08-07,False
C006624,Leisure,2024-08-07,False
C006625,Leisure,2024-08-07,False
C006626,Leisure,2024-08-07,False
C006627,Delivery,2024-08-07,False
C006628,Delivery,2024-08-07,False
C006629,Delivery,2024-08-07,False
C006630,Commuter,2024-08-08,False
C006631,Leisure,2024-08-08,False
C006632,Leisure,2024-08-08,False
C006633,Leisure,2024-08-08,False
C006634,Leisure,2024-08-08,False
C006635,Family,2024-08-08,False
C006636,Family,2024-08-08,False
C006637,Leisure,2024-08-09,False
C006638,Family,2024-08-09,False
C006639,Delivery,2024-08-09,False
C006640,Commuter,2024-08-10,False
C006641,Leisure,2024-08-10,False
C006642,Leisure,2024-08-10,False
C006643,Family,2024-08-10,False
C006644,Delivery,2024-08-10,False
C006645,Delivery,2024-08-10,False
C006646,Delivery,2024-08-10,False
C006647,Delivery,2024-08-10,False
C006648,Delivery,2024-08-10,False
C006649,Commuter,2024-08-11,False
C006650,Leisure,2024-08-11,False
C006651,Delivery,2024-08-11,False
C006652,Commuter,2024-08-12,False
C006653,Student,2024-08-12,False
C006654,Leisure,2024-08-12,False
C006655,Family,2024-08-12,False
C006656,Delivery,2024-08-12,False
C006657,Delivery,2024-08-12,False
C006658,Delivery,2024-08-12,False
C006659,Delivery,2024-08-12,False
C006660,Delivery,2024-08-12,False
C006661,Leisure,2024-08-13,False
C006662,Leisure,2024-08-13,False
C006663,Leisure,2024-08-13,False
C006664,Leisure,2024-08-13,False
C006665,Commuter,2024-08-14,False
C006666,Commuter,2024-08-14,False
C006667,Leisure,2024-08-14,False
C006668,Leisure,2024-08-14,False
C006669,Leisure,2024-08-14,False
C006670,Leisure,2024-08-14,False
C006671,Leisure,2024-08-14,False
C006672,Leisure,2024-08-14,False
C006673,Leisure,2024-08-14,False
C006674,Leisure,2024-08-14,False
C006675,Family,2024-08-14,False
C006676,Family,2024-08-14,False
C006677,Delivery,2024-08-14,False
C006678,Delivery,2024-08-14,False
C006679,Delivery,2024-08-14,False
C006680,Delivery,2024-08-14,False
C006681,Commuter,2024-08-15,False
C006682,Commuter,2024-08-15,False
C006683,Leisure,2024-08-15,False
C006684,Leisure,2024-08-15,False
C006685,Leisure,2024-08-15,False
C006686,Leisure,2024-08-15,False
C006687,Family,2024-08-15,False
C006688,Delivery,2024-08-15,False
C006689,Leisure,2024-08-16,False
C006690,Leisure,2024-08-16,False
C006691,Leisure,2024-08-16,False
C006692,Leisure,2024-08-16,False
C006693,Family,2024-08-16,False
C006694,Family,2024-08-16,False
C006695,Family,2024-08-16,False
C006696,Delivery,2024-08-16,False
C006697,Delivery,2024-08-16,False
C006698,Delivery,2024-08-16,False
C006699,Leisure,2024-08-17,False
C006700,Leisure,2024-08-17,False
C006701,Leisure,2024-08-17,False
C006702,Family,2024-08-17,False
C006703,Delivery,2024-08-17,False
C006704,Delivery,2024-08-17,False
C006705,Commuter,2024-08-18,False
C006706,Commuter,2024-08-18,False
C006707,Commuter,2024-08-18,False
C006708,Commuter,2024-08-18,False
C006709,Commuter,2024-08-18,False
C006710,Student,2024-08-18,False
C006711,Student,2024-08-18,False
C006712,Student,2024-08-18,False
C006713,Student,2024-08-18,False
C006714,Leisure,2024-08-18,False
C006715,Family,2024-08-18,False
C006716,Family,2024-08-18,False
C006717,Family,2024-08-18,False
C006718,Delivery,2024-08-18,False
C006719,Delivery,2024-08-18,False
C006720,Delivery,2024-08-18,False
C006721,Delivery,2024-08-18,False
C006722,Commuter,2024-08-19,False
C006723,Commuter,2024-08-19,False
C006724,Commuter,2024-08-19,False
C006725,Student,2024-08-19,False
C006726,Student,2024-08-19,False
C006727,Student,2024-08-19,False
C006728,Leisure,2024-08-19,False
C006729,Leisure,2024-08-19,False
C006730,Leisure,2024-08-19,False
C006731,Leisure,2024-08-19,False
C006732,Leisure,2024-08-19,False
C006733,Leisure,2024-08-19,False
C006734,Family,2024-08-19,False
C006735,Family,2024-08-19,False
C006736,Delivery,2024-08-19,False
C006737,Delivery,2024-08-19,False
C006738,Commuter,2024-08-20,False
C006739,Commuter,2024-08-20,False
C006740,Student,2024-08-20,False
C006741,Student,2024-08-20,False
C006742,Student,2024-08-20,False
C006743,Leisure,2024-08-20,False
C006744,Leisure,2024-08-20,False
C006745,Leisure,2024-08-20,False
C006746,Leisure,2024-08-20,False
C006747,Family,2024-08-20,False
C006748,Delivery,2024-08-20,False
C006749,Delivery,2024-08-20,False
C006750,Student,2024-08-21,False
C006751,Student,2024-08-21,False
C006752,Student,2024-08-21,False
C006753,Student,2024-08-21,False
C006754,Leisure,2024-08-21,False
C006755,Leisure,2024-08-21,False
C006756,Leisure,2024-08-21,False
C006757,Leisure,2024-08-21,False
C006758,Leisure,2024-08-21,False
C006759,Leisure,2024-08-21,False
C006760,Family,2024-08-21,False
C006761,Delivery,2024-08-21,False
C006762,Delivery,2024-08-21,False
C006763,Delivery,2024-08-21,False
C006764,Delivery,2024-08-21,False
C006765,Commuter,2024-08-22,False
C006766,Commuter,2024-08-22,False
C006767,Student,2024-08-22,False
C006768,Leisure,2024-08-22,False
C006769,Leisure,2024-08-22,False
C006770,Leisure,2024-08-22,False
C006771,Leisure,2024-08-22,False
C006772,Leisure,2024-08-22,False
C006773,Leisure,2024-08-22,False
C006774,Leisure,2024-08-22,False
C006775,Leisure,2024-08-22,False
C006776,Leisure,2024-08-22,False
C006777,Leisure,2024-08-22,False
C006778,Leisure,2024-08-22,False
C006779,Family,2024-08-22,False
C006780,Family,2024-08-22,False
C006781,Family,2024-08-22,False
C006782,Family,2024-08-22,False
C006783,Family,2024-08-22,False
C006784,Family,2024-08-22,False
C006785,Family,2024-08-22,False
C006786,Delivery,2024-08-22,False
C006787,Delivery,2024-08-22,False
C006788,Delivery,2024-08-22,False
C006789,Delivery,2024-08-22,False
C006790,Delivery,2024-08-22,False
C006791,Delivery,2024-08-22,False
C006792,Delivery,2024-08-22,False
C006793,Student,2024-08-23,False
C006794,Leisure,2024-08-23,False
C006795,Leisure,2024-08-23,False
C006796,Leisure,2024-08-23,False
C006797,Leisure,2024-08-23,False
C006798,Family,2024-08-23,False
C006799,Delivery,2024-08-23,False
C006800,Delivery,2024-08-23,False
C006801,Delivery,2024-08-23,False
C006802,Delivery,2024-08-23,False
C006803,Commuter,2024-08-24,False
C006804,Student,2024-08-24,False
C006805,Student,2024-08-24,False
C006806,Leisure,2024-08-24,False
C006807,Leisure,2024-08-24,False
C006808,Leisure,2024-08-24,False
C006809,Leisure,2024-08-24,False
C006810,Leisure,2024-08-24,False
C006811,Leisure,2024-08-24,False
C006812,Leisure,2024-08-24,False
C006813,Leisure,2024-08-24,False
C006814,Leisure,2024-08-24,False
C006815,Leisure,2024-08-24,False
C006816,Leisure,2024-08-24,False
C006817,Leisure,2024-08-24,False
C006818,Family,2024-08-24,False
C006819,Family,2024-08-24,False
C006820,Delivery,2024-08-24,False
C006821,Delivery,2024-08-24,False
C006822,Delivery,2024-08-24,False
C006823,Delivery,2024-08-24,False
C006824,Delivery,2024-08-24,False
C006825,Commuter,2024-08-25,False
C006826,Commuter,2024-08-25,False
C006827,Commuter,2024-08-25,False
C006828,Commuter,2024-08-25,False
C006829,Commuter,2024-08-25,False
C006830,Student,2024-08-25,False
C006831,Student,2024-08-25,False
C006832,Leisure,2024-08-25,False
C006833,Leisure,2024-08-25,False
C006834,Leisure,2024-08-25,False
C006835,Family,2024-08-25,False
C006836,Delivery,2024-08-25,False
C006837,Commuter,2024-08-26,False
C006838,Student,2024-08-26,False
C006839,Student,2024-08-26,False
C006840,Student,2024-08-26,False
C006841,Student,2024-08-26,False
C006842,Student,2024-08-26,False
C006843,Leisure,2024-08-26,False
C006844,Leisure,2024-08-26,False
C006845,Leisure,2024-08-26,False
C006846,Leisure,2024-08-26,False
C006847,Leisure,2024-08-26,False
C006848,Leisure,2024-08-26,False
C006849,Leisure,2024-08-26,False
C006850,Leisure,2024-08-26,False
C006851,Leisure,2024-08-26,False
C006852,Family,2024-08-26,False
C006853,Family,2024-08-26,False
C006854,Delivery,2024-08-26,False
C006855,Delivery,2024-08-26,False
C006856,Delivery,2024-08-26,False
C006857,Delivery,2024-08-26,False
C006858,Delivery,2024-08-26,False
C006859,Commuter,2024-08-27,False
C006860,Commuter,2024-08-27,False
C006861,Student,2024-08-27,False
C006862,Leisure,2024-08-27,False
C006863,Leisure,2024-08-27,False
C006864,Leisure,2024-08-27,False
C006865,Leisure,2024-08-27,False
C006866,Leisure,2024-08-27,False
C006867,Leisure,2024-08-27,False
C006868,Delivery,2024-08-27,False
C006869,Delivery,2024-08-27,False
C006870,Delivery,2024-08-27,False
C006871,Delivery,2024-08-27,False
C006872,Delivery,2024-08-27,False
C006873,Commuter,2024-08-28,False
C006874,Commuter,2024-08-28,False
C006875,Commuter,2024-08-28,False
C006876,Student,2024-08-28,False
C006877,Student,2024-08-28,False
C006878,Student,2024-08-28,False
C006879,Student,2024-08-28,False
C006880,Leisure,2024-08-28,False
C006881,Leisure,2024-08-28,False
C006882,Leisure,2024-08-28,False
C006883,Leisure,2024-08-28,False
C006884,Family,2024-08-28,False
C006885,Family,2024-08-28,False
C006886,Delivery,2024-08-28,False
C006887,Delivery,2024-08-28,False
C006888,Delivery,2024-08-28,False
C006889,Delivery,2024-08-28,False
C006890,Delivery,2024-08-28,False
C006891,Delivery,2024-08-28,False
C006892,Commuter,2024-08-29,False
C006893,Commuter,2024-08-29,False
C006894,Commuter,2024-08-29,False
C006895,Student,2024-08-29,False
C006896,Student,2024-08-29,False
C006897,Leisure,2024-08-29,False
C006898,Leisure,2024-08-29,False
C006899,Leisure,2024-08-29,False
C006900,Leisure,2024-08-29,False
C006901,Leisure,2024-08-29,False
C006902,Leisure,2024-08-29,False
C006903,Leisure,2024-08-29,False
C006904,Leisure,2024-08-29,False
C006905,Leisure,2024-08-29,False
C006906,Family,2024-08-29,False
C006907,Delivery,2024-08-29,False
C006908,Delivery,2024-08-29,False
C006909,Delivery,2024-08-29,False
C006910,Delivery,2024-08-29,False
C006911,Leisure,2024-08-30,False
C006912,Leisure,2024-08-30,False
C006913,Leisure,2024-08-30,False
C006914,Leisure,2024-08-30,False
C006915,Leisure,2024-08-30,False
C006916,Leisure,2024-08-30,False
C006917,Leisure,2024-08-30,False
C006918,Leisure,2024-08-30,False
C006919,Leisure,2024-08-30,False
C006920,Leisure,2024-08-30,False
C006921,Family,2024-08-30,False
C006922,Delivery,2024-08-30,False
C006923,Delivery,2024-08-30,False
C006924,Delivery,2024-08-30,False
C006925,Delivery,2024-08-30,False
C006926,Delivery,2024-08-30,False
C006927,Student,2024-08-31,False
C006928,Leisure,2024-08-31,False
C006929,Leisure,2024-08-31,False
C006930,Leisure,2024-08-31,False
C006931,Family,2024-08-31,False
C006932,Family,2024-08-31,False
C006933,Family,2024-08-31,False
C006934,Student,2024-09-01,False
C006935,Student,2024-09-01,False
C006936,Leisure,2024-09-01,False
C006937,Leisure,2024-09-01,False
C006938,Delivery,2024-09-01,False
C006939,Delivery,2024-09-01,False
C006940,Delivery,2024-09-01,False
C006941,Commuter,2024-09-02,False
C006942,Commuter,2024-09-02,False
C006943,Leisure,2024-09-02,False
C006944,Leisure,2024-09-02,False
C006945,Family,2024-09-02,False
C006946,Delivery,2024-09-02,False
C006947,Delivery,2024-09-02,False
C006948,Delivery,2024-09-02,False
C006949,Commuter,2024-09-03,False
C006950,Commuter,2024-09-03,False
C006951,Leisure,2024-09-03,False
C006952,Commuter,2024-09-04,False
C006953,Commuter,2024-09-04,False
C006954,Student,2024-09-04,False
C006955,Student,2024-09-04,False
C006956,Leisure,2024-09-04,False
C006957,Family,2024-09-04,False
C006958,Delivery,2024-09-04,False
C006959,Delivery,2024-09-04,False
C006960,Student,2024-09-05,False
C006961,Leisure,2024-09-05,False
C006962,Leisure,2024-09-05,False
C006963,Leisure,2024-09-05,False
C006964,Leisure,2024-09-05,False
C006965,Leisure,2024-09-05,False
C006966,Leisure,2024-09-05,False
C006967,Leisure,2024-09-05,False
C006968,Leisure,2024-09-05,False
C006969,Leisure,2024-09-05,False
C006970,Leisure,2024-09-05,False
C006971,Delivery,2024-09-05,False
C006972,Delivery,2024-09-05,False
C006973,Student,2024-09-06,False
C006974,Leisure,2024-09-06,False
C006975,Leisure,2024-09-06,False
C006976,Leisure,2024-09-06,False
C006977,Leisure,2024-09-06,False
C006978,Family,2024-09-06,False
C006979,Family,2024-09-06,False
C006980,Family,2024-09-06,False
C006981,Family,2024-09-06,False
C006982,Family,2024-09-06,False
C006983,Delivery,2024-09-06,False
C006984,Commuter,2024-09-07,False
C006985,Leisure,2024-09-07,False
C006986,Leisure,2024-09-07,False
C006987,Leisure,2024-09-07,False
C006988,Leisure,2024-09-07,False
C006989,Leisure,2024-09-07,False
C006990,Family,2024-09-07,False
C006991,Delivery,2024-09-07,False
C006992,Delivery,2024-09-07,False
C006993,Delivery,2024-09-07,False
C006994,Commuter,2024-09-08,False
C006995,Commuter,2024-09-08,False
C006996,Student,2024-09-08,False
C006997,Student,2024-09-08,False
C006998,Student,2024-09-08,False
C006999,Leisure,2024-09-08,False
C007000,Leisure,2024-09-08,False
C007001,Delivery,2024-09-08,False
C007002,Delivery,2024-09-08,False
C007003,Commuter,2024-09-09,False
C007004,Commuter,2024-09-09,False
C007005,Student,2024-09-09,False
C007006,Leisure,2024-09-09,False
C007007,Leisure,2024-09-09,False
C007008,Leisure,2024-09-09,False
C007009,Leisure,2024-09-09,False
C007010,Delivery,2024-09-09,False
C007011,Delivery,2024-09-09,False
C007012,Commuter,2024-09-10,False
C007013,Commuter,2024-09-10,False
C007014,Commuter,2024-09-10,False
C007015,Commuter,2024-09-10,False
C007016,Student,2024-09-10,False
C007017,Leisure,2024-09-10,False
C007018,Family,2024-09-10,False
C007019,Delivery,2024-09-10,False
C007020,Commuter,2024-09-11,False
C007021,Student,2024-09-11,False
C007022,Student,2024-09-11,False
C007023,Leisure,2024-09-11,False
C007024,Leisure,2024-09-11,False
C007025,Leisure,2024-09-11,False
C007026,Family,2024-09-11,False
C007027,Family,2024-09-11,False
C007028,Family,2024-09-11,False
C007029,Delivery,2024-09-11,False
C007030,Delivery,2024-09-11,False
C007031,Delivery,2024-09-11,False
C007032,Delivery,2024-09-11,False
C007033,Student,2024-09-12,False
C007034,Leisure,2024-09-12,False
C007035,Leisure,2024-09-12,False
C007036,Leisure,2024-09-12,False
C007037,Leisure,2024-09-12,False
C007038,Leisure,2024-09-12,False
C007039,Leisure,2024-09-12,False
C007040,Leisure,2024-09-12,False
C007041,Leisure,2024-09-12,False
C007042,Leisure,2024-09-12,False
C007043,Leisure,2024-09-12,False
C007044,Leisure,2024-09-12,False
C007045,Family,2024-09-12,False
C007046,Family,2024-09-12,False
C007047,Family,2024-09-12,False
C007048,Delivery,2024-09-12,False
C007049,Delivery,2024-09-12,False
C007050,Delivery,2024-09-12,False
C007051,Delivery,2024-09-12,False
C007052,Leisure,2024-09-13,False
C007053,Leisure,2024-09-13,False
C007054,Leisure,2024-09-13,False
C007055,Leisure,2024-09-13,False
C007056,Family,2024-09-13,False
C007057,Family,2024-09-13,False
C007058,Delivery,2024-09-13,False
C007059,Delivery,2024-09-13,False
C007060,Delivery,2024-09-13,False
C007061,Commuter,2024-09-14,False
C007062,Commuter,2024-09-14,False
C007063,Commuter,2024-09-14,False
C007064,Leisure,2024-09-14,False
C007065,Leisure,2024-09-14,False
C007066,Leisure,2024-09-14,False
C007067,Family,2024-09-14,False
C007068,Family,2024-09-14,False
C007069,Delivery,2024-09-14,False
C007070,Delivery,2024-09-14,False
C007071,Delivery,2024-09-14,False
C007072,Delivery,2024-09-14,False
C007073,Commuter,2024-09-15,False
C007074,Commuter,2024-09-15,False
C007075,Commuter,2024-09-15,False
C007076,Student,2024-09-15,False
C007077,Student,2024-09-15,False
C007078,Leisure,2024-09-15,False
C007079,Leisure,2024-09-15,False
C007080,Delivery,2024-09-15,False
C007081,Delivery,2024-09-15,False
C007082,Delivery,2024-09-15,False
C007083,Commuter,2024-09-16,False
C007084,Commuter,2024-09-16,False
C007085,Student,2024-09-16,False
C007086,Leisure,2024-09-16,False
C007087,Leisure,2024-09-16,False
C007088,Leisure,2024-09-16,False
C007089,Leisure,2024-09-16,False
C007090,Family,2024-09-16,False
C007091,Delivery,2024-09-16,False
C007092,Delivery,2024-09-16,False
C007093,Commuter,2024-09-17,False
C007094,Commuter,2024-09-17,False
C007095,Student,2024-09-17,False
C007096,Student,2024-09-17,False
C007097,Student,2024-09-17,False
C007098,Leisure,2024-09-17,False
C007099,Leisure,2024-09-17,False
C007100,Leisure,2024-09-17,False
C007101,Family,2024-09-17,False
C007102,Family,2024-09-17,False
C007103,Family,2024-09-17,False
C007104,Delivery,2024-09-17,False
C007105,Delivery,2024-09-17,False
C007106,Commuter,2024-09-18,False
C007107,Commuter,2024-09-18,False
C007108,Commuter,2024-09-18,False
C007109,Student,2024-09-18,False
C007110,Student,2024-09-18,False
C007111,Leisure,2024-09-18,False
C007112,Leisure,2024-09-18,False
C007113,Leisure,2024-09-18,False
C007114,Leisure,2024-09-18,False
C007115,Family,2024-09-18,False
C007116,Family,2024-09-18,False
C007117,Delivery,2024-09-18,False
C007118,Delivery,2024-09-18,False
C007119,Delivery,2024-09-18,False
C007120,Commuter,2024-09-19,False
C007121,Student,2024-09-19,False
C007122,Leisure,2024-09-19,False
C007123,Leisure,2024-09-19,False
C007124,Family,2024-09-19,False
C007125,Family,2024-09-19,False
C007126,Commuter,2024-09-20,False
C007127,Leisure,2024-09-20,False
C007128,Leisure,2024-09-20,False
C007129,Leisure,2024-09-20,False
C007130,Leisure,2024-09-20,False
C007131,Leisure,2024-09-20,False
C007132,Delivery,2024-09-20,False
C007133,Delivery,2024-09-20,False
C007134,Leisure,2024-09-21,False
C007135,Leisure,2024-09-21,False
C007136,Leisure,2024-09-21,False
C007137,Leisure,2024-09-21,False
C007138,Leisure,2024-09-21,False
C007139,Leisure,2024-09-21,False
C007140,Leisure,2024-09-21,False
C007141,Leisure,2024-09-21,False
C007142,Leisure,2024-09-21,False
C007143,Leisure,2024-09-21,False
C007144,Family,2024-09-21,False
C007145,Family,2024-09-21,False
C007146,Family,2024-09-21,False
C007147,Family,2024-09-21,False
C007148,Family,2024-09-21,False
C007149,Delivery,2024-09-21,False
C007150,Commuter,2024-09-22,False
C007151,Commuter,2024-09-22,False
C007152,Commuter,2024-09-22,False
C007153,Leisure,2024-09-22,False
C007154,Leisure,2024-09-22,False
C007155,Family,2024-09-22,False
C007156,Family,2024-09-22,False
C007157,Delivery,2024-09-22,False
C007158,Delivery,2024-09-22,False
C007159,Commuter,2024-09-23,False
C007160,Student,2024-09-23,False
C007161,Leisure,2024-09-23,False
C007162,Leisure,2024-09-23,False
C007163,Leisure,2024-09-23,False
C007164,Leisure,2024-09-23,False
C007165,Leisure,2024-09-23,False
C007166,Leisure,2024-09-23,False
C007167,Leisure,2024-09-23,False
C007168,Leisure,2024-09-23,False
C007169,Leisure,2024-09-23,False
C007170,Family,2024-09-23,False
C007171,Family,2024-09-23,False
C007172,Delivery,2024-09-23,False
C007173,Delivery,2024-09-23,False
C007174,Delivery,2024-09-23,False
C007175,Commuter,2024-09-24,False
C007176,Leisure,2024-09-24,False
C007177,Family,2024-09-24,False
C007178,Delivery,2024-09-24,False
C007179,Delivery,2024-09-24,False
C007180,Delivery,2024-09-24,False
C007181,Leisure,2024-09-25,False
C007182,Delivery,2024-09-25,False
C007183,Delivery,2024-09-25,False
C007184,Delivery,2024-09-25,False
C007185,Delivery,2024-09-25,False
C007186,Commuter,2024-09-26,False
C007187,Commuter,2024-09-26,False
C007188,Student,2024-09-26,False
C007189,Leisure,2024-09-26,False
C007190,Leisure,2024-09-26,False
C007191,Leisure,2024-09-26,False
C007192,Leisure,2024-09-26,False
C007193,Leisure,2024-09-26,False
C007194,Leisure,2024-09-26,False
C007195,Leisure,2024-09-26,False
C007196,Leisure,2024-09-26,False
C007197,Leisure,2024-09-26,False
C007198,Leisure,2024-09-26,False
C007199,Leisure,2024-09-26,False
C007200,Family,2024-09-26,False
C007201,Family,2024-09-26,False
C007202,Delivery,2024-09-26,False
C007203,Delivery,2024-09-26,False
C007204,Delivery,2024-09-26,False
C007205,Student,2024-09-27,False
C007206,Leisure,2024-09-27,False
C007207,Leisure,2024-09-27,False
C007208,Leisure,2024-09-27,False
C007209,Leisure,2024-09-27,False
C007210,Leisure,2024-09-27,False
C007211,Leisure,2024-09-27,False
C007212,Family,2024-09-27,False
C007213,Family,2024-09-27,False
C007214,Family,2024-09-27,False
C007215,Delivery,2024-09-27,False
C007216,Delivery,2024-09-27,False
C007217,Delivery,2024-09-27,False
C007218,Student,2024-09-28,False
C007219,Student,2024-09-28,False
C007220,Student,2024-09-28,False
C007221,Leisure,2024-09-28,False
C007222,Leisure,2024-09-28,False
C007223,Leisure,2024-09-28,False
C007224,Family,2024-09-28,False
C007225,Delivery,2024-09-28,False
C007226,Delivery,2024-09-28,False
C007227,Delivery,2024-09-28,False
C007228,Delivery,2024-09-28,False
C007229,Delivery,2024-09-28,False
C007230,Delivery,2024-09-28,False
C007231,Commuter,2024-09-29,False
C007232,Commuter,2024-09-29,False
C007233,Student,2024-09-29,False
C007234,Student,2024-09-29,False
C007235,Leisure,2024-09-29,False
C007236,Leisure,2024-09-29,False
C007237,Leisure,2024-09-29,False
C007238,Leisure,2024-09-29,False
C007239,Student,2024-09-30,False
C007240,Student,2024-09-30,False
C007241,Leisure,2024-09-30,False
C007242,Leisure,2024-09-30,False
C007243,Delivery,2024-09-30,False
C007244,Delivery,2024-09-30,False
C007245,Commuter,2024-10-01,False
C007246,Commuter,2024-10-01,False
C007247,Leisure,2024-10-01,False
C007248,Leisure,2024-10-01,False
C007249,Leisure,2024-10-01,False
C007250,Delivery,2024-10-01,False
C007251,Delivery,2024-10-01,False
C007252,Delivery,2024-10-01,False
C007253,Commuter,2024-10-02,False
C007254,Commuter,2024-10-02,False
C007255,Commuter,2024-10-02,False
C007256,Leisure,2024-10-02,False
C007257,Leisure,2024-10-02,False
C007258,Family,2024-10-02,False
C007259,Delivery,2024-10-02,False
C007260,Delivery,2024-10-02,False
C007261,Commuter,2024-10-03,False
C007262,Commuter,2024-10-03,False
C007263,Commuter,2024-10-03,False
C007264,Leisure,2024-10-03,False
C007265,Leisure,2024-10-03,False
C007266,Leisure,2024-10-03,False
C007267,Leisure,2024-10-03,False
C007268,Delivery,2024-10-03,False
C007269,Delivery,2024-10-03,False
C007270,Leisure,2024-10-04,False
C007271,Leisure,2024-10-04,False
C007272,Leisure,2024-10-04,False
C007273,Leisure,2024-10-04,False
C007274,Family,2024-10-04,False
C007275,Family,2024-10-04,False
C007276,Family,2024-10-04,False
C007277,Delivery,2024-10-04,False
C007278,Delivery,2024-10-04,False
C007279,Delivery,2024-10-04,False
C007280,Delivery,2024-10-04,False
C007281,Leisure,2024-10-05,False
C007282,Leisure,2024-10-05,False
C007283,Leisure,2024-10-05,False
C007284,Leisure,2024-10-05,False
C007285,Leisure,2024-10-05,False
C007286,Leisure,2024-10-05,False
C007287,Delivery,2024-10-05,False
C007288,Delivery,2024-10-05,False
C007289,Delivery,2024-10-05,False
C007290,Delivery,2024-10-05,False
C007291,Delivery,2024-10-05,False
C007292,Student,2024-10-06,False
C007293,Leisure,2024-10-06,False
C007294,Leisure,2024-10-06,False
C007295,Leisure,2024-10-06,False
C007296,Leisure,2024-10-06,False
C007297,Leisure,2024-10-06,False
C007298,Leisure,2024-10-06,False
C007299,Leisure,2024-10-06,False
C007300,Family,2024-10-06,False
C007301,Delivery,2024-10-06,False
C007302,Delivery,2024-10-06,False
C007303,Commuter,2024-10-07,False
C007304,Student,2024-10-07,False
C007305,Student,2024-10-07,False
C007306,Student,2024-10-07,False
C007307,Student,2024-10-07,False
C007308,Leisure,2024-10-07,False
C007309,Delivery,2024-10-07,False
C007310,Commuter,2024-10-08,False
C007311,Commuter,2024-10-08,False
C007312,Commuter,2024-10-08,False
C007313,Student,2024-10-08,False
C007314,Leisure,2024-10-08,False
C007315,Leisure,2024-10-08,False
C007316,Leisure,2024-10-08,False
C007317,Leisure,2024-10-08,False
C007318,Leisure,2024-10-08,False
C007319,Leisure,2024-10-08,False
C007320,Family,2024-10-08,False
C007321,Delivery,2024-10-08,False
C007322,Delivery,2024-10-08,False
C007323,Delivery,2024-10-08,False
C007324,Commuter,2024-10-09,False
C007325,Student,2024-10-09,False
C007326,Leisure,2024-10-09,False
C007327,Delivery,2024-10-09,False
C007328,Delivery,2024-10-09,False
C007329,Delivery,2024-10-09,False
C007330,Commuter,2024-10-10,False
C007331,Commuter,2024-10-10,False
C007332,Leisure,2024-10-10,False
C007333,Leisure,2024-10-10,False
C007334,Leisure,2024-10-10,False
C007335,Leisure,2024-10-10,False
C007336,Leisure,2024-10-10,False
C007337,Family,2024-10-10,False
C007338,Family,2024-10-10,False
C007339,Delivery,2024-10-10,False
C007340,Delivery,2024-10-10,False
C007341,Delivery,2024-10-10,False
C007342,Delivery,2024-10-10,False
C007343,Leisure,2024-10-11,False
C007344,Leisure,2024-10-11,False
C007345,Leisure,2024-10-11,False
C007346,Leisure,2024-10-11,False
C007347,Delivery,2024-10-11,False
C007348,Delivery,2024-10-11,False
C007349,Delivery,2024-10-11,False
C007350,Commuter,2024-10-12,False
C007351,Student,2024-10-12,False
C007352,Student,2024-10-12,False
C007353,Student,2024-10-12,False
C007354,Leisure,2024-10-12,False
C007355,Leisure,2024-10-12,False
C007356,Family,2024-10-12,False
C007357,Delivery,2024-10-12,False
C007358,Student,2024-10-13,False
C007359,Leisure,2024-10-13,False
C007360,Leisure,2024-10-13,False
C007361,Family,2024-10-13,False
C007362,Delivery,2024-10-13,False
C007363,Commuter,2024-10-14,False
C007364,Student,2024-10-14,False
C007365,Student,2024-10-14,False
C007366,Leisure,2024-10-14,False
C007367,Leisure,2024-10-14,False
C007368,Leisure,2024-10-14,False
C007369,Delivery,2024-10-14,False
C007370,Commuter,2024-10-15,False
C007371,Commuter,2024-10-15,False
C007372,Student,2024-10-15,False
C007373,Leisure,2024-10-15,False
C007374,Leisure,2024-10-15,False
C007375,Leisure,2024-10-15,False
C007376,Leisure,2024-10-15,False
C007377,Leisure,2024-10-15,False
C007378,Leisure,2024-10-15,False
C007379,Leisure,2024-10-15,False
C007380,Leisure,2024-10-15,False
C007381,Leisure,2024-10-15,False
C007382,Leisure,2024-10-15,False
C007383,Leisure,2024-10-15,False
C007384,Delivery,2024-10-15,False
C007385,Commuter,2024-10-16,False
C007386,Commuter,2024-10-16,False
C007387,Commuter,2024-10-16,False
C007388,Commuter,2024-10-16,False
C007389,Student,2024-10-16,False
C007390,Leisure,2024-10-16,False
C007391,Leisure,2024-10-16,False
C007392,Leisure,2024-10-16,False
C007393,Leisure,2024-10-16,False
C007394,Family,2024-10-16,False
C007395,Family,2024-10-16,False
C007396,Delivery,2024-10-16,False
C007397,Delivery,2024-10-16,False
C007398,Delivery,2024-10-16,False
C007399,Leisure,2024-10-17,False
C007400,Leisure,2024-10-17,False
C007401,Leisure,2024-10-17,False
C007402,Leisure,2024-10-17,False
C007403,Leisure,2024-10-17,False
C007404,Leisure,2024-10-17,False
C007405,Leisure,2024-10-17,False
C007406,Leisure,2024-10-17,False
C007407,Family,2024-10-17,False
C007408,Student,2024-10-18,False
C007409,Student,2024-10-18,False
C007410,Student,2024-10-18,False
C007411,Leisure,2024-10-18,False
C007412,Leisure,2024-10-18,False
C007413,Leisure,2024-10-18,False
C007414,Leisure,2024-10-18,False
C007415,Leisure,2024-10-18,False
C007416,Leisure,2024-10-18,False
C007417,Family,2024-10-18,False
C007418,Delivery,2024-10-18,False
C007419,Delivery,2024-10-18,False
C007420,Delivery,2024-10-18,False
C007421,Delivery,2024-10-18,False
C007422,Leisure,2024-10-19,False
C007423,Leisure,2024-10-19,False
C007424,Leisure,2024-10-19,False
C007425,Leisure,2024-10-19,False
C007426,Leisure,2024-10-19,False
C007427,Family,2024-10-19,False
C007428,Family,2024-10-19,False
C007429,Family,2024-10-19,False
C007430,Family,2024-10-19,False
C007431,Family,2024-10-19,False
C007432,Delivery,2024-10-19,False
C007433,Delivery,2024-10-19,False
C007434,Delivery,2024-10-19,False
C007435,Delivery,2024-10-19,False
C007436,Commuter,2024-10-20,False
C007437,Leisure,2024-10-20,False
C007438,Leisure,2024-10-20,False
C007439,Leisure,2024-10-20,False
C007440,Commuter,2024-10-21,False
C007441,Student,2024-10-21,False
C007442,Student,2024-10-21,False
C007443,Leisure,2024-10-21,False
C007444,Leisure,2024-10-21,False
C007445,Leisure,2024-10-21,False
C007446,Leisure,2024-10-21,False
C007447,Leisure,2024-10-21,False
C007448,Family,2024-10-21,False
C007449,Delivery,2024-10-21,False
C007450,Delivery,2024-10-21,False
C007451,Student,2024-10-22,False
C007452,Delivery,2024-10-22,False
C007453,Delivery,2024-10-22,False
C007454,Commuter,2024-10-23,False
C007455,Commuter,2024-10-23,False
C007456,Commuter,2024-10-23,False
C007457,Student,2024-10-23,False
C007458,Student,2024-10-23,False
C007459,Leisure,2024-10-23,False
C007460,Leisure,2024-10-23,False
C007461,Family,2024-10-23,False
C007462,Family,2024-10-23,False
C007463,Delivery,2024-10-23,False
C007464,Commuter,2024-10-24,False
C007465,Commuter,2024-10-24,False
C007466,Commuter,2024-10-24,False
C007467,Student,2024-10-24,False
C007468,Student,2024-10-24,False
C007469,Leisure,2024-10-24,False
C007470,Leisure,2024-10-24,False
C007471,Commuter,2024-10-25,False
C007472,Leisure,2024-10-25,False
C007473,Leisure,2024-10-25,False
C007474,Family,2024-10-25,False
C007475,Family,2024-10-25,False
C007476,Family,2024-10-25,False
C007477,Delivery,2024-10-25,False
C007478,Delivery,2024-10-25,False
C007479,Delivery,2024-10-25,False
C007480,Delivery,2024-10-25,False
C007481,Delivery,2024-10-25,False
C007482,Student,2024-10-26,False
C007483,Leisure,2024-10-26,False
C007484,Leisure,2024-10-26,False
C007485,Leisure,2024-10-26,False
C007486,Leisure,2024-10-26,False
C007487,Leisure,2024-10-26,False
C007488,Leisure,2024-10-26,False
C007489,Delivery,2024-10-26,False
C007490,Commuter,2024-10-27,False
C007491,Commuter,2024-10-27,False
C007492,Student,2024-10-27,False
C007493,Leisure,2024-10-27,False
C007494,Leisure,2024-10-27,False
C007495,Leisure,2024-10-27,False
C007496,Leisure,2024-10-27,False
C007497,Leisure,2024-10-27,False
C007498,Leisure,2024-10-27,False
C007499,Family,2024-10-27,False
C007500,Family,2024-10-27,False
C007501,Delivery,2024-10-27,False
C007502,Delivery,2024-10-27,False
C007503,Commuter,2024-10-28,False
C007504,Student,2024-10-28,False
C007505,Leisure,2024-10-28,False
C007506,Leisure,2024-10-28,False
C007507,Leisure,2024-10-28,False
C007508,Leisure,2024-10-28,False
C007509,Leisure,2024-10-28,False
C007510,Delivery,2024-10-28,False
C007511,Commuter,2024-10-29,False
C007512,Leisure,2024-10-29,False
C007513,Leisure,2024-10-29,False
C007514,Leisure,2024-10-29,False
C007515,Leisure,2024-10-29,False
C007516,Family,2024-10-29,False
C007517,Family,2024-10-29,False
C007518,Family,2024-10-29,False
C007519,Family,2024-10-29,False
C007520,Student,2024-10-30,False
C007521,Leisure,2024-10-30,False
C007522,Leisure,2024-10-30,False
C007523,Leisure,2024-10-30,False
C007524,Leisure,2024-10-30,False
C007525,Leisure,2024-10-30,False
C007526,Leisure,2024-10-30,False
C007527,Family,2024-10-30,False
C007528,Family,2024-10-30,False
C007529,Delivery,2024-10-30,False
C007530,Delivery,2024-10-30,False
C007531,Commuter,2024-10-31,False
C007532,Commuter,2024-10-31,False
C007533,Commuter,2024-10-31,False
C007534,Student,2024-10-31,False
C007535,Leisure,2024-10-31,False
C007536,Leisure,2024-10-31,False
C007537,Leisure,2024-10-31,False
C007538,Leisure,2024-10-31,False
C007539,Family,2024-10-31,False
C007540,Delivery,2024-10-31,False
C007541,Delivery,2024-10-31,False
C007542,Leisure,2024-11-01,False
C007543,Leisure,2024-11-01,False
C007544,Leisure,2024-11-01,False
C007545,Leisure,2024-11-01,False
C007546,Leisure,2024-11-01,False
C007547,Leisure,2024-11-01,False
C007548,Family,2024-11-01,False
C007549,Family,2024-11-01,False
C007550,Family,2024-11-01,False
C007551,Delivery,2024-11-01,False
C007552,Delivery,2024-11-01,False
C007553,Leisure,2024-11-02,False
C007554,Leisure,2024-11-02,False
C007555,Leisure,2024-11-02,False
C007556,Leisure,2024-11-02,False
C007557,Family,2024-11-02,False
C007558,Family,2024-11-02,False
C007559,Family,2024-11-02,False
C007560,Family,2024-11-02,False
C007561,Delivery,2024-11-02,False
C007562,Delivery,2024-11-02,False
C007563,Commuter,2024-11-03,False
C007564,Commuter,2024-11-03,False
C007565,Commuter,2024-11-03,False
C007566,Student,2024-11-03,False
C007567,Leisure,2024-11-03,False
C007568,Leisure,2024-11-03,False
C007569,Leisure,2024-11-03,False
C007570,Leisure,2024-11-03,False
C007571,Leisure,2024-11-03,False
C007572,Family,2024-11-03,False
C007573,Delivery,2024-11-03,False
C007574,Commuter,2024-11-04,False
C007575,Commuter,2024-11-04,False
C007576,Commuter,2024-11-04,False
C007577,Commuter,2024-11-04,False
C007578,Commuter,2024-11-04,False
C007579,Student,2024-11-04,False
C007580,Leisure,2024-11-04,False
C007581,Leisure,2024-11-04,False
C007582,Delivery,2024-11-04,False
C007583,Delivery,2024-11-04,False
C007584,Commuter,2024-11-05,False
C007585,Commuter,2024-11-05,False
C007586,Leisure,2024-11-05,False
C007587,Leisure,2024-11-05,False
C007588,Leisure,2024-11-05,False
C007589,Leisure,2024-11-05,False
C007590,Student,2024-11-06,False
C007591,Leisure,2024-11-06,False
C007592,Leisure,2024-11-06,False
C007593,Leisure,2024-11-06,False
C007594,Family,2024-11-06,False
C007595,Family,2024-11-06,False
C007596,Family,2024-11-06,False
C007597,Family,2024-11-06,False
C007598,Family,2024-11-06,False
C007599,Delivery,2024-11-06,False
C007600,Commuter,2024-11-07,False
C007601,Commuter,2024-11-07,False
C007602,Leisure,2024-11-07,False
C007603,Leisure,2024-11-07,False
C007604,Leisure,2024-11-07,False
C007605,Leisure,2024-11-07,False
C007606,Leisure,2024-11-07,False
C007607,Leisure,2024-11-07,False
C007608,Delivery,2024-11-07,False
C007609,Student,2024-11-08,False
C007610,Leisure,2024-11-08,False
C007611,Leisure,2024-11-08,False
C007612,Leisure,2024-11-08,False
C007613,Leisure,2024-11-08,False
C007614,Leisure,2024-11-08,False
C007615,Family,2024-11-08,False
C007616,Delivery,2024-11-08,False
C007617,Delivery,2024-11-08,False
C007618,Delivery,2024-11-08,False
C007619,Delivery,2024-11-08,False
C007620,Delivery,2024-11-08,False
C007621,Delivery,2024-11-08,False
C007622,Student,2024-11-09,False
C007623,Leisure,2024-11-09,False
C007624,Leisure,2024-11-09,False
C007625,Leisure,2024-11-09,False
C007626,Leisure,2024-11-09,False
C007627,Leisure,2024-11-09,False
C007628,Leisure,2024-11-09,False
C007629,Family,2024-11-09,False
C007630,Family,2024-11-09,False
C007631,Commuter,2024-11-10,False
C007632,Commuter,2024-11-10,False
C007633,Commuter,2024-11-10,False
C007634,Commuter,2024-11-10,False
C007635,Commuter,2024-11-10,False
C007636,Student,2024-11-10,False
C007637,Leisure,2024-11-10,False
C007638,Leisure,2024-11-10,False
C007639,Leisure,2024-11-10,False
C007640,Leisure,2024-11-10,False
C007641,Delivery,2024-11-10,False
C007642,Delivery,2024-11-10,False
C007643,Delivery,2024-11-10,False
C007644,Commuter,2024-11-11,False
C007645,Commuter,2024-11-11,False
C007646,Student,2024-11-11,False
C007647,Leisure,2024-11-11,False
C007648,Leisure,2024-11-11,False
C007649,Leisure,2024-11-11,False
C007650,Leisure,2024-11-11,False
C007651,Leisure,2024-11-11,False
C007652,Delivery,2024-11-11,False
C007653,Delivery,2024-11-11,False
C007654,Commuter,2024-11-12,False
C007655,Student,2024-11-12,False
C007656,Leisure,2024-11-12,False
C007657,Leisure,2024-11-12,False
C007658,Leisure,2024-11-12,False
C007659,Delivery,2024-11-12,False
C007660,Delivery,2024-11-12,False
C007661,Delivery,2024-11-12,False
C007662,Commuter,2024-11-13,False
C007663,Student,2024-11-13,False
C007664,Student,2024-11-13,False
C007665,Student,2024-11-13,False
C007666,Leisure,2024-11-13,False
C007667,Leisure,2024-11-13,False
C007668,Delivery,2024-11-13,False
C007669,Delivery,2024-11-13,False
C007670,Delivery,2024-11-13,False
C007671,Delivery,2024-11-13,False
C007672,Student,2024-11-14,False
C007673,Leisure,2024-11-14,False
C007674,Leisure,2024-11-14,False
C007675,Leisure,2024-11-14,False
C007676,Family,2024-11-14,False
C007677,Delivery,2024-11-14,False
C007678,Leisure,2024-11-15,False
C007679,Leisure,2024-11-15,False
C007680,Leisure,2024-11-15,False
C007681,Leisure,2024-11-15,False
C007682,Leisure,2024-11-15,False
C007683,Leisure,2024-11-15,False
C007684,Family,2024-11-15,False
C007685,Family,2024-11-15,False
C007686,Delivery,2024-11-15,False
C007687,Commuter,2024-11-16,False
C007688,Student,2024-11-16,False
C007689,Student,2024-11-16,False
C007690,Leisure,2024-11-16,False
C007691,Leisure,2024-11-16,False
C007692,Leisure,2024-11-16,False
C007693,Leisure,2024-11-16,False
C007694,Leisure,2024-11-16,False
C007695,Leisure,2024-11-16,False
C007696,Leisure,2024-11-16,False
C007697,Family,2024-11-16,False
C007698,Family,2024-11-16,False
C007699,Family,2024-11-16,False
C007700,Family,2024-11-16,False
C007701,Delivery,2024-11-16,False
C007702,Delivery,2024-11-16,False
C007703,Delivery,2024-11-16,False
C007704,Delivery,2024-11-16,False
C007705,Commuter,2024-11-17,False
C007706,Commuter,2024-11-17,False
C007707,Commuter,2024-11-17,False
C007708,Leisure,2024-11-17,False
C007709,Leisure,2024-11-17,False
C007710,Leisure,2024-11-17,False
C007711,Leisure,2024-11-17,False
C007712,Leisure,2024-11-17,False
C007713,Family,2024-11-17,False
C007714,Family,2024-11-17,False
C007715,Family,2024-11-17,False
C007716,Family,2024-11-17,False
C007717,Delivery,2024-11-17,False
C007718,Delivery,2024-11-17,False
C007719,Commuter,2024-11-18,False
C007720,Commuter,2024-11-18,False
C007721,Student,2024-11-18,False
C007722,Leisure,2024-11-18,False
C007723,Leisure,2024-11-18,False
C007724,Leisure,2024-11-18,False
C007725,Family,2024-11-18,False
C007726,Delivery,2024-11-18,False
C007727,Delivery,2024-11-18,False
C007728,Delivery,2024-11-18,False
C007729,Commuter,2024-11-19,False
C007730,Commuter,2024-11-19,False
C007731,Commuter,2024-11-19,False
C007732,Student,2024-11-19,False
C007733,Leisure,2024-11-19,False
C007734,Leisure,2024-11-19,False
C007735,Leisure,2024-11-19,False
C007736,Leisure,2024-11-19,False
C007737,Family,2024-11-19,False
C007738,Family,2024-11-19,False
C007739,Delivery,2024-11-19,False
C007740,Delivery,2024-11-19,False
C007741,Delivery,2024-11-19,False
C007742,Delivery,2024-11-19,False
C007743,Commuter,2024-11-20,False
C007744,Leisure,2024-11-20,False
C007745,Leisure,2024-11-20,False
C007746,Family,2024-11-20,False
C007747,Family,2024-11-20,False
C007748,Family,2024-11-20,False
C007749,Delivery,2024-11-20,False
C007750,Delivery,2024-11-20,False
C007751,Commuter,2024-11-21,False
C007752,Student,2024-11-21,False
C007753,Student,2024-11-21,False
C007754,Leisure,2024-11-21,False
C007755,Leisure,2024-11-21,False
C007756,Leisure,2024-11-21,False
C007757,Family,2024-11-21,False
C007758,Family,2024-11-21,False
C007759,Delivery,2024-11-21,False
C007760,Delivery,2024-11-21,False
C007761,Delivery,2024-11-21,False
C007762,Student,2024-11-22,False
C007763,Leisure,2024-11-22,False
C007764,Leisure,2024-11-22,False
C007765,Leisure,2024-11-22,False
C007766,Leisure,2024-11-22,False
C007767,Leisure,2024-11-22,False
C007768,Leisure,2024-11-22,False
C007769,Leisure,2024-11-22,False
C007770,Delivery,2024-11-22,False
C007771,Student,2024-11-23,False
C007772,Leisure,2024-11-23,False
C007773,Leisure,2024-11-23,False
C007774,Leisure,2024-11-23,False
C007775,Leisure,2024-11-23,False
C007776,Family,2024-11-23,False
C007777,Family,2024-11-23,False
C007778,Delivery,2024-11-23,False
C007779,Commuter,2024-11-24,False
C007780,Commuter,2024-11-24,False
C007781,Commuter,2024-11-24,False
C007782,Student,2024-11-24,False
C007783,Leisure,2024-11-24,False
C007784,Leisure,2024-11-24,False
C007785,Leisure,2024-11-24,False
C007786,Leisure,2024-11-24,False
C007787,Family,2024-11-24,False
C007788,Delivery,2024-11-24,False
C007789,Delivery,2024-11-24,False
C007790,Commuter,2024-11-25,False
C007791,Commuter,2024-11-25,False
C007792,Student,2024-11-25,False
C007793,Student,2024-11-25,False
C007794,Leisure,2024-11-25,False
C007795,Leisure,2024-11-25,False
C007796,Leisure,2024-11-25,False
C007797,Leisure,2024-11-25,False
C007798,Leisure,2024-11-25,False
C007799,Leisure,2024-11-25,False
C007800,Delivery,2024-11-25,False
C007801,Delivery,2024-11-25,False
C007802,Delivery,2024-11-25,False
C007803,Delivery,2024-11-25,False
C007804,Commuter,2024-11-26,False
C007805,Commuter,2024-11-26,False
C007806,Commuter,2024-11-26,False
C007807,Student,2024-11-26,False
C007808,Student,2024-11-26,False
C007809,Student,2024-11-26,False
C007810,Leisure,2024-11-26,False
C007811,Family,2024-11-26,False
C007812,Delivery,2024-11-26,False
C007813,Delivery,2024-11-26,False
C007814,Commuter,2024-11-27,False
C007815,Commuter,2024-11-27,False
C007816,Commuter,2024-11-27,False
C007817,Student,2024-11-27,False
C007818,Student,2024-11-27,False
C007819,Student,2024-11-27,False
C007820,Student,2024-11-27,False
C007821,Student,2024-11-27,False
C007822,Student,2024-11-27,False
C007823,Leisure,2024-11-27,False
C007824,Leisure,2024-11-27,False
C007825,Leisure,2024-11-27,False
C007826,Leisure,2024-11-27,False
C007827,Leisure,2024-11-27,False
C007828,Leisure,2024-11-27,False
C007829,Leisure,2024-11-27,False
C007830,Leisure,2024-11-27,False
C007831,Leisure,2024-11-27,False
C007832,Leisure,2024-11-27,False
C007833,Leisure,2024-11-27,False
C007834,Leisure,2024-11-27,False
C007835,Leisure,2024-11-27,False
C007836,Family,2024-11-27,False
C007837,Family,2024-11-27,False
C007838,Family,2024-11-27,False
C007839,Family,2024-11-27,False
C007840,Delivery,2024-11-27,False
C007841,Delivery,2024-11-27,False
C007842,Delivery,2024-11-27,False
C007843,Delivery,2024-11-27,False
C007844,Delivery,2024-11-27,False
C007845,Delivery,2024-11-27,False
C007846,Delivery,2024-11-27,False
C007847,Commuter,2024-11-28,False
C007848,Commuter,2024-11-28,False
C007849,Commuter,2024-11-28,False
C007850,Student,2024-11-28,False
C007851,Student,2024-11-28,False
C007852,Student,2024-11-28,False
C007853,Student,2024-11-28,False
C007854,Student,2024-11-28,False
C007855,Student,2024-11-28,False
C007856,Leisure,2024-11-28,False
C007857,Leisure,2024-11-28,False
C007858,Leisure,2024-11-28,False
C007859,Leisure,2024-11-28,False
C007860,Leisure,2024-11-28,False
C007861,Leisure,2024-11-28,False
C007862,Leisure,2024-11-28,False
C007863,Leisure,2024-11-28,False
C007864,Leisure,2024-11-28,False
C007865,Leisure,2024-11-28,False
C007866,Leisure,2024-11-28,False
C007867,Leisure,2024-11-28,False
C007868,Leisure,2024-11-28,False
C007869,Leisure,2024-11-28,False
C007870,Leisure,2024-11-28,False
C007871,Leisure,2024-11-28,False
C007872,Leisure,2024-11-28,False
C007873,Leisure,2024-11-28,False
C007874,Leisure,2024-11-28,False
C007875,Leisure,2024-11-28,False
C007876,Family,2024-11-28,False
C007877,Family,2024-11-28,False
C007878,Family,2024-11-28,False
C007879,Family,2024-11-28,False
C007880,Family,2024-11-28,False
C007881,Delivery,2024-11-28,False
C007882,Delivery,2024-11-28,False
C007883,Delivery,2024-11-28,False
C007884,Delivery,2024-11-28,False
C007885,Delivery,2024-11-28,False
C007886,Delivery,2024-11-28,False
C007887,Delivery,2024-11-28,False
C007888,Commuter,2024-11-29,False
C007889,Student,2024-11-29,False
C007890,Leisure,2024-11-29,False
C007891,Leisure,2024-11-29,False
C007892,Leisure,2024-11-29,False
C007893,Leisure,2024-11-29,False
C007894,Leisure,2024-11-29,False
C007895,Leisure,2024-11-29,False
C007896,Leisure,2024-11-29,False
C007897,Leisure,2024-11-29,False
C007898,Leisure,2024-11-29,False
C007899,Leisure,2024-11-29,False
C007900,Leisure,2024-11-29,False
C007901,Leisure,2024-11-29,False
C007902,Leisure,2024-11-29,False
C007903,Leisure,2024-11-29,False
C007904,Leisure,2024-11-29,False
C007905,Leisure,2024-11-29,False
C007906,Leisure,2024-11-29,False
C007907,Family,2024-11-29,False
C007908,Family,2024-11-29,False
C007909,Family,2024-11-29,False
C007910,Family,2024-11-29,False
C007911,Family,2024-11-29,False
C007912,Family,2024-11-29,False
C007913,Family,2024-11-29,False
C007914,Family,2024-11-29,False
C007915,Family,2024-11-29,False
C007916,Family,2024-11-29,False
C007917,Family,2024-11-29,False
C007918,Delivery,2024-11-29,False
C007919,Delivery,2024-11-29,False
C007920,Delivery,2024-11-29,False
C007921,Delivery,2024-11-29,False
C007922,Delivery,2024-11-29,False
C007923,Delivery,2024-11-29,False
C007924,Delivery,2024-11-29,False
C007925,Delivery,2024-11-29,False
C007926,Delivery,2024-11-29,False
C007927,Delivery,2024-11-29,False
C007928,Delivery,2024-11-29,False
C007929,Delivery,2024-11-29,False
C007930,Leisure,2024-11-30,False
C007931,Leisure,2024-11-30,False
C007932,Leisure,2024-11-30,False
C007933,Leisure,2024-11-30,False
C007934,Leisure,2024-11-30,False
C007935,Leisure,2024-11-30,False
C007936,Leisure,2024-11-30,False
C007937,Leisure,2024-11-30,False
C007938,Leisure,2024-11-30,False
C007939,Leisure,2024-11-30,False
C007940,Leisure,2024-11-30,False
C007941,Leisure,2024-11-30,False
C007942,Leisure,2024-11-30,False
C007943,Leisure,2024-11-30,False
C007944,Leisure,2024-11-30,False
C007945,Leisure,2024-11-30,False
C007946,Leisure,2024-11-30,False
C007947,Leisure,2024-11-30,False
C007948,Leisure,2024-11-30,False
C007949,Leisure,2024-11-30,False
C007950,Leisure,2024-11-30,False
C007951,Leisure,2024-11-30,False
C007952,Family,2024-11-30,False
C007953,Family,2024-11-30,False
C007954,Family,2024-11-30,False
C007955,Family,2024-11-30,False
C007956,Family,2024-11-30,False
C007957,Family,2024-11-30,False
C007958,Family,2024-11-30,False
C007959,Delivery,2024-11-30,False
C007960,Delivery,2024-11-30,False
C007961,Delivery,2024-11-30,False
C007962,Delivery,2024-11-30,False
C007963,Delivery,2024-11-30,False
C007964,Delivery,2024-11-30,False
C007965,Delivery,2024-11-30,False
C007966,Delivery,2024-11-30,False
C007967,Commuter,2024-12-01,False
C007968,Commuter,2024-12-01,False
C007969,Commuter,2024-12-01,False
C007970,Commuter,2024-12-01,False
C007971,Commuter,2024-12-01,False
C007972,Commuter,2024-12-01,False
C007973,Student,2024-12-01,False
C007974,Student,2024-12-01,False
C007975,Student,2024-12-01,False
C007976,Student,2024-12-01,False
C007977,Student,2024-12-01,False
C007978,Student,2024-12-01,False
C007979,Student,2024-12-01,False
C007980,Student,2024-12-01,False
C007981,Leisure,2024-12-01,False
C007982,Leisure,2024-12-01,False
C007983,Leisure,2024-12-01,False
C007984,Leisure,2024-12-01,False
C007985,Leisure,2024-12-01,False
C007986,Leisure,2024-12-01,False
C007987,Leisure,2024-12-01,False
C007988,Leisure,2024-12-01,False
C007989,Leisure,2024-12-01,False
C007990,Leisure,2024-12-01,False
C007991,Leisure,2024-12-01,False
C007992,Leisure,2024-12-01,False
C007993,Leisure,2024-12-01,False
C007994,Leisure,2024-12-01,False
C007995,Leisure,2024-12-01,False
C007996,Leisure,2024-12-01,False
C007997,Leisure,2024-12-01,False
C007998,Leisure,2024-12-01,False
C007999,Leisure,2024-12-01,False
C008000,Family,2024-12-01,False
C008001,Family,2024-12-01,False
C008002,Delivery,2024-12-01,False
C008003,Delivery,2024-12-01,False
C008004,Delivery,2024-12-01,False
C008005,Delivery,2024-12-01,False
C008006,Delivery,2024-12-01,False
C008007,Delivery,2024-12-01,False
C008008,Delivery,2024-12-01,False
C008009,Delivery,2024-12-01,False
C008010,Delivery,2024-12-01,False
C008011,Commuter,2024-12-02,False
C008012,Commuter,2024-12-02,False
C008013,Commuter,2024-12-02,False
C008014,Commuter,2024-12-02,False
C008015,Commuter,2024-12-02,False
C008016,Student,2024-12-02,False
C008017,Student,2024-12-02,False
C008018,Student,2024-12-02,False
C008019,Student,2024-12-02,False
C008020,Student,2024-12-02,False
C008021,Leisure,2024-12-02,False
C008022,Leisure,2024-12-02,False
C008023,Leisure,2024-12-02,False
C008024,Leisure,2024-12-02,False
C008025,Leisure,2024-12-02,False
C008026,Leisure,2024-12-02,False
C008027,Leisure,2024-12-02,False
C008028,Leisure,2024-12-02,False
C008029,Leisure,2024-12-02,False
C008030,Leisure,2024-12-02,False
C008031,Leisure,2024-12-02,False
C008032,Leisure,2024-12-02,False
C008033,Leisure,2024-12-02,False
C008034,Family,2024-12-02,False
C008035,Family,2024-12-02,False
C008036,Family,2024-12-02,False
C008037,Family,2024-12-02,False
C008038,Family,2024-12-02,False
C008039,Delivery,2024-12-02,False
C008040,Delivery,2024-12-02,False
C008041,Delivery,2024-12-02,False
C008042,Delivery,2024-12-02,False
C008043,Delivery,2024-12-02,False
C008044,Delivery,2024-12-02,False
C008045,Leisure,2024-12-03,False
C008046,Leisure,2024-12-03,False
C008047,Leisure,2024-12-03,False
C008048,Leisure,2024-12-03,False
C008049,Leisure,2024-12-03,False
C008050,Delivery,2024-12-03,False
C008051,Delivery,2024-12-03,False
C008052,Delivery,2024-12-03,False
C008053,Delivery,2024-12-03,False
C008054,Commuter,2024-12-04,False
C008055,Commuter,2024-12-04,False
C008056,Commuter,2024-12-04,False
C008057,Leisure,2024-12-04,False
C008058,Leisure,2024-12-04,False
C008059,Leisure,2024-12-04,False
C008060,Leisure,2024-12-04,False
C008061,Leisure,2024-12-04,False
C008062,Leisure,2024-12-04,False
C008063,Leisure,2024-12-04,False
C008064,Family,2024-12-04,False
C008065,Commuter,2024-12-05,False
C008066,Commuter,2024-12-05,False
C008067,Commuter,2024-12-05,False
C008068,Commuter,2024-12-05,False
C008069,Commuter,2024-12-05,False
C008070,Student,2024-12-05,False
C008071,Leisure,2024-12-05,False
C008072,Leisure,2024-12-05,False
C008073,Leisure,2024-12-05,False
C008074,Family,2024-12-05,False
C008075,Family,2024-12-05,False
C008076,Family,2024-12-05,False
C008077,Family,2024-12-05,False
C008078,Delivery,2024-12-05,False
C008079,Commuter,2024-12-06,False
C008080,Leisure,2024-12-06,False
C008081,Leisure,2024-12-06,False
C008082,Leisure,2024-12-06,False
C008083,Leisure,2024-12-06,False
C008084,Leisure,2024-12-06,False
C008085,Leisure,2024-12-06,False
C008086,Leisure,2024-12-06,False
C008087,Leisure,2024-12-06,False
C008088,Leisure,2024-12-06,False
C008089,Family,2024-12-06,False
C008090,Delivery,2024-12-06,False
C008091,Commuter,2024-12-07,False
C008092,Leisure,2024-12-07,False
C008093,Leisure,2024-12-07,False
C008094,Leisure,2024-12-07,False
C008095,Leisure,2024-12-07,False
C008096,Leisure,2024-12-07,False
C008097,Family,2024-12-07,False
C008098,Delivery,2024-12-07,False
C008099,Delivery,2024-12-07,False
C008100,Delivery,2024-12-07,False
C008101,Delivery,2024-12-07,False
C008102,Commuter,2024-12-08,False
C008103,Commuter,2024-12-08,False
C008104,Student,2024-12-08,False
C008105,Leisure,2024-12-08,False
C008106,Leisure,2024-12-08,False
C008107,Delivery,2024-12-08,False
C008108,Delivery,2024-12-08,False
C008109,Delivery,2024-12-08,False
C008110,Commuter,2024-12-09,False
C008111,Commuter,2024-12-09,False
C008112,Commuter,2024-12-09,False
C008113,Student,2024-12-09,False
C008114,Leisure,2024-12-09,False
C008115,Leisure,2024-12-09,False
C008116,Leisure,2024-12-09,False
C008117,Leisure,2024-12-09,False
C008118,Family,2024-12-09,False
C008119,Family,2024-12-09,False
C008120,Delivery,2024-12-09,False
C008121,Commuter,2024-12-10,False
C008122,Leisure,2024-12-10,False
C008123,Leisure,2024-12-10,False
C008124,Leisure,2024-12-10,False
C008125,Leisure,2024-12-10,False
C008126,Leisure,2024-12-10,False
C008127,Leisure,2024-12-10,False
C008128,Leisure,2024-12-10,False
C008129,Leisure,2024-12-10,False
C008130,Leisure,2024-12-10,False
C008131,Leisure,2024-12-10,False
C008132,Leisure,2024-12-10,False
C008133,Family,2024-12-10,False
C008134,Delivery,2024-12-10,False
C008135,Student,2024-12-11,False
C008136,Leisure,2024-12-11,False
C008137,Leisure,2024-12-11,False
C008138,Leisure,2024-12-11,False
C008139,Leisure,2024-12-11,False
C008140,Leisure,2024-12-11,False
C008141,Leisure,2024-12-11,False
C008142,Leisure,2024-12-11,False
C008143,Leisure,2024-12-11,False
C008144,Family,2024-12-11,False
C008145,Delivery,2024-12-11,False
C008146,Commuter,2024-12-12,False
C008147,Student,2024-12-12,False
C008148,Leisure,2024-12-12,False
C008149,Leisure,2024-12-12,False
C008150,Leisure,2024-12-12,False
C008151,Leisure,2024-12-12,False
C008152,Leisure,2024-12-12,False
C008153,Leisure,2024-12-12,False
C008154,Leisure,2024-12-12,False
C008155,Leisure,2024-12-12,False
C008156,Leisure,2024-12-12,False
C008157,Leisure,2024-12-12,False
C008158,Family,2024-12-12,False
C008159,Delivery,2024-12-12,False
C008160,Delivery,2024-12-12,False
C008161,Delivery,2024-12-12,False
C008162,Commuter,2024-12-13,False
C008163,Commuter,2024-12-13,False
C008164,Leisure,2024-12-13,False
C008165,Leisure,2024-12-13,False
C008166,Leisure,2024-12-13,False
C008167,Family,2024-12-13,False
C008168,Family,2024-12-13,False
C008169,Family,2024-12-13,False
C008170,Family,2024-12-13,False
C008171,Commuter,2024-12-14,False
C008172,Commuter,2024-12-14,False
C008173,Leisure,2024-12-14,False
C008174,Leisure,2024-12-14,False
C008175,Leisure,2024-12-14,False
C008176,Leisure,2024-12-14,False
C008177,Family,2024-12-14,False
C008178,Family,2024-12-14,False
C008179,Family,2024-12-14,False
C008180,Delivery,2024-12-14,False
C008181,Delivery,2024-12-14,False
C008182,Delivery,2024-12-14,False
C008183,Commuter,2024-12-15,False
C008184,Commuter,2024-12-15,False
C008185,Leisure,2024-12-15,False
C008186,Leisure,2024-12-15,False
C008187,Delivery,2024-12-15,False
C008188,Delivery,2024-12-15,False
C008189,Delivery,2024-12-15,False
C008190,Delivery,2024-12-15,False
C008191,Delivery,2024-12-15,False
C008192,Student,2024-12-16,False
C008193,Student,2024-12-16,False
C008194,Student,2024-12-16,False
C008195,Leisure,2024-12-16,False
C008196,Family,2024-12-16,False
C008197,Delivery,2024-12-16,False
C008198,Delivery,2024-12-16,False
C008199,Commuter,2024-12-17,False
C008200,Commuter,2024-12-17,False
C008201,Commuter,2024-12-17,False
C008202,Commuter,2024-12-17,False
C008203,Student,2024-12-17,False
C008204,Student,2024-12-17,False
C008205,Leisure,2024-12-17,False
C008206,Leisure,2024-12-17,False
C008207,Leisure,2024-12-17,False
C008208,Leisure,2024-12-17,False
C008209,Leisure,2024-12-17,False
C008210,Family,2024-12-17,False
C008211,Family,2024-12-17,False
C008212,Delivery,2024-12-17,False
C008213,Delivery,2024-12-17,False
C008214,Delivery,2024-12-17,False
C008215,Commuter,2024-12-18,False
C008216,Commuter,2024-12-18,False
C008217,Commuter,2024-12-18,False
C008218,Student,2024-12-18,False
C008219,Student,2024-12-18,False
C008220,Leisure,2024-12-18,False
C008221,Leisure,2024-12-18,False
C008222,Leisure,2024-12-18,False
C008223,Family,2024-12-18,False
C008224,Family,2024-12-18,False
C008225,Student,2024-12-19,False
C008226,Student,2024-12-19,False
C008227,Leisure,2024-12-19,False
C008228,Leisure,2024-12-19,False
C008229,Leisure,2024-12-19,False
C008230,Leisure,2024-12-19,False
C008231,Leisure,2024-12-19,False
C008232,Leisure,2024-12-19,False
C008233,Leisure,2024-12-19,False
C008234,Leisure,2024-12-19,False
C008235,Leisure,2024-12-19,False
C008236,Leisure,2024-12-19,False
C008237,Family,2024-12-19,False
C008238,Family,2024-12-19,False
C008239,Family,2024-12-19,False
C008240,Delivery,2024-12-19,False
C008241,Delivery,2024-12-19,False
C008242,Student,2024-12-20,False
C008243,Leisure,2024-12-20,False
C008244,Leisure,2024-12-20,False
C008245,Leisure,2024-12-20,False
C008246,Leisure,2024-12-20,False
C008247,Leisure,2024-12-20,False
C008248,Leisure,2024-12-20,False
C008249,Leisure,2024-12-20,False
C008250,Leisure,2024-12-20,False
C008251,Leisure,2024-12-20,False
C008252,Family,2024-12-20,False
C008253,Family,2024-12-20,False
C008254,Family,2024-12-20,False
C008255,Family,2024-12-20,False
C008256,Delivery,2024-12-20,False
C008257,Student,2024-12-21,False
C008258,Student,2024-12-21,False
C008259,Leisure,2024-12-21,False
C008260,Leisure,2024-12-21,False
C008261,Leisure,2024-12-21,False
C008262,Leisure,2024-12-21,False
C008263,Leisure,2024-12-21,False
C008264,Family,2024-12-21,False
C008265,Family,2024-12-21,False
C008266,Family,2024-12-21,False
C008267,Family,2024-12-21,False
C008268,Delivery,2024-12-21,False
C008269,Delivery,2024-12-21,False
C008270,Delivery,2024-12-21,False
C008271,Delivery,2024-12-21,False
C008272,Delivery,2024-12-21,False
C008273,Commuter,2024-12-22,False
C008274,Student,2024-12-22,False
C008275,Leisure,2024-12-22,False
C008276,Leisure,2024-12-22,False
C008277,Leisure,2024-12-22,False
C008278,Family,2024-12-22,False
C008279,Delivery,2024-12-22,False
C008280,Delivery,2024-12-22,False
C008281,Commuter,2024-12-23,False
C008282,Student,2024-12-23,False
C008283,Leisure,2024-12-23,False
C008284,Leisure,2024-12-23,False
C008285,Family,2024-12-23,False
C008286,Family,2024-12-23,False
C008287,Family,2024-12-23,False
C008288,Delivery,2024-12-23,False
C008289,Commuter,2024-12-24,False
C008290,Commuter,2024-12-24,False
C008291,Leisure,2024-12-24,False
C008292,Leisure,2024-12-24,False
C008293,Leisure,2024-12-24,False
C008294,Delivery,2024-12-24,False
C008295,Family,2024-12-25,False
C008296,Delivery,2024-12-25,False
C008297,Delivery,2024-12-25,False
C008298,Commuter,2024-12-26,False
C008299,Commuter,2024-12-26,False
C008300,Student,2024-12-26,False
C008301,Leisure,2024-12-26,False
C008302,Leisure,2024-12-26,False
C008303,Leisure,2024-12-26,False
C008304,Leisure,2024-12-26,False
C008305,Leisure,2024-12-26,False
C008306,Leisure,2024-12-26,False
C008307,Family,2024-12-26,False
C008308,Family,2024-12-26,False
C008309,Family,2024-12-26,False
C008310,Family,2024-12-26,False
C008311,Delivery,2024-12-26,False
C008312,Delivery,2024-12-26,False
C008313,Delivery,2024-12-26,False
C008314,Student,2024-12-27,False
C008315,Leisure,2024-12-27,False
C008316,Leisure,2024-12-27,False
C008317,Leisure,2024-12-27,False
C008318,Leisure,2024-12-27,False
C008319,Leisure,2024-12-27,False
C008320,Leisure,2024-12-27,False
C008321,Leisure,2024-12-27,False
C008322,Family,2024-12-27,False
C008323,Delivery,2024-12-27,False
C008324,Delivery,2024-12-27,False
C008325,Delivery,2024-12-27,False
C008326,Delivery,2024-12-27,False
C008327,Student,2024-12-28,False
C008328,Leisure,2024-12-28,False
C008329,Leisure,2024-12-28,False
C008330,Leisure,2024-12-28,False
C008331,Family,2024-12-28,False
C008332,Family,2024-12-28,False
C008333,Delivery,2024-12-28,False
C008334,Delivery,2024-12-28,False
C008335,Delivery,2024-12-28,False
C008336,Commuter,2024-12-29,False
C008337,Commuter,2024-12-29,False
C008338,Commuter,2024-12-29,False
C008339,Student,2024-12-29,False
C008340,Leisure,2024-12-29,False
C008341,Leisure,2024-12-29,False
C008342,Leisure,2024-12-29,False
C008343,Family,2024-12-29,False
C008344,Delivery,2024-12-29,False
C008345,Delivery,2024-12-29,False
C008346,Student,2024-12-30,False
C008347,Leisure,2024-12-30,False
C008348,Leisure,2024-12-30,False
C008349,Leisure,2024-12-30,False
C008350,Family,2024-12-30,False
C008351,Family,2024-12-30,False
C008352,Delivery,2024-12-30,False
C008353,Delivery,2024-12-30,False
C008354,Delivery,2024-12-30,False
C008355,Delivery,2024-12-30,False
C008356,Commuter,2024-12-31,False
C008357,Commuter,2024-12-31,False
C008358,Student,2024-12-31,False
C008359,Student,2024-12-31,False
C008360,Leisure,2024-12-31,False
C008361,Leisure,2024-12-31,False
C008362,Leisure,2024-12-31,False
C008363,Leisure,2024-12-31,False
C008364,Leisure,2024-12-31,False
C008365,Leisure,2024-12-31,False
C008366,Delivery,2024-12-31,False
C008367,Delivery,2024-12-31,False
C008368,Commuter,2025-01-01,False
C008369,Commuter,2025-01-01,False
C008370,Student,2025-01-01,False
C008371,Student,2025-01-01,False
C008372,Leisure,2025-01-01,False
C008373,Leisure,2025-01-01,False
C008374,Family,2025-01-01,False
C008375,Family,2025-01-01,False
C008376,Family,2025-01-01,False
C008377,Delivery,2025-01-01,False
C008378,Delivery,2025-01-01,False
C008379,Student,2025-01-02,False
C008380,Leisure,2025-01-02,False
C008381,Leisure,2025-01-02,False
C008382,Leisure,2025-01-02,False
C008383,Leisure,2025-01-02,False
C008384,Leisure,2025-01-02,False
C008385,Leisure,2025-01-02,False
C008386,Leisure,2025-01-02,False
C008387,Leisure,2025-01-02,False
C008388,Family,2025-01-02,False
C008389,Family,2025-01-02,False
C008390,Family,2025-01-02,False
C008391,Family,2025-01-02,False
C008392,Leisure,2025-01-03,False
C008393,Leisure,2025-01-03,False
C008394,Leisure,2025-01-03,False
C008395,Leisure,2025-01-03,False
C008396,Leisure,2025-01-03,False
C008397,Leisure,2025-01-03,False
C008398,Leisure,2025-01-03,False
C008399,Leisure,2025-01-03,False
C008400,Leisure,2025-01-03,False
C008401,Family,2025-01-03,False
C008402,Family,2025-01-03,False
C008403,Family,2025-01-03,False
C008404,Family,2025-01-03,False
C008405,Delivery,2025-01-03,False
C008406,Delivery,2025-01-03,False
C008407,Delivery,2025-01-03,False
C008408,Delivery,2025-01-03,False
C008409,Student,2025-01-04,False
C008410,Leisure,2025-01-04,False
C008411,Leisure,2025-01-04,False
C008412,Leisure,2025-01-04,False
C008413,Leisure,2025-01-04,False
C008414,Leisure,2025-01-04,False
C008415,Leisure,2025-01-04,False
C008416,Family,2025-01-04,False
C008417,Delivery,2025-01-04,False
C008418,Delivery,2025-01-04,False
C008419,Delivery,2025-01-04,False
C008420,Delivery,2025-01-04,False
C008421,Student,2025-01-05,False
C008422,Leisure,2025-01-05,False
C008423,Leisure,2025-01-05,False
C008424,Leisure,2025-01-05,False
C008425,Leisure,2025-01-05,False
C008426,Leisure,2025-01-05,False
C008427,Leisure,2025-01-05,False
C008428,Family,2025-01-05,False
C008429,Commuter,2025-01-06,False
C008430,Commuter,2025-01-06,False
C008431,Commuter,2025-01-06,False
C008432,Commuter,2025-01-06,False
C008433,Commuter,2025-01-06,False
C008434,Student,2025-01-06,False
C008435,Leisure,2025-01-06,False
C008436,Leisure,2025-01-06,False
C008437,Leisure,2025-01-06,False
C008438,Delivery,2025-01-06,False
C008439,Delivery,2025-01-06,False
C008440,Commuter,2025-01-07,False
C008441,Commuter,2025-01-07,False
C008442,Student,2025-01-07,False
C008443,Family,2025-01-07,False
C008444,Delivery,2025-01-07,False
C008445,Delivery,2025-01-07,False
C008446,Delivery,2025-01-07,False
C008447,Delivery,2025-01-07,False
C008448,Student,2025-01-08,False
C008449,Leisure,2025-01-08,False
C008450,Leisure,2025-01-08,False
C008451,Leisure,2025-01-08,False
C008452,Family,2025-01-08,False
C008453,Family,2025-01-08,False
C008454,Delivery,2025-01-08,False
C008455,Student,2025-01-09,False
C008456,Student,2025-01-09,False
C008457,Leisure,2025-01-09,False
C008458,Leisure,2025-01-09,False
C008459,Leisure,2025-01-09,False
C008460,Leisure,2025-01-09,False
C008461,Leisure,2025-01-09,False
C008462,Leisure,2025-01-09,False
C008463,Leisure,2025-01-09,False
C008464,Leisure,2025-01-09,False
C008465,Family,2025-01-09,False
C008466,Family,2025-01-09,False
C008467,Family,2025-01-09,False
C008468,Delivery,2025-01-09,False
C008469,Commuter,2025-01-10,False
C008470,Commuter,2025-01-10,False
C008471,Student,2025-01-10,False
C008472,Leisure,2025-01-10,False
C008473,Leisure,2025-01-10,False
C008474,Leisure,2025-01-10,False
C008475,Leisure,2025-01-10,False
C008476,Leisure,2025-01-10,False
C008477,Leisure,2025-01-10,False
C008478,Family,2025-01-10,False
C008479,Family,2025-01-10,False
C008480,Delivery,2025-01-10,False
C008481,Delivery,2025-01-10,False
C008482,Delivery,2025-01-10,False
C008483,Delivery,2025-01-10,False
C008484,Delivery,2025-01-10,False
C008485,Delivery,2025-01-10,False
C008486,Student,2025-01-11,False
C008487,Leisure,2025-01-11,False
C008488,Leisure,2025-01-11,False
C008489,Leisure,2025-01-11,False
C008490,Leisure,2025-01-11,False
C008491,Leisure,2025-01-11,False
C008492,Leisure,2025-01-11,False
C008493,Leisure,2025-01-11,False
C008494,Family,2025-01-11,False
C008495,Family,2025-01-11,False
C008496,Family,2025-01-11,False
C008497,Family,2025-01-11,False
C008498,Family,2025-01-11,False
C008499,Delivery,2025-01-11,False
C008500,Delivery,2025-01-11,False
C008501,Commuter,2025-01-12,False
C008502,Commuter,2025-01-12,False
C008503,Commuter,2025-01-12,False
C008504,Student,2025-01-12,False
C008505,Leisure,2025-01-12,False
C008506,Leisure,2025-01-12,False
C008507,Leisure,2025-01-12,False
C008508,Leisure,2025-01-12,False
C008509,Leisure,2025-01-12,False
C008510,Leisure,2025-01-12,False
C008511,Family,2025-01-12,False
C008512,Delivery,2025-01-12,False
C008513,Delivery,2025-01-12,False
C008514,Commuter,2025-01-13,False
C008515,Student,2025-01-13,False
C008516,Student,2025-01-13,False
C008517,Leisure,2025-01-13,False
C008518,Leisure,2025-01-13,False
C008519,Leisure,2025-01-13,False
C008520,Leisure,2025-01-13,False
C008521,Leisure,2025-01-13,False
C008522,Leisure,2025-01-13,False
C008523,Leisure,2025-01-13,False
C008524,Leisure,2025-01-13,False
C008525,Family,2025-01-13,False
C008526,Family,2025-01-13,False
C008527,Delivery,2025-01-13,False
C008528,Delivery,2025-01-13,False
C008529,Delivery,2025-01-13,False
C008530,Commuter,2025-01-14,False
C008531,Leisure,2025-01-14,False
C008532,Leisure,2025-01-14,False
C008533,Leisure,2025-01-14,False
C008534,Leisure,2025-01-14,False
C008535,Leisure,2025-01-14,False
C008536,Leisure,2025-01-14,False
C008537,Leisure,2025-01-14,False
C008538,Leisure,2025-01-14,False
C008539,Family,2025-01-14,False
C008540,Commuter,2025-01-15,False
C008541,Leisure,2025-01-15,False
C008542,Leisure,2025-01-15,False
C008543,Leisure,2025-01-15,False
C008544,Leisure,2025-01-15,False
C008545,Family,2025-01-15,False
C008546,Delivery,2025-01-15,False
C008547,Commuter,2025-01-16,False
C008548,Leisure,2025-01-16,False
C008549,Leisure,2025-01-16,False
C008550,Leisure,2025-01-16,False
C008551,Leisure,2025-01-16,False
C008552,Leisure,2025-01-16,False
C008553,Leisure,2025-01-16,False
C008554,Leisure,2025-01-16,False
C008555,Leisure,2025-01-16,False
C008556,Leisure,2025-01-16,False
C008557,Leisure,2025-01-16,False
C008558,Leisure,2025-01-16,False
C008559,Delivery,2025-01-16,False
C008560,Delivery,2025-01-16,False
C008561,Delivery,2025-01-16,False
C008562,Leisure,2025-01-17,False
C008563,Leisure,2025-01-17,False
C008564,Leisure,2025-01-17,False
C008565,Leisure,2025-01-17,False
C008566,Leisure,2025-01-17,False
C008567,Leisure,2025-01-17,False
C008568,Leisure,2025-01-17,False
C008569,Family,2025-01-17,False
C008570,Family,2025-01-17,False
C008571,Delivery,2025-01-17,False
C008572,Delivery,2025-01-17,False
C008573,Delivery,2025-01-17,False
C008574,Delivery,2025-01-17,False
C008575,Student,2025-01-18,False
C008576,Leisure,2025-01-18,False
C008577,Leisure,2025-01-18,False
C008578,Leisure,2025-01-18,False
C008579,Leisure,2025-01-18,False
C008580,Family,2025-01-18,False
C008581,Family,2025-01-18,False
C008582,Family,2025-01-18,False
C008583,Family,2025-01-18,False
C008584,Family,2025-01-18,False
C008585,Delivery,2025-01-18,False
C008586,Delivery,2025-01-18,False
C008587,Commuter,2025-01-19,False
C008588,Commuter,2025-01-19,False
C008589,Commuter,2025-01-19,False
C008590,Student,2025-01-19,False
C008591,Student,2025-01-19,False
C008592,Leisure,2025-01-19,False
C008593,Family,2025-01-19,False
C008594,Family,2025-01-19,False
C008595,Commuter,2025-01-20,False
C008596,Commuter,2025-01-20,False
C008597,Student,2025-01-20,False
C008598,Student,2025-01-20,False
C008599,Student,2025-01-20,False
C008600,Student,2025-01-20,False
C008601,Leisure,2025-01-20,False
C008602,Leisure,2025-01-20,False
C008603,Leisure,2025-01-20,False
C008604,Leisure,2025-01-20,False
C008605,Leisure,2025-01-20,False
C008606,Delivery,2025-01-20,False
C008607,Delivery,2025-01-20,False
C008608,Commuter,2025-01-21,False
C008609,Student,2025-01-21,False
C008610,Student,2025-01-21,False
C008611,Student,2025-01-21,False
C008612,Student,2025-01-21,False
C008613,Leisure,2025-01-21,False
C008614,Leisure,2025-01-21,False
C008615,Leisure,2025-01-21,False
C008616,Student,2025-01-22,False
C008617,Leisure,2025-01-22,False
C008618,Leisure,2025-01-22,False
C008619,Delivery,2025-01-22,False
C008620,Student,2025-01-23,False
C008621,Student,2025-01-23,False
C008622,Leisure,2025-01-23,False
C008623,Leisure,2025-01-23,False
C008624,Leisure,2025-01-23,False
C008625,Leisure,2025-01-23,False
C008626,Leisure,2025-01-23,False
C008627,Leisure,2025-01-23,False
C008628,Leisure,2025-01-23,False
C008629,Family,2025-01-23,False
C008630,Family,2025-01-23,False
C008631,Delivery,2025-01-23,False
C008632,Leisure,2025-01-24,False
C008633,Leisure,2025-01-24,False
C008634,Leisure,2025-01-24,False
C008635,Leisure,2025-01-24,False
C008636,Leisure,2025-01-24,False
C008637,Family,2025-01-24,False
C008638,Delivery,2025-01-24,False
C008639,Delivery,2025-01-24,False
C008640,Delivery,2025-01-24,False
C008641,Leisure,2025-01-25,False
C008642,Leisure,2025-01-25,False
C008643,Leisure,2025-01-25,False
C008644,Family,2025-01-25,False
C008645,Delivery,2025-01-25,False
C008646,Delivery,2025-01-25,False
C008647,Commuter,2025-01-26,False
C008648,Commuter,2025-01-26,False
C008649,Commuter,2025-01-26,False
C008650,Leisure,2025-01-26,False
C008651,Leisure,2025-01-26,False
C008652,Leisure,2025-01-26,False
C008653,Leisure,2025-01-26,False
C008654,Family,2025-01-26,False
C008655,Delivery,2025-01-26,False
C008656,Commuter,2025-01-27,False
C008657,Commuter,2025-01-27,False
C008658,Commuter,2025-01-27,False
C008659,Leisure,2025-01-27,False
C008660,Leisure,2025-01-27,False
C008661,Leisure,2025-01-27,False
C008662,Leisure,2025-01-27,False
C008663,Family,2025-01-27,False
C008664,Commuter,2025-01-28,False
C008665,Commuter,2025-01-28,False
C008666,Leisure,2025-01-28,False
C008667,Leisure,2025-01-28,False
C008668,Leisure,2025-01-28,False
C008669,Leisure,2025-01-28,False
C008670,Leisure,2025-01-28,False
C008671,Leisure,2025-01-28,False
C008672,Leisure,2025-01-28,False
C008673,Family,2025-01-28,False
C008674,Family,2025-01-28,False
C008675,Family,2025-01-28,False
C008676,Delivery,2025-01-28,False
C008677,Delivery,2025-01-28,False
C008678,Delivery,2025-01-28,False
C008679,Delivery,2025-01-28,False
C008680,Delivery,2025-01-28,False
C008681,Delivery,2025-01-28,False
C008682,Commuter,2025-01-29,False
C008683,Commuter,2025-01-29,False
C008684,Student,2025-01-29,False
C008685,Student,2025-01-29,False
C008686,Leisure,2025-01-29,False
C008687,Leisure,2025-01-29,False
C008688,Leisure,2025-01-29,False
C008689,Leisure,2025-01-29,False
C008690,Delivery,2025-01-29,False
C008691,Delivery,2025-01-29,False
C008692,Delivery,2025-01-29,False
C008693,Commuter,2025-01-30,False
C008694,Student,2025-01-30,False
C008695,Leisure,2025-01-30,False
C008696,Leisure,2025-01-30,False
C008697,Leisure,2025-01-30,False
C008698,Leisure,2025-01-30,False
C008699,Leisure,2025-01-30,False
C008700,Leisure,2025-01-30,False
C008701,Leisure,2025-01-30,False
C008702,Leisure,2025-01-30,False
C008703,Leisure,2025-01-30,False
C008704,Delivery,2025-01-30,False
C008705,Leisure,2025-01-31,False
C008706,Leisure,2025-01-31,False
C008707,Leisure,2025-01-31,False
C008708,Leisure,2025-01-31,False
C008709,Family,2025-01-31,False
C008710,Family,2025-01-31,False
C008711,Family,2025-01-31,False
C008712,Family,2025-01-31,False
C008713,Family,2025-01-31,False
C008714,Family,2025-01-31,False
C008715,Delivery,2025-01-31,False
C008716,Delivery,2025-01-31,False
C008717,Delivery,2025-01-31,False
C008718,Commuter,2025-02-01,False
C008719,Leisure,2025-02-01,False
C008720,Leisure,2025-02-01,False
C008721,Leisure,2025-02-01,False
C008722,Leisure,2025-02-01,False
C008723,Leisure,2025-02-01,False
C008724,Leisure,2025-02-01,False
C008725,Leisure,2025-02-01,False
C008726,Family,2025-02-01,False
C008727,Delivery,2025-02-01,False
C008728,Delivery,2025-02-01,False
C008729,Commuter,2025-02-02,False
C008730,Commuter,2025-02-02,False
C008731,Student,2025-02-02,False
C008732,Student,2025-02-02,False
C008733,Student,2025-02-02,False
C008734,Student,2025-02-02,False
C008735,Leisure,2025-02-02,False
C008736,Leisure,2025-02-02,False
C008737,Family,2025-02-02,False
C008738,Family,2025-02-02,False
C008739,Delivery,2025-02-02,False
C008740,Delivery,2025-02-02,False
C008741,Delivery,2025-02-02,False
C008742,Student,2025-02-03,False
C008743,Student,2025-02-03,False
C008744,Leisure,2025-02-03,False
C008745,Leisure,2025-02-03,False
C008746,Leisure,2025-02-03,False
C008747,Leisure,2025-02-03,False
C008748,Leisure,2025-02-03,False
C008749,Leisure,2025-02-03,False
C008750,Leisure,2025-02-03,False
C008751,Family,2025-02-03,False
C008752,Delivery,2025-02-03,False
C008753,Commuter,2025-02-04,False
C008754,Student,2025-02-04,False
C008755,Student,2025-02-04,False
C008756,Leisure,2025-02-04,False
C008757,Leisure,2025-02-04,False
C008758,Leisure,2025-02-04,False
C008759,Commuter,2025-02-05,False
C008760,Commuter,2025-02-05,False
C008761,Student,2025-02-05,False
C008762,Leisure,2025-02-05,False
C008763,Leisure,2025-02-05,False
C008764,Leisure,2025-02-05,False
C008765,Leisure,2025-02-05,False
C008766,Leisure,2025-02-05,False
C008767,Leisure,2025-02-05,False
C008768,Leisure,2025-02-05,False
C008769,Leisure,2025-02-05,False
C008770,Leisure,2025-02-05,False
C008771,Leisure,2025-02-05,False
C008772,Leisure,2025-02-05,False
C008773,Leisure,2025-02-05,False
C008774,Delivery,2025-02-05,False
C008775,Delivery,2025-02-05,False
C008776,Delivery,2025-02-05,False
C008777,Delivery,2025-02-05,False
C008778,Delivery,2025-02-05,False
C008779,Commuter,2025-02-06,False
C008780,Leisure,2025-02-06,False
C008781,Leisure,2025-02-06,False
C008782,Leisure,2025-02-06,False
C008783,Leisure,2025-02-06,False
C008784,Family,2025-02-06,False
C008785,Family,2025-02-06,False
C008786,Commuter,2025-02-07,False
C008787,Commuter,2025-02-07,False
C008788,Commuter,2025-02-07,False
C008789,Student,2025-02-07,False
C008790,Leisure,2025-02-07,False
C008791,Leisure,2025-02-07,False
C008792,Leisure,2025-02-07,False
C008793,Leisure,2025-02-07,False
C008794,Family,2025-02-07,False
C008795,Family,2025-02-07,False
C008796,Family,2025-02-07,False
C008797,Delivery,2025-02-07,False
C008798,Delivery,2025-02-07,False
C008799,Commuter,2025-02-08,False
C008800,Commuter,2025-02-08,False
C008801,Leisure,2025-02-08,False
C008802,Leisure,2025-02-08,False
C008803,Family,2025-02-08,False
C008804,Family,2025-02-08,False
C008805,Delivery,2025-02-08,False
C008806,Commuter,2025-02-09,False
C008807,Commuter,2025-02-09,False
C008808,Commuter,2025-02-09,False
C008809,Student,2025-02-09,False
C008810,Student,2025-02-09,False
C008811,Student,2025-02-09,False
C008812,Leisure,2025-02-09,False
C008813,Leisure,2025-02-09,False
C008814,Leisure,2025-02-09,False
C008815,Leisure,2025-02-09,False
C008816,Leisure,2025-02-09,False
C008817,Leisure,2025-02-09,False
C008818,Family,2025-02-09,False
C008819,Commuter,2025-02-10,False
C008820,Commuter,2025-02-10,False
C008821,Commuter,2025-02-10,False
C008822,Student,2025-02-10,False
C008823,Leisure,2025-02-10,False
C008824,Leisure,2025-02-10,False
C008825,Leisure,2025-02-10,False
C008826,Leisure,2025-02-10,False
C008827,Delivery,2025-02-10,False
C008828,Commuter,2025-02-11,False
C008829,Student,2025-02-11,False
C008830,Leisure,2025-02-11,False
C008831,Leisure,2025-02-11,False
C008832,Leisure,2025-02-11,False
C008833,Leisure,2025-02-11,False
C008834,Leisure,2025-02-11,False
C008835,Family,2025-02-11,False
C008836,Family,2025-02-11,False
C008837,Family,2025-02-11,False
C008838,Family,2025-02-11,False
C008839,Student,2025-02-12,False
C008840,Student,2025-02-12,False
C008841,Student,2025-02-12,False
C008842,Leisure,2025-02-12,False
C008843,Leisure,2025-02-12,False
C008844,Leisure,2025-02-12,False
C008845,Leisure,2025-02-12,False
C008846,Family,2025-02-12,False
C008847,Delivery,2025-02-12,False
C008848,Delivery,2025-02-12,False
C008849,Delivery,2025-02-12,False
C008850,Delivery,2025-02-12,False
C008851,Student,2025-02-13,False
C008852,Leisure,2025-02-13,False
C008853,Leisure,2025-02-13,False
C008854,Leisure,2025-02-13,False
C008855,Leisure,2025-02-13,False
C008856,Leisure,2025-02-13,False
C008857,Leisure,2025-02-13,False
C008858,Family,2025-02-13,False
C008859,Family,2025-02-13,False
C008860,Family,2025-02-13,False
C008861,Family,2025-02-13,False
C008862,Delivery,2025-02-13,False
C008863,Delivery,2025-02-13,False
C008864,Student,2025-02-14,False
C008865,Student,2025-02-14,False
C008866,Leisure,2025-02-14,False
C008867,Leisure,2025-02-14,False
C008868,Leisure,2025-02-14,False
C008869,Leisure,2025-02-14,False
C008870,Leisure,2025-02-14,False
C008871,Leisure,2025-02-14,False
C008872,Leisure,2025-02-14,False
C008873,Family,2025-02-14,False
C008874,Family,2025-02-14,False
C008875,Delivery,2025-02-14,False
C008876,Delivery,2025-02-14,False
C008877,Delivery,2025-02-14,False
C008878,Delivery,2025-02-14,False
C008879,Leisure,2025-02-15,False
C008880,Leisure,2025-02-15,False
C008881,Leisure,2025-02-15,False
C008882,Leisure,2025-02-15,False
C008883,Delivery,2025-02-15,False
C008884,Delivery,2025-02-15,False
C008885,Commuter,2025-02-16,False
C008886,Student,2025-02-16,False
C008887,Student,2025-02-16,False
C008888,Leisure,2025-02-16,False
C008889,Leisure,2025-02-16,False
C008890,Delivery,2025-02-16,False
C008891,Delivery,2025-02-16,False
C008892,Delivery,2025-02-16,False
C008893,Delivery,2025-02-16,False
C008894,Commuter,2025-02-17,False
C008895,Commuter,2025-02-17,False
C008896,Commuter,2025-02-17,False
C008897,Commuter,2025-02-17,False
C008898,Student,2025-02-17,False
C008899,Student,2025-02-17,False
C008900,Student,2025-02-17,False
C008901,Leisure,2025-02-17,False
C008902,Leisure,2025-02-17,False
C008903,Family,2025-02-17,False
C008904,Family,2025-02-17,False
C008905,Delivery,2025-02-17,False
C008906,Commuter,2025-02-18,False
C008907,Commuter,2025-02-18,False
C008908,Commuter,2025-02-18,False
C008909,Commuter,2025-02-18,False
C008910,Commuter,2025-02-18,False
C008911,Student,2025-02-18,False
C008912,Leisure,2025-02-18,False
C008913,Leisure,2025-02-18,False
C008914,Family,2025-02-18,False
C008915,Family,2025-02-18,False
C008916,Delivery,2025-02-18,False
C008917,Commuter,2025-02-19,False
C008918,Student,2025-02-19,False
C008919,Student,2025-02-19,False
C008920,Student,2025-02-19,False
C008921,Student,2025-02-19,False
C008922,Student,2025-02-19,False
C008923,Student,2025-02-19,False
C008924,Leisure,2025-02-19,False
C008925,Leisure,2025-02-19,False
C008926,Leisure,2025-02-19,False
C008927,Leisure,2025-02-19,False
C008928,Leisure,2025-02-19,False
C008929,Leisure,2025-02-19,False
C008930,Leisure,2025-02-19,False
C008931,Leisure,2025-02-19,False
C008932,Leisure,2025-02-19,False
C008933,Leisure,2025-02-19,False
C008934,Commuter,2025-02-20,False
C008935,Commuter,2025-02-20,False
C008936,Student,2025-02-20,False
C008937,Student,2025-02-20,False
C008938,Student,2025-02-20,False
C008939,Leisure,2025-02-20,False
C008940,Leisure,2025-02-20,False
C008941,Leisure,2025-02-20,False
C008942,Leisure,2025-02-20,False
C008943,Leisure,2025-02-20,False
C008944,Delivery,2025-02-20,False
C008945,Delivery,2025-02-20,False
C008946,Delivery,2025-02-20,False
C008947,Leisure,2025-02-21,False
C008948,Leisure,2025-02-21,False
C008949,Leisure,2025-02-21,False
C008950,Leisure,2025-02-21,False
C008951,Leisure,2025-02-21,False
C008952,Leisure,2025-02-21,False
C008953,Leisure,2025-02-21,False
C008954,Leisure,2025-02-21,False
C008955,Family,2025-02-21,False
C008956,Family,2025-02-21,False
C008957,Family,2025-02-21,False
C008958,Family,2025-02-21,False
C008959,Family,2025-02-21,False
C008960,Delivery,2025-02-21,False
C008961,Delivery,2025-02-21,False
C008962,Delivery,2025-02-21,False
C008963,Delivery,2025-02-21,False
C008964,Delivery,2025-02-21,False
C008965,Commuter,2025-02-22,False
C008966,Leisure,2025-02-22,False
C008967,Leisure,2025-02-22,False
C008968,Leisure,2025-02-22,False
C008969,Leisure,2025-02-22,False
C008970,Leisure,2025-02-22,False
C008971,Leisure,2025-02-22,False
C008972,Leisure,2025-02-22,False
C008973,Leisure,2025-02-22,False
C008974,Leisure,2025-02-22,False
C008975,Family,2025-02-22,False
C008976,Family,2025-02-22,False
C008977,Family,2025-02-22,False
C008978,Family,2025-02-22,False
C008979,Family,2025-02-22,False
C008980,Family,2025-02-22,False
C008981,Delivery,2025-02-22,False
C008982,Leisure,2025-02-23,False
C008983,Leisure,2025-02-23,False
C008984,Leisure,2025-02-23,False
C008985,Leisure,2025-02-23,False
C008986,Leisure,2025-02-23,False
C008987,Leisure,2025-02-23,False
C008988,Leisure,2025-02-23,False
C008989,Leisure,2025-02-23,False
C008990,Delivery,2025-02-23,False
C008991,Delivery,2025-02-23,False
C008992,Delivery,2025-02-23,False
C008993,Commuter,2025-02-24,False
C008994,Commuter,2025-02-24,False
C008995,Commuter,2025-02-24,False
C008996,Commuter,2025-02-24,False
C008997,Student,2025-02-24,False
C008998,Leisure,2025-02-24,False
C008999,Leisure,2025-02-24,False
C009000,Leisure,2025-02-24,False
C009001,Leisure,2025-02-24,False
C009002,Leisure,2025-02-24,False
C009003,Family,2025-02-24,False
C009004,Family,2025-02-24,False
C009005,Delivery,2025-02-24,False
C009006,Delivery,2025-02-24,False
C009007,Delivery,2025-02-24,False
C009008,Delivery,2025-02-24,False
C009009,Commuter,2025-02-25,False
C009010,Student,2025-02-25,False
C009011,Leisure,2025-02-25,False
C009012,Leisure,2025-02-25,False
C009013,Leisure,2025-02-25,False
C009014,Leisure,2025-02-25,False
C009015,Leisure,2025-02-25,False
C009016,Family,2025-02-25,False
C009017,Delivery,2025-02-25,False
C009018,Leisure,2025-02-26,False
C009019,Leisure,2025-02-26,False
C009020,Leisure,2025-02-26,False
C009021,Leisure,2025-02-26,False
C009022,Leisure,2025-02-26,False
C009023,Family,2025-02-26,False
C009024,Delivery,2025-02-26,False
C009025,Delivery,2025-02-26,False
C009026,Delivery,2025-02-26,False
C009027,Commuter,2025-02-27,False
C009028,Student,2025-02-27,False
C009029,Student,2025-02-27,False
C009030,Leisure,2025-02-27,False
C009031,Leisure,2025-02-27,False
C009032,Leisure,2025-02-27,False
C009033,Leisure,2025-02-27,False
C009034,Leisure,2025-02-27,False
C009035,Leisure,2025-02-27,False
C009036,Family,2025-02-27,False
C009037,Family,2025-02-27,False
C009038,Family,2025-02-27,False
C009039,Delivery,2025-02-27,False
C009040,Leisure,2025-02-28,False
C009041,Leisure,2025-02-28,False
C009042,Leisure,2025-02-28,False
C009043,Leisure,2025-02-28,False
C009044,Leisure,2025-02-28,False
C009045,Leisure,2025-02-28,False
C009046,Leisure,2025-02-28,False
C009047,Leisure,2025-02-28,False
C009048,Leisure,2025-02-28,False
C009049,Leisure,2025-02-28,False
C009050,Leisure,2025-02-28,False
C009051,Family,2025-02-28,False
C009052,Family,2025-02-28,False
C009053,Family,2025-02-28,False
C009054,Delivery,2025-02-28,False
C009055,Delivery,2025-02-28,False
C009056,Leisure,2025-03-01,False
C009057,Leisure,2025-03-01,False
C009058,Leisure,2025-03-01,False
C009059,Leisure,2025-03-01,False
C009060,Leisure,2025-03-01,False
C009061,Leisure,2025-03-01,False
C009062,Leisure,2025-03-01,False
C009063,Leisure,2025-03-01,False
C009064,Leisure,2025-03-01,False
C009065,Family,2025-03-01,False
C009066,Delivery,2025-03-01,False
C009067,Delivery,2025-03-01,False
C009068,Delivery,2025-03-01,False
C009069,Leisure,2025-03-02,False
C009070,Leisure,2025-03-02,False
C009071,Leisure,2025-03-02,False
C009072,Leisure,2025-03-02,False
C009073,Leisure,2025-03-02,False
C009074,Leisure,2025-03-02,False
C009075,Leisure,2025-03-02,False
C009076,Family,2025-03-02,False
C009077,Delivery,2025-03-02,False
C009078,Delivery,2025-03-02,False
C009079,Leisure,2025-03-03,False
C009080,Leisure,2025-03-03,False
C009081,Family,2025-03-03,False
C009082,Family,2025-03-03,False
C009083,Delivery,2025-03-03,False
C009084,Delivery,2025-03-03,False
C009085,Delivery,2025-03-03,False
C009086,Commuter,2025-03-04,False
C009087,Leisure,2025-03-04,False
C009088,Leisure,2025-03-04,False
C009089,Leisure,2025-03-04,False
C009090,Leisure,2025-03-04,False
C009091,Leisure,2025-03-04,False
C009092,Leisure,2025-03-04,False
C009093,Leisure,2025-03-04,False
C009094,Family,2025-03-04,False
C009095,Family,2025-03-04,False
C009096,Delivery,2025-03-04,False
C009097,Delivery,2025-03-04,False
C009098,Leisure,2025-03-05,False
C009099,Leisure,2025-03-05,False
C009100,Leisure,2025-03-05,False
C009101,Delivery,2025-03-05,False
C009102,Commuter,2025-03-06,False
C009103,Commuter,2025-03-06,False
C009104,Leisure,2025-03-06,False
C009105,Leisure,2025-03-06,False
C009106,Leisure,2025-03-06,False
C009107,Leisure,2025-03-06,False
C009108,Leisure,2025-03-06,False
C009109,Leisure,2025-03-06,False
C009110,Leisure,2025-03-06,False
C009111,Family,2025-03-06,False
C009112,Family,2025-03-06,False
C009113,Family,2025-03-06,False
C009114,Delivery,2025-03-06,False
C009115,Delivery,2025-03-06,False
C009116,Delivery,2025-03-06,False
C009117,Delivery,2025-03-06,False
C009118,Student,2025-03-07,False
C009119,Student,2025-03-07,False
C009120,Leisure,2025-03-07,False
C009121,Leisure,2025-03-07,False
C009122,Leisure,2025-03-07,False
C009123,Leisure,2025-03-07,False
C009124,Leisure,2025-03-07,False
C009125,Family,2025-03-07,False
C009126,Family,2025-03-07,False
C009127,Delivery,2025-03-07,False
C009128,Delivery,2025-03-07,False
C009129,Delivery,2025-03-07,False
C009130,Delivery,2025-03-07,False
C009131,Commuter,2025-03-08,False
C009132,Student,2025-03-08,False
C009133,Student,2025-03-08,False
C009134,Student,2025-03-08,False
C009135,Leisure,2025-03-08,False
C009136,Leisure,2025-03-08,False
C009137,Leisure,2025-03-08,False
C009138,Leisure,2025-03-08,False
C009139,Leisure,2025-03-08,False
C009140,Leisure,2025-03-08,False
C009141,Family,2025-03-08,False
C009142,Family,2025-03-08,False
C009143,Delivery,2025-03-08,False
C009144,Delivery,2025-03-08,False
C009145,Delivery,2025-03-08,False
C009146,Leisure,2025-03-09,False
C009147,Leisure,2025-03-09,False
C009148,Leisure,2025-03-09,False
C009149,Leisure,2025-03-09,False
C009150,Family,2025-03-09,False
C009151,Family,2025-03-09,False
C009152,Family,2025-03-09,False
C009153,Delivery,2025-03-09,False
C009154,Delivery,2025-03-09,False
C009155,Delivery,2025-03-09,False
C009156,Leisure,2025-03-10,False
C009157,Leisure,2025-03-10,False
C009158,Leisure,2025-03-10,False
C009159,Leisure,2025-03-10,False
C009160,Family,2025-03-10,False
C009161,Family,2025-03-10,False
C009162,Delivery,2025-03-10,False
C009163,Delivery,2025-03-10,False
C009164,Delivery,2025-03-10,False
C009165,Delivery,2025-03-10,False
C009166,Commuter,2025-03-11,False
C009167,Commuter,2025-03-11,False
C009168,Commuter,2025-03-11,False
C009169,Commuter,2025-03-11,False
C009170,Leisure,2025-03-11,False
C009171,Leisure,2025-03-11,False
C009172,Leisure,2025-03-11,False
C009173,Leisure,2025-03-11,False
C009174,Family,2025-03-11,False
C009175,Family,2025-03-11,False
C009176,Delivery,2025-03-11,False
C009177,Delivery,2025-03-11,False
C009178,Delivery,2025-03-11,False
C009179,Delivery,2025-03-11,False
C009180,Leisure,2025-03-12,False
C009181,Leisure,2025-03-12,False
C009182,Leisure,2025-03-12,False
C009183,Leisure,2025-03-12,False
C009184,Leisure,2025-03-12,False
C009185,Family,2025-03-12,False
C009186,Family,2025-03-12,False
C009187,Delivery,2025-03-12,False
C009188,Commuter,2025-03-13,False
C009189,Commuter,2025-03-13,False
C009190,Leisure,2025-03-13,False
C009191,Leisure,2025-03-13,False
C009192,Leisure,2025-03-13,False
C009193,Leisure,2025-03-13,False
C009194,Leisure,2025-03-13,False
C009195,Leisure,2025-03-13,False
C009196,Leisure,2025-03-13,False
C009197,Leisure,2025-03-13,False
C009198,Leisure,2025-03-13,False
C009199,Leisure,2025-03-13,False
C009200,Leisure,2025-03-13,False
C009201,Leisure,2025-03-13,False
C009202,Delivery,2025-03-13,False
C009203,Delivery,2025-03-13,False
C009204,Delivery,2025-03-13,False
C009205,Leisure,2025-03-14,False
C009206,Leisure,2025-03-14,False
C009207,Leisure,2025-03-14,False
C009208,Leisure,2025-03-14,False
C009209,Leisure,2025-03-14,False
C009210,Leisure,2025-03-14,False
C009211,Family,2025-03-14,False
C009212,Family,2025-03-14,False
C009213,Family,2025-03-14,False
C009214,Family,2025-03-14,False
C009215,Delivery,2025-03-14,False
C009216,Delivery,2025-03-14,False
C009217,Delivery,2025-03-14,False
C009218,Delivery,2025-03-14,False
C009219,Delivery,2025-03-14,False
C009220,Leisure,2025-03-15,False
C009221,Leisure,2025-03-15,False
C009222,Leisure,2025-03-15,False
C009223,Leisure,2025-03-15,False
C009224,Leisure,2025-03-15,False
C009225,Leisure,2025-03-15,False
C009226,Leisure,2025-03-15,False
C009227,Family,2025-03-15,False
C009228,Family,2025-03-15,False
C009229,Delivery,2025-03-15,False
C009230,Delivery,2025-03-15,False
C009231,Delivery,2025-03-15,False
C009232,Delivery,2025-03-15,False
C009233,Commuter,2025-03-16,False
C009234,Student,2025-03-16,False
C009235,Student,2025-03-16,False
C009236,Leisure,2025-03-16,False
C009237,Leisure,2025-03-16,False
C009238,Family,2025-03-16,False
C009239,Delivery,2025-03-16,False
C009240,Delivery,2025-03-16,False
C009241,Commuter,2025-03-17,False
C009242,Leisure,2025-03-17,False
C009243,Leisure,2025-03-17,False
C009244,Leisure,2025-03-17,False
C009245,Leisure,2025-03-17,False
C009246,Leisure,2025-03-17,False
C009247,Leisure,2025-03-17,False
C009248,Leisure,2025-03-17,False
C009249,Leisure,2025-03-17,False
C009250,Leisure,2025-03-17,False
C009251,Family,2025-03-17,False
C009252,Family,2025-03-17,False
C009253,Delivery,2025-03-17,False
C009254,Delivery,2025-03-17,False
C009255,Delivery,2025-03-17,False
C009256,Delivery,2025-03-17,False
C009257,Delivery,2025-03-17,False
C009258,Delivery,2025-03-17,False
C009259,Delivery,2025-03-17,False
C009260,Delivery,2025-03-17,False
C009261,Leisure,2025-03-18,False
C009262,Leisure,2025-03-18,False
C009263,Leisure,2025-03-18,False
C009264,Family,2025-03-18,False
C009265,Family,2025-03-18,False
C009266,Family,2025-03-18,False
C009267,Delivery,2025-03-18,False
C009268,Delivery,2025-03-18,False
C009269,Delivery,2025-03-18,False
C009270,Delivery,2025-03-18,False
C009271,Delivery,2025-03-18,False
C009272,Delivery,2025-03-18,False
C009273,Delivery,2025-03-18,False
C009274,Leisure,2025-03-19,False
C009275,Leisure,2025-03-19,False
C009276,Leisure,2025-03-19,False
C009277,Leisure,2025-03-19,False
C009278,Family,2025-03-19,False
C009279,Family,2025-03-19,False
C009280,Family,2025-03-19,False
C009281,Family,2025-03-19,False
C009282,Delivery,2025-03-19,False
C009283,Commuter,2025-03-20,False
C009284,Leisure,2025-03-20,False
C009285,Leisure,2025-03-20,False
C009286,Leisure,2025-03-20,False
C009287,Leisure,2025-03-20,False
C009288,Leisure,2025-03-20,False
C009289,Leisure,2025-03-20,False
C009290,Leisure,2025-03-20,False
C009291,Leisure,2025-03-20,False
C009292,Leisure,2025-03-20,False
C009293,Leisure,2025-03-20,False
C009294,Leisure,2025-03-20,False
C009295,Leisure,2025-03-20,False
C009296,Delivery,2025-03-20,False
C009297,Delivery,2025-03-20,False
C009298,Delivery,2025-03-20,False
C009299,Delivery,2025-03-20,False
C009300,Delivery,2025-03-20,False
C009301,Leisure,2025-03-21,False
C009302,Leisure,2025-03-21,False
C009303,Leisure,2025-03-21,False
C009304,Leisure,2025-03-21,False
C009305,Family,2025-03-21,False
C009306,Family,2025-03-21,False
C009307,Family,2025-03-21,False
C009308,Family,2025-03-21,False
C009309,Delivery,2025-03-21,False
C009310,Delivery,2025-03-21,False
C009311,Delivery,2025-03-21,False
C009312,Leisure,2025-03-22,False
C009313,Leisure,2025-03-22,False
C009314,Leisure,2025-03-22,False
C009315,Leisure,2025-03-22,False
C009316,Leisure,2025-03-22,False
C009317,Leisure,2025-03-22,False
C009318,Family,2025-03-22,False
C009319,Family,2025-03-22,False
C009320,Delivery,2025-03-22,False
C009321,Delivery,2025-03-22,False
C009322,Delivery,2025-03-22,False
C009323,Commuter,2025-03-23,False
C009324,Leisure,2025-03-23,False
C009325,Leisure,2025-03-23,False
C009326,Leisure,2025-03-23,False
C009327,Leisure,2025-03-23,False
C009328,Leisure,2025-03-23,False
C009329,Leisure,2025-03-23,False
C009330,Delivery,2025-03-23,False
C009331,Delivery,2025-03-23,False
C009332,Delivery,2025-03-23,False
C009333,Delivery,2025-03-23,False
C009334,Commuter,2025-03-24,False
C009335,Leisure,2025-03-24,False
C009336,Leisure,2025-03-24,False
C009337,Leisure,2025-03-24,False
C009338,Leisure,2025-03-24,False
C009339,Family,2025-03-24,False
C009340,Family,2025-03-24,False
C009341,Family,2025-03-24,False
C009342,Leisure,2025-03-25,False
C009343,Leisure,2025-03-25,False
C009344,Leisure,2025-03-25,False
C009345,Leisure,2025-03-25,False
C009346,Leisure,2025-03-25,False
C009347,Family,2025-03-25,False
C009348,Delivery,2025-03-25,False
C009349,Leisure,2025-03-26,False
C009350,Leisure,2025-03-26,False
C009351,Leisure,2025-03-26,False
C009352,Leisure,2025-03-26,False
C009353,Leisure,2025-03-26,False
C009354,Leisure,2025-03-26,False
C009355,Family,2025-03-26,False
C009356,Family,2025-03-26,False
C009357,Delivery,2025-03-26,False
C009358,Delivery,2025-03-26,False
C009359,Delivery,2025-03-26,False
C009360,Delivery,2025-03-26,False
C009361,Delivery,2025-03-26,False
C009362,Leisure,2025-03-27,False
C009363,Leisure,2025-03-27,False
C009364,Leisure,2025-03-27,False
C009365,Leisure,2025-03-27,False
C009366,Leisure,2025-03-27,False
C009367,Leisure,2025-03-27,False
C009368,Leisure,2025-03-27,False
C009369,Leisure,2025-03-27,False
C009370,Leisure,2025-03-27,False
C009371,Family,2025-03-27,False
C009372,Family,2025-03-27,False
C009373,Delivery,2025-03-27,False
C009374,Delivery,2025-03-27,False
C009375,Delivery,2025-03-27,False
C009376,Delivery,2025-03-27,False
C009377,Student,2025-03-28,False
C009378,Leisure,2025-03-28,False
C009379,Leisure,2025-03-28,False
C009380,Leisure,2025-03-28,False
C009381,Leisure,2025-03-28,False
C009382,Leisure,2025-03-28,False
C009383,Leisure,2025-03-28,False
C009384,Leisure,2025-03-28,False
C009385,Leisure,2025-03-28,False
C009386,Leisure,2025-03-28,False
C009387,Family,2025-03-28,False
C009388,Family,2025-03-28,False
C009389,Delivery,2025-03-28,False
C009390,Delivery,2025-03-28,False
C009391,Delivery,2025-03-28,False
C009392,Delivery,2025-03-28,False
C009393,Delivery,2025-03-28,False
C009394,Leisure,2025-03-29,False
C009395,Leisure,2025-03-29,False
C009396,Leisure,2025-03-29,False
C009397,Leisure,2025-03-29,False
C009398,Leisure,2025-03-29,False
C009399,Leisure,2025-03-29,False
C009400,Leisure,2025-03-29,False
C009401,Leisure,2025-03-29,False
C009402,Leisure,2025-03-29,False
C009403,Family,2025-03-29,False
C009404,Family,2025-03-29,False
C009405,Delivery,2025-03-29,False
C009406,Delivery,2025-03-29,False
C009407,Delivery,2025-03-29,False
C009408,Delivery,2025-03-29,False
C009409,Delivery,2025-03-29,False
C009410,Commuter,2025-03-30,False
C009411,Leisure,2025-03-30,False
C009412,Leisure,2025-03-30,False
C009413,Leisure,2025-03-30,False
C009414,Leisure,2025-03-30,False
C009415,Family,2025-03-30,False
C009416,Family,2025-03-30,False
C009417,Delivery,2025-03-30,False
C009418,Leisure,2025-03-31,False
C009419,Leisure,2025-03-31,False
C009420,Leisure,2025-03-31,False
C009421,Leisure,2025-03-31,False
C009422,Leisure,2025-03-31,False
C009423,Leisure,2025-03-31,False
C009424,Family,2025-03-31,False
C009425,Family,2025-03-31,False
C009426,Family,2025-03-31,False
C009427,Family,2025-03-31,False
C009428,Family,2025-03-31,False
C009429,Delivery,2025-03-31,False
C009430,Delivery,2025-03-31,False
C009431,Delivery,2025-03-31,False
C009432,Delivery,2025-03-31,False
C009433,Delivery,2025-03-31,False
C009434,Student,2025-04-01,False
C009435,Leisure,2025-04-01,False
C009436,Family,2025-04-01,False
C009437,Family,2025-04-01,False
C009438,Family,2025-04-01,False
C009439,Family,2025-04-01,False
C009440,Delivery,2025-04-01,False
C009441,Delivery,2025-04-01,False
C009442,Delivery,2025-04-01,False
C009443,Delivery,2025-04-01,False
C009444,Commuter,2025-04-02,False
C009445,Leisure,2025-04-02,False
C009446,Leisure,2025-04-02,False
C009447,Leisure,2025-04-02,False
C009448,Leisure,2025-04-02,False
C009449,Family,2025-04-02,False
C009450,Family,2025-04-02,False
C009451,Delivery,2025-04-02,False
C009452,Delivery,2025-04-02,False
C009453,Delivery,2025-04-02,False
C009454,Commuter,2025-04-03,False
C009455,Commuter,2025-04-03,False
C009456,Commuter,2025-04-03,False
C009457,Leisure,2025-04-03,False
C009458,Leisure,2025-04-03,False
C009459,Leisure,2025-04-03,False
C009460,Leisure,2025-04-03,False
C009461,Leisure,2025-04-03,False
C009462,Leisure,2025-04-03,False
C009463,Family,2025-04-03,False
C009464,Family,2025-04-03,False
C009465,Family,2025-04-03,False
C009466,Delivery,2025-04-03,False
C009467,Delivery,2025-04-03,False
C009468,Leisure,2025-04-04,False
C009469,Leisure,2025-04-04,False
C009470,Leisure,2025-04-04,False
C009471,Leisure,2025-04-04,False
C009472,Family,2025-04-04,False
C009473,Family,2025-04-04,False
C009474,Family,2025-04-04,False
C009475,Commuter,2025-04-05,False
C009476,Commuter,2025-04-05,False
C009477,Leisure,2025-04-05,False
C009478,Leisure,2025-04-05,False
C009479,Leisure,2025-04-05,False
C009480,Leisure,2025-04-05,False
C009481,Leisure,2025-04-05,False
C009482,Family,2025-04-05,False
C009483,Family,2025-04-05,False
C009484,Family,2025-04-05,False
C009485,Family,2025-04-05,False
C009486,Delivery,2025-04-05,False
C009487,Delivery,2025-04-05,False
C009488,Commuter,2025-04-06,False
C009489,Commuter,2025-04-06,False
C009490,Student,2025-04-06,False
C009491,Student,2025-04-06,False
C009492,Student,2025-04-06,False
C009493,Student,2025-04-06,False
C009494,Leisure,2025-04-06,False
C009495,Leisure,2025-04-06,False
C009496,Leisure,2025-04-06,False
C009497,Leisure,2025-04-06,False
C009498,Family,2025-04-06,False
C009499,Family,2025-04-06,False
C009500,Family,2025-04-06,False
C009501,Delivery,2025-04-06,False
C009502,Delivery,2025-04-06,False
C009503,Delivery,2025-04-06,False
C009504,Commuter,2025-04-07,False
C009505,Commuter,2025-04-07,False
C009506,Commuter,2025-04-07,False
C009507,Commuter,2025-04-07,False
C009508,Commuter,2025-04-07,False
C009509,Student,2025-04-07,False
C009510,Family,2025-04-07,False
C009511,Family,2025-04-07,False
C009512,Family,2025-04-07,False
C009513,Delivery,2025-04-07,False
C009514,Delivery,2025-04-07,False
C009515,Delivery,2025-04-07,False
C009516,Delivery,2025-04-07,False
C009517,Commuter,2025-04-08,False
C009518,Commuter,2025-04-08,False
C009519,Student,2025-04-08,False
C009520,Student,2025-04-08,False
C009521,Leisure,2025-04-08,False
C009522,Leisure,2025-04-08,False
C009523,Leisure,2025-04-08,False
C009524,Family,2025-04-08,False
C009525,Family,2025-04-08,False
C009526,Delivery,2025-04-08,False
C009527,Student,2025-04-09,False
C009528,Student,2025-04-09,False
C009529,Leisure,2025-04-09,False
C009530,Leisure,2025-04-09,False
C009531,Leisure,2025-04-09,False
C009532,Leisure,2025-04-09,False
C009533,Leisure,2025-04-09,False
C009534,Leisure,2025-04-09,False
C009535,Leisure,2025-04-09,False
C009536,Leisure,2025-04-09,False
C009537,Family,2025-04-09,False
C009538,Delivery,2025-04-09,False
C009539,Delivery,2025-04-09,False
C009540,Delivery,2025-04-09,False
C009541,Commuter,2025-04-10,False
C009542,Student,2025-04-10,False
C009543,Student,2025-04-10,False
C009544,Leisure,2025-04-10,False
C009545,Leisure,2025-04-10,False
C009546,Leisure,2025-04-10,False
C009547,Leisure,2025-04-10,False
C009548,Leisure,2025-04-10,False
C009549,Leisure,2025-04-10,False
C009550,Leisure,2025-04-10,False
C009551,Leisure,2025-04-10,False
C009552,Family,2025-04-10,False
C009553,Family,2025-04-10,False
C009554,Delivery,2025-04-10,False
C009555,Student,2025-04-11,False
C009556,Leisure,2025-04-11,False
C009557,Leisure,2025-04-11,False
C009558,Leisure,2025-04-11,False
C009559,Family,2025-04-11,False
C009560,Delivery,2025-04-11,False
C009561,Student,2025-04-12,False
C009562,Leisure,2025-04-12,False
C009563,Leisure,2025-04-12,False
C009564,Leisure,2025-04-12,False
C009565,Leisure,2025-04-12,False
C009566,Family,2025-04-12,False
C009567,Student,2025-04-13,False
C009568,Student,2025-04-13,False
C009569,Student,2025-04-13,False
C009570,Leisure,2025-04-13,False
C009571,Leisure,2025-04-13,False
C009572,Delivery,2025-04-13,False
C009573,Leisure,2025-04-14,False
C009574,Leisure,2025-04-14,False
C009575,Leisure,2025-04-14,False
C009576,Leisure,2025-04-14,False
C009577,Leisure,2025-04-14,False
C009578,Leisure,2025-04-14,False
C009579,Leisure,2025-04-14,False
C009580,Leisure,2025-04-14,False
C009581,Delivery,2025-04-14,False
C009582,Delivery,2025-04-14,False
C009583,Commuter,2025-04-15,False
C009584,Leisure,2025-04-15,False
C009585,Leisure,2025-04-15,False
C009586,Leisure,2025-04-15,False
C009587,Leisure,2025-04-15,False
C009588,Family,2025-04-15,False
C009589,Family,2025-04-15,False
C009590,Commuter,2025-04-16,False
C009591,Commuter,2025-04-16,False
C009592,Commuter,2025-04-16,False
C009593,Commuter,2025-04-16,False
C009594,Student,2025-04-16,False
C009595,Leisure,2025-04-16,False
C009596,Leisure,2025-04-16,False
C009597,Leisure,2025-04-16,False
C009598,Leisure,2025-04-16,False
C009599,Leisure,2025-04-16,False
C009600,Leisure,2025-04-16,False
C009601,Leisure,2025-04-16,False
C009602,Leisure,2025-04-16,False
C009603,Leisure,2025-04-16,False
C009604,Leisure,2025-04-17,False
C009605,Leisure,2025-04-17,False
C009606,Leisure,2025-04-17,False
C009607,Family,2025-04-17,False
C009608,Family,2025-04-17,False
C009609,Family,2025-04-17,False
C009610,Delivery,2025-04-17,False
C009611,Delivery,2025-04-17,False
C009612,Delivery,2025-04-17,False
C009613,Student,2025-04-18,False
C009614,Leisure,2025-04-18,False
C009615,Leisure,2025-04-18,False
C009616,Leisure,2025-04-18,False
C009617,Leisure,2025-04-18,False
C009618,Family,2025-04-18,False
C009619,Family,2025-04-18,False
C009620,Family,2025-04-18,False
C009621,Delivery,2025-04-18,False
C009622,Delivery,2025-04-18,False
C009623,Student,2025-04-19,False
C009624,Student,2025-04-19,False
C009625,Leisure,2025-04-19,False
C009626,Leisure,2025-04-19,False
C009627,Leisure,2025-04-19,False
C009628,Family,2025-04-19,False
C009629,Family,2025-04-19,False
C009630,Commuter,2025-04-20,False
C009631,Commuter,2025-04-20,False
C009632,Commuter,2025-04-20,False
C009633,Commuter,2025-04-20,False
C009634,Student,2025-04-20,False
C009635,Student,2025-04-20,False
C009636,Leisure,2025-04-20,False
C009637,Leisure,2025-04-20,False
C009638,Leisure,2025-04-20,False
C009639,Family,2025-04-20,False
C009640,Family,2025-04-20,False
C009641,Delivery,2025-04-20,False
C009642,Commuter,2025-04-21,False
C009643,Commuter,2025-04-21,False
C009644,Leisure,2025-04-21,False
C009645,Family,2025-04-21,False
C009646,Delivery,2025-04-21,False
C009647,Delivery,2025-04-21,False
C009648,Delivery,2025-04-21,False
C009649,Delivery,2025-04-21,False
C009650,Commuter,2025-04-22,False
C009651,Student,2025-04-22,False
C009652,Student,2025-04-22,False
C009653,Leisure,2025-04-22,False
C009654,Leisure,2025-04-22,False
C009655,Leisure,2025-04-22,False
C009656,Family,2025-04-22,False
C009657,Commuter,2025-04-23,False
C009658,Commuter,2025-04-23,False
C009659,Student,2025-04-23,False
C009660,Leisure,2025-04-23,False
C009661,Leisure,2025-04-23,False
C009662,Family,2025-04-23,False
C009663,Family,2025-04-23,False
C009664,Family,2025-04-23,False
C009665,Delivery,2025-04-23,False
C009666,Delivery,2025-04-23,False
C009667,Commuter,2025-04-24,False
C009668,Student,2025-04-24,False
C009669,Leisure,2025-04-24,False
C009670,Leisure,2025-04-24,False
C009671,Leisure,2025-04-24,False
C009672,Family,2025-04-24,False
C009673,Delivery,2025-04-24,False
C009674,Delivery,2025-04-24,False
C009675,Commuter,2025-04-25,False
C009676,Leisure,2025-04-25,False
C009677,Leisure,2025-04-25,False
C009678,Leisure,2025-04-25,False
C009679,Leisure,2025-04-25,False
C009680,Family,2025-04-25,False
C009681,Family,2025-04-25,False
C009682,Family,2025-04-25,False
C009683,Family,2025-04-25,False
C009684,Delivery,2025-04-25,False
C009685,Delivery,2025-04-25,False
C009686,Delivery,2025-04-25,False
C009687,Leisure,2025-04-26,False
C009688,Leisure,2025-04-26,False
C009689,Leisure,2025-04-26,False
C009690,Leisure,2025-04-26,False
C009691,Leisure,2025-04-26,False
C009692,Leisure,2025-04-26,False
C009693,Leisure,2025-04-26,False
C009694,Leisure,2025-04-26,False
C009695,Leisure,2025-04-26,False
C009696,Leisure,2025-04-26,False
C009697,Family,2025-04-26,False
C009698,Delivery,2025-04-26,False
C009699,Delivery,2025-04-26,False
C009700,Delivery,2025-04-26,False
C009701,Delivery,2025-04-26,False
C009702,Commuter,2025-04-27,False
C009703,Student,2025-04-27,False
C009704,Student,2025-04-27,False
C009705,Leisure,2025-04-27,False
C009706,Leisure,2025-04-27,False
C009707,Leisure,2025-04-27,False
C009708,Leisure,2025-04-27,False
C009709,Leisure,2025-04-27,False
C009710,Delivery,2025-04-27,False
C009711,Delivery,2025-04-27,False
C009712,Delivery,2025-04-27,False
C009713,Delivery,2025-04-27,False
C009714,Commuter,2025-04-28,False
C009715,Commuter,2025-04-28,False
C009716,Commuter,2025-04-28,False
C009717,Commuter,2025-04-28,False
C009718,Commuter,2025-04-28,False
C009719,Commuter,2025-04-28,False
C009720,Leisure,2025-04-28,False
C009721,Leisure,2025-04-28,False
C009722,Leisure,2025-04-28,False
C009723,Leisure,2025-04-28,False
C009724,Family,2025-04-28,False
C009725,Delivery,2025-04-28,False
C009726,Delivery,2025-04-28,False
C009727,Delivery,2025-04-28,False
C009728,Commuter,2025-04-29,False
C009729,Commuter,2025-04-29,False
C009730,Student,2025-04-29,False
C009731,Leisure,2025-04-29,False
C009732,Family,2025-04-29,False
C009733,Family,2025-04-29,False
C009734,Delivery,2025-04-29,False
C009735,Delivery,2025-04-29,False
C009736,Student,2025-04-30,False
C009737,Leisure,2025-04-30,False
C009738,Leisure,2025-04-30,False
C009739,Leisure,2025-04-30,False
C009740,Leisure,2025-04-30,False
C009741,Leisure,2025-04-30,False
C009742,Leisure,2025-04-30,False
C009743,Family,2025-04-30,False
C009744,Delivery,2025-04-30,False
C009745,Student,2025-05-01,False
C009746,Student,2025-05-01,False
C009747,Leisure,2025-05-01,False
C009748,Leisure,2025-05-01,False
C009749,Leisure,2025-05-01,False
C009750,Leisure,2025-05-01,False
C009751,Leisure,2025-05-01,False
C009752,Leisure,2025-05-01,False
C009753,Family,2025-05-01,False
C009754,Delivery,2025-05-01,False
C009755,Delivery,2025-05-01,False
C009756,Delivery,2025-05-01,False
C009757,Student,2025-05-02,False
C009758,Student,2025-05-02,False
C009759,Student,2025-05-02,False
C009760,Leisure,2025-05-02,False
C009761,Leisure,2025-05-02,False
C009762,Family,2025-05-02,False
C009763,Delivery,2025-05-02,False
C009764,Delivery,2025-05-02,False
C009765,Delivery,2025-05-02,False
C009766,Delivery,2025-05-02,False
C009767,Delivery,2025-05-02,False
C009768,Delivery,2025-05-02,False
C009769,Student,2025-05-03,False
C009770,Leisure,2025-05-03,False
C009771,Leisure,2025-05-03,False
C009772,Leisure,2025-05-03,False
C009773,Leisure,2025-05-03,False
C009774,Leisure,2025-05-03,False
C009775,Family,2025-05-03,False
C009776,Family,2025-05-03,False
C009777,Family,2025-05-03,False
C009778,Delivery,2025-05-03,False
C009779,Commuter,2025-05-04,False
C009780,Student,2025-05-04,False
C009781,Student,2025-05-04,False
C009782,Leisure,2025-05-04,False
C009783,Leisure,2025-05-04,False
C009784,Leisure,2025-05-04,False
C009785,Leisure,2025-05-04,False
C009786,Leisure,2025-05-04,False
C009787,Delivery,2025-05-04,False
C009788,Delivery,2025-05-04,False
C009789,Delivery,2025-05-04,False
C009790,Commuter,2025-05-05,False
C009791,Commuter,2025-05-05,False
C009792,Student,2025-05-05,False
C009793,Leisure,2025-05-05,False
C009794,Leisure,2025-05-05,False
C009795,Commuter,2025-05-06,False
C009796,Commuter,2025-05-06,False
C009797,Student,2025-05-06,False
C009798,Student,2025-05-06,False
C009799,Student,2025-05-06,False
C009800,Leisure,2025-05-06,False
C009801,Leisure,2025-05-06,False
C009802,Leisure,2025-05-06,False
C009803,Family,2025-05-06,False
C009804,Family,2025-05-06,False
C009805,Delivery,2025-05-06,False
C009806,Delivery,2025-05-06,False
C009807,Commuter,2025-05-07,False
C009808,Commuter,2025-05-07,False
C009809,Commuter,2025-05-07,False
C009810,Commuter,2025-05-07,False
C009811,Commuter,2025-05-07,False
C009812,Leisure,2025-05-07,False
C009813,Leisure,2025-05-07,False
C009814,Leisure,2025-05-07,False
C009815,Leisure,2025-05-07,False
C009816,Family,2025-05-07,False
C009817,Family,2025-05-07,False
C009818,Family,2025-05-07,False
C009819,Delivery,2025-05-07,False
C009820,Delivery,2025-05-07,False
C009821,Delivery,2025-05-07,False
C009822,Student,2025-05-08,False
C009823,Leisure,2025-05-08,False
C009824,Leisure,2025-05-08,False
C009825,Leisure,2025-05-08,False
C009826,Leisure,2025-05-08,False
C009827,Leisure,2025-05-08,False
C009828,Leisure,2025-05-08,False
C009829,Leisure,2025-05-08,False
C009830,Family,2025-05-08,False
C009831,Family,2025-05-08,False
C009832,Family,2025-05-08,False
C009833,Delivery,2025-05-08,False
C009834,Delivery,2025-05-08,False
C009835,Delivery,2025-05-08,False
C009836,Student,2025-05-09,False
C009837,Leisure,2025-05-09,False
C009838,Leisure,2025-05-09,False
C009839,Family,2025-05-09,False
C009840,Family,2025-05-09,False
C009841,Family,2025-05-09,False
C009842,Family,2025-05-09,False
C009843,Delivery,2025-05-09,False
C009844,Delivery,2025-05-09,False
C009845,Commuter,2025-05-10,False
C009846,Student,2025-05-10,False
C009847,Leisure,2025-05-10,False
C009848,Leisure,2025-05-10,False
C009849,Leisure,2025-05-10,False
C009850,Leisure,2025-05-10,False
C009851,Leisure,2025-05-10,False
C009852,Family,2025-05-10,False
C009853,Family,2025-05-10,False
C009854,Family,2025-05-10,False
C009855,Family,2025-05-10,False
C009856,Delivery,2025-05-10,False
C009857,Delivery,2025-05-10,False
C009858,Delivery,2025-05-10,False
C009859,Delivery,2025-05-10,False
C009860,Delivery,2025-05-10,False
C009861,Commuter,2025-05-11,False
C009862,Commuter,2025-05-11,False
C009863,Commuter,2025-05-11,False
C009864,Commuter,2025-05-11,False
C009865,Student,2025-05-11,False
C009866,Student,2025-05-11,False
C009867,Leisure,2025-05-11,False
C009868,Leisure,2025-05-11,False
C009869,Leisure,2025-05-11,False
C009870,Leisure,2025-05-11,False
C009871,Leisure,2025-05-11,False
C009872,Leisure,2025-05-11,False
C009873,Leisure,2025-05-11,False
C009874,Leisure,2025-05-11,False
C009875,Delivery,2025-05-11,False
C009876,Delivery,2025-05-11,False
C009877,Delivery,2025-05-11,False
C009878,Commuter,2025-05-12,False
C009879,Delivery,2025-05-12,False
C009880,Delivery,2025-05-12,False
C009881,Delivery,2025-05-12,False
C009882,Delivery,2025-05-12,False
C009883,Commuter,2025-05-13,False
C009884,Commuter,2025-05-13,False
C009885,Commuter,2025-05-13,False
C009886,Leisure,2025-05-13,False
C009887,Leisure,2025-05-13,False
C009888,Leisure,2025-05-13,False
C009889,Leisure,2025-05-13,False
C009890,Leisure,2025-05-13,False
C009891,Leisure,2025-05-13,False
C009892,Delivery,2025-05-13,False
C009893,Delivery,2025-05-13,False
C009894,Delivery,2025-05-13,False
C009895,Student,2025-05-14,False
C009896,Student,2025-05-14,False
C009897,Student,2025-05-14,False
C009898,Leisure,2025-05-14,False
C009899,Leisure,2025-05-14,False
C009900,Delivery,2025-05-14,False
C009901,Delivery,2025-05-14,False
C009902,Commuter,2025-05-15,False
C009903,Leisure,2025-05-15,False
C009904,Leisure,2025-05-15,False
C009905,Family,2025-05-15,False
C009906,Family,2025-05-15,False
C009907,Family,2025-05-15,False
C009908,Delivery,2025-05-15,False
C009909,Commuter,2025-05-16,False
C009910,Commuter,2025-05-16,False
C009911,Student,2025-05-16,False
C009912,Leisure,2025-05-16,False
C009913,Leisure,2025-05-16,False
C009914,Leisure,2025-05-16,False
C009915,Leisure,2025-05-16,False
C009916,Leisure,2025-05-16,False
C009917,Leisure,2025-05-16,False
C009918,Leisure,2025-05-16,False
C009919,Leisure,2025-05-16,False
C009920,Family,2025-05-16,False
C009921,Family,2025-05-16,False
C009922,Family,2025-05-16,False
C009923,Family,2025-05-16,False
C009924,Family,2025-05-16,False
C009925,Family,2025-05-16,False
C009926,Delivery,2025-05-16,False
C009927,Delivery,2025-05-16,False
C009928,Delivery,2025-05-16,False
C009929,Delivery,2025-05-16,False
C009930,Student,2025-05-17,False
C009931,Leisure,2025-05-17,False
C009932,Leisure,2025-05-17,False
C009933,Leisure,2025-05-17,False
C009934,Family,2025-05-17,False
C009935,Family,2025-05-17,False
C009936,Family,2025-05-17,False
C009937,Delivery,2025-05-17,False
C009938,Commuter,2025-05-18,False
C009939,Commuter,2025-05-18,False
C009940,Commuter,2025-05-18,False
C009941,Student,2025-05-18,False
C009942,Student,2025-05-18,False
C009943,Student,2025-05-18,False
C009944,Student,2025-05-18,False
C009945,Leisure,2025-05-18,False
C009946,Leisure,2025-05-18,False
C009947,Family,2025-05-18,False
C009948,Family,2025-05-18,False
C009949,Commuter,2025-05-19,False
C009950,Commuter,2025-05-19,False
C009951,Student,2025-05-19,False
C009952,Leisure,2025-05-19,False
C009953,Leisure,2025-05-19,False
C009954,Leisure,2025-05-19,False
C009955,Leisure,2025-05-19,False
C009956,Leisure,2025-05-19,False
C009957,Delivery,2025-05-19,False
C009958,Commuter,2025-05-20,False
C009959,Commuter,2025-05-20,False
C009960,Commuter,2025-05-20,False
C009961,Commuter,2025-05-20,False
C009962,Student,2025-05-20,False
C009963,Student,2025-05-20,False
C009964,Student,2025-05-20,False
C009965,Leisure,2025-05-20,False
C009966,Leisure,2025-05-20,False
C009967,Leisure,2025-05-20,False
C009968,Leisure,2025-05-20,False
C009969,Family,2025-05-20,False
C009970,Delivery,2025-05-20,False
C009971,Delivery,2025-05-20,False
C009972,Delivery,2025-05-20,False
C009973,Student,2025-05-21,False
C009974,Family,2025-05-21,False
C009975,Delivery,2025-05-21,False
C009976,Delivery,2025-05-21,False
C009977,Delivery,2025-05-21,False
C009978,Commuter,2025-05-22,False
C009979,Commuter,2025-05-22,False
C009980,Commuter,2025-05-22,False
C009981,Commuter,2025-05-22,False
C009982,Commuter,2025-05-22,False
C009983,Student,2025-05-22,False
C009984,Student,2025-05-22,False
C009985,Leisure,2025-05-22,False
C009986,Leisure,2025-05-22,False
C009987,Leisure,2025-05-22,False
C009988,Leisure,2025-05-22,False
C009989,Leisure,2025-05-22,False
C009990,Leisure,2025-05-22,False
C009991,Family,2025-05-22,False
C009992,Family,2025-05-22,False
C009993,Delivery,2025-05-22,False
C009994,Delivery,2025-05-22,False
C009995,Delivery,2025-05-22,False
C009996,Commuter,2025-05-23,False
C009997,Student,2025-05-23,False
C009998,Leisure,2025-05-23,False
C009999,Leisure,2025-05-23,False
C010000,Leisure,2025-05-23,False
C010001,Family,2025-05-23,False
C010002,Delivery,2025-05-23,False
C010003,Delivery,2025-05-23,False
C010004,Delivery,2025-05-23,False
C010005,Commuter,2025-05-24,False
C010006,Commuter,2025-05-24,False
C010007,Leisure,2025-05-24,False
C010008,Leisure,2025-05-24,False
C010009,Leisure,2025-05-24,False
C010010,Leisure,2025-05-24,False
C010011,Leisure,2025-05-24,False
C010012,Family,2025-05-24,False
C010013,Family,2025-05-24,False
C010014,Family,2025-05-24,False
C010015,Family,2025-05-24,False
C010016,Family,2025-05-24,False
C010017,Family,2025-05-24,False
C010018,Family,2025-05-24,False
C010019,Student,2025-05-25,False
C010020,Student,2025-05-25,False
C010021,Student,2025-05-25,False
C010022,Leisure,2025-05-25,False
C010023,Leisure,2025-05-25,False
C010024,Leisure,2025-05-25,False
C010025,Leisure,2025-05-25,False
C010026,Leisure,2025-05-25,False
C010027,Leisure,2025-05-25,False
C010028,Leisure,2025-05-25,False
C010029,Leisure,2025-05-25,False
C010030,Leisure,2025-05-25,False
C010031,Family,2025-05-25,False
C010032,Delivery,2025-05-25,False
C010033,Delivery,2025-05-25,False
C010034,Delivery,2025-05-25,False
C010035,Commuter,2025-05-26,False
C010036,Student,2025-05-26,False
C010037,Leisure,2025-05-26,False
C010038,Leisure,2025-05-26,False
C010039,Delivery,2025-05-26,False
C010040,Delivery,2025-05-26,False
C010041,Delivery,2025-05-26,False
C010042,Delivery,2025-05-26,False
C010043,Student,2025-05-27,False
C010044,Leisure,2025-05-27,False
C010045,Leisure,2025-05-27,False
C010046,Family,2025-05-27,False
C010047,Delivery,2025-05-27,False
C010048,Delivery,2025-05-27,False
C010049,Student,2025-05-28,False
C010050,Student,2025-05-28,False
C010051,Leisure,2025-05-28,False
C010052,Leisure,2025-05-28,False
C010053,Leisure,2025-05-28,False
C010054,Leisure,2025-05-28,False
C010055,Leisure,2025-05-28,False
C010056,Student,2025-05-29,False
C010057,Leisure,2025-05-29,False
C010058,Leisure,2025-05-29,False
C010059,Leisure,2025-05-29,False
C010060,Leisure,2025-05-29,False
C010061,Family,2025-05-29,False
C010062,Delivery,2025-05-29,False
C010063,Delivery,2025-05-29,False
C010064,Leisure,2025-05-30,False
C010065,Leisure,2025-05-30,False
C010066,Leisure,2025-05-30,False
C010067,Family,2025-05-30,False
C010068,Family,2025-05-30,False
C010069,Family,2025-05-30,False
C010070,Family,2025-05-30,False
C010071,Family,2025-05-30,False
C010072,Family,2025-05-30,False
C010073,Delivery,2025-05-30,False
C010074,Delivery,2025-05-30,False
C010075,Leisure,2025-05-31,False
C010076,Leisure,2025-05-31,False
C010077,Leisure,2025-05-31,False
C010078,Leisure,2025-05-31,False
C010079,Leisure,2025-05-31,False
C010080,Leisure,2025-05-31,False
C010081,Family,2025-05-31,False
C010082,Delivery,2025-05-31,False
C010083,Delivery,2025-05-31,False
C010084,Delivery,2025-05-31,False
C010085,Commuter,2025-06-01,False
C010086,Commuter,2025-06-01,False
C010087,Commuter,2025-06-01,False
C010088,Commuter,2025-06-01,False
C010089,Leisure,2025-06-01,False
C010090,Leisure,2025-06-01,False
C010091,Commuter,2025-06-02,False
C010092,Commuter,2025-06-02,False
C010093,Commuter,2025-06-02,False
C010094,Commuter,2025-06-02,False
C010095,Commuter,2025-06-02,False
C010096,Leisure,2025-06-02,False
C010097,Leisure,2025-06-02,False
C010098,Family,2025-06-02,False
C010099,Family,2025-06-02,False
C010100,Delivery,2025-06-02,False
C010101,Delivery,2025-06-02,False
C010102,Leisure,2025-06-03,False
C010103,Leisure,2025-06-03,False
C010104,Leisure,2025-06-03,False
C010105,Leisure,2025-06-03,False
C010106,Leisure,2025-06-03,False
C010107,Leisure,2025-06-03,False
C010108,Leisure,2025-06-03,False
C010109,Family,2025-06-03,False
C010110,Family,2025-06-03,False
C010111,Delivery,2025-06-03,False
C010112,Delivery,2025-06-03,False
C010113,Student,2025-06-04,False
C010114,Leisure,2025-06-04,False
C010115,Leisure,2025-06-04,False
C010116,Leisure,2025-06-04,False
C010117,Leisure,2025-06-04,False
C010118,Delivery,2025-06-04,False
C010119,Delivery,2025-06-04,False
C010120,Delivery,2025-06-04,False
C010121,Leisure,2025-06-05,False
C010122,Leisure,2025-06-05,False
C010123,Leisure,2025-06-05,False
C010124,Family,2025-06-05,False
C010125,Family,2025-06-05,False
C010126,Leisure,2025-06-06,False
C010127,Leisure,2025-06-06,False
C010128,Leisure,2025-06-06,False
C010129,Leisure,2025-06-06,False
C010130,Family,2025-06-06,False
C010131,Family,2025-06-06,False
C010132,Family,2025-06-06,False
C010133,Family,2025-06-06,False
C010134,Family,2025-06-06,False
C010135,Family,2025-06-06,False
C010136,Leisure,2025-06-07,False
C010137,Leisure,2025-06-07,False
C010138,Leisure,2025-06-07,False
C010139,Leisure,2025-06-07,False
C010140,Leisure,2025-06-07,False
C010141,Family,2025-06-07,False
C010142,Family,2025-06-07,False
C010143,Delivery,2025-06-07,False
C010144,Commuter,2025-06-08,False
C010145,Leisure,2025-06-08,False
C010146,Leisure,2025-06-08,False
C010147,Leisure,2025-06-08,False
C010148,Leisure,2025-06-08,False
C010149,Leisure,2025-06-08,False
C010150,Leisure,2025-06-08,False
C010151,Leisure,2025-06-08,False
C010152,Family,2025-06-08,False
C010153,Family,2025-06-08,False
C010154,Family,2025-06-08,False
C010155,Delivery,2025-06-08,False
C010156,Delivery,2025-06-08,False
C010157,Delivery,2025-06-08,False
C010158,Leisure,2025-06-09,False
C010159,Leisure,2025-06-09,False
C010160,Leisure,2025-06-09,False
C010161,Leisure,2025-06-09,False
C010162,Family,2025-06-09,False
C010163,Family,2025-06-09,False
C010164,Delivery,2025-06-09,False
C010165,Delivery,2025-06-09,False
C010166,Delivery,2025-06-09,False
C010167,Delivery,2025-06-09,False
C010168,Delivery,2025-06-09,False
C010169,Commuter,2025-06-10,False
C010170,Commuter,2025-06-10,False
C010171,Student,2025-06-10,False
C010172,Leisure,2025-06-10,False
C010173,Leisure,2025-06-10,False
C010174,Family,2025-06-10,False
C010175,Delivery,2025-06-10,False
C010176,Delivery,2025-06-10,False
C010177,Leisure,2025-06-11,False
C010178,Leisure,2025-06-11,False
C010179,Leisure,2025-06-11,False
C010180,Family,2025-06-11,False
C010181,Delivery,2025-06-11,False
C010182,Delivery,2025-06-11,False
C010183,Delivery,2025-06-11,False
C010184,Leisure,2025-06-12,False
C010185,Leisure,2025-06-12,False
C010186,Leisure,2025-06-12,False
C010187,Family,2025-06-12,False
C010188,Family,2025-06-12,False
C010189,Delivery,2025-06-12,False
C010190,Leisure,2025-06-13,False
C010191,Leisure,2025-06-13,False
C010192,Family,2025-06-13,False
C010193,Family,2025-06-13,False
C010194,Delivery,2025-06-13,False
C010195,Delivery,2025-06-13,False
C010196,Delivery,2025-06-13,False
C010197,Delivery,2025-06-13,False
C010198,Delivery,2025-06-13,False
C010199,Commuter,2025-06-14,False
C010200,Student,2025-06-14,False
C010201,Leisure,2025-06-14,False
C010202,Leisure,2025-06-14,False
C010203,Leisure,2025-06-14,False
C010204,Leisure,2025-06-14,False
C010205,Leisure,2025-06-14,False
C010206,Leisure,2025-06-14,False
C010207,Leisure,2025-06-14,False
C010208,Leisure,2025-06-14,False
C010209,Family,2025-06-14,False
C010210,Family,2025-06-14,False
C010211,Commuter,2025-06-15,False
C010212,Commuter,2025-06-15,False
C010213,Leisure,2025-06-15,False
C010214,Leisure,2025-06-15,False
C010215,Leisure,2025-06-15,False
C010216,Leisure,2025-06-15,False
C010217,Leisure,2025-06-15,False
C010218,Family,2025-06-15,False
C010219,Delivery,2025-06-15,False
C010220,Delivery,2025-06-15,False
C010221,Delivery,2025-06-15,False
C010222,Leisure,2025-06-16,False
C010223,Delivery,2025-06-16,False
C010224,Delivery,2025-06-16,False
C010225,Delivery,2025-06-16,False
C010226,Delivery,2025-06-16,False
C010227,Delivery,2025-06-16,False
C010228,Student,2025-06-17,False
C010229,Leisure,2025-06-17,False
C010230,Leisure,2025-06-17,False
C010231,Leisure,2025-06-17,False
C010232,Delivery,2025-06-17,False
C010233,Delivery,2025-06-17,False
C010234,Commuter,2025-06-18,False
C010235,Leisure,2025-06-18,False
C010236,Leisure,2025-06-18,False
C010237,Leisure,2025-06-18,False
C010238,Delivery,2025-06-18,False
C010239,Delivery,2025-06-18,False
C010240,Leisure,2025-06-19,False
C010241,Leisure,2025-06-19,False
C010242,Leisure,2025-06-19,False
C010243,Leisure,2025-06-19,False
C010244,Leisure,2025-06-19,False
C010245,Leisure,2025-06-19,False
C010246,Leisure,2025-06-19,False
C010247,Family,2025-06-19,False
C010248,Family,2025-06-19,False
C010249,Leisure,2025-06-20,False
C010250,Leisure,2025-06-20,False
C010251,Leisure,2025-06-20,False
C010252,Leisure,2025-06-20,False
C010253,Leisure,2025-06-20,False
C010254,Leisure,2025-06-20,False
C010255,Leisure,2025-06-20,False
C010256,Leisure,2025-06-20,False
C010257,Family,2025-06-20,False
C010258,Delivery,2025-06-20,False
C010259,Student,2025-06-21,False
C010260,Leisure,2025-06-21,False
C010261,Leisure,2025-06-21,False
C010262,Leisure,2025-06-21,False
C010263,Leisure,2025-06-21,False
C010264,Leisure,2025-06-21,False
C010265,Leisure,2025-06-21,False
C010266,Leisure,2025-06-21,False
C010267,Family,2025-06-21,False
C010268,Family,2025-06-21,False
C010269,Delivery,2025-06-21,False
C010270,Delivery,2025-06-21,False
C010271,Commuter,2025-06-22,False
C010272,Commuter,2025-06-22,False
C010273,Commuter,2025-06-22,False
C010274,Commuter,2025-06-22,False
C010275,Student,2025-06-22,False
C010276,Student,2025-06-22,False
C010277,Leisure,2025-06-22,False
C010278,Leisure,2025-06-22,False
C010279,Leisure,2025-06-22,False
C010280,Leisure,2025-06-22,False
C010281,Family,2025-06-22,False
C010282,Family,2025-06-22,False
C010283,Delivery,2025-06-22,False
C010284,Delivery,2025-06-22,False
C010285,Commuter,2025-06-23,False
C010286,Student,2025-06-23,False
C010287,Delivery,2025-06-23,False
C010288,Delivery,2025-06-23,False
C010289,Delivery,2025-06-23,False
C010290,Delivery,2025-06-23,False
C010291,Delivery,2025-06-23,False
C010292,Delivery,2025-06-23,False
C010293,Commuter,2025-06-24,False
C010294,Commuter,2025-06-24,False
C010295,Student,2025-06-24,False
C010296,Student,2025-06-24,False
C010297,Student,2025-06-24,False
C010298,Student,2025-06-24,False
C010299,Student,2025-06-24,False
C010300,Student,2025-06-24,False
C010301,Leisure,2025-06-24,False
C010302,Family,2025-06-24,False
C010303,Delivery,2025-06-24,False
C010304,Delivery,2025-06-24,False
C010305,Delivery,2025-06-24,False
C010306,Student,2025-06-25,False
C010307,Student,2025-06-25,False
C010308,Leisure,2025-06-25,False
C010309,Leisure,2025-06-25,False
C010310,Leisure,2025-06-25,False
C010311,Family,2025-06-25,False
C010312,Delivery,2025-06-25,False
C010313,Delivery,2025-06-25,False
C010314,Student,2025-06-26,False
C010315,Leisure,2025-06-26,False
C010316,Leisure,2025-06-26,False
C010317,Leisure,2025-06-26,False
C010318,Leisure,2025-06-26,False
C010319,Leisure,2025-06-26,False
C010320,Leisure,2025-06-26,False
C010321,Leisure,2025-06-26,False
C010322,Family,2025-06-26,False
C010323,Family,2025-06-26,False
C010324,Delivery,2025-06-26,False
C010325,Delivery,2025-06-26,False
C010326,Delivery,2025-06-26,False
C010327,Delivery,2025-06-26,False
C010328,Delivery,2025-06-26,False
C010329,Leisure,2025-06-27,False
C010330,Leisure,2025-06-27,False
C010331,Leisure,2025-06-27,False
C010332,Family,2025-06-27,False
C010333,Delivery,2025-06-27,False
C010334,Delivery,2025-06-27,False
C010335,Delivery,2025-06-27,False
C010336,Delivery,2025-06-27,False
C010337,Delivery,2025-06-27,False
C010338,Delivery,2025-06-27,False
C010339,Student,2025-06-28,False
C010340,Leisure,2025-06-28,False
C010341,Leisure,2025-06-28,False
C010342,Leisure,2025-06-28,False
C010343,Leisure,2025-06-28,False
C010344,Delivery,2025-06-28,False
C010345,Delivery,2025-06-28,False
C010346,Delivery,2025-06-28,False
C010347,Delivery,2025-06-28,False
C010348,Delivery,2025-06-28,False
C010349,Commuter,2025-06-29,False
C010350,Leisure,2025-06-29,False
C010351,Leisure,2025-06-29,False
C010352,Leisure,2025-06-29,False
C010353,Family,2025-06-29,False
C010354,Delivery,2025-06-29,False
C010355,Delivery,2025-06-29,False
C010356,Student,2025-06-30,False
C010357,Leisure,2025-06-30,False
C010358,Leisure,2025-06-30,False
C010359,Delivery,2025-06-30,False
C010360,Delivery,2025-06-30,False
C010361,Delivery,2025-06-30,False
C010362,Commuter,2025-07-01,False
C010363,Commuter,2025-07-01,False
C010364,Student,2025-07-01,False
C010365,Leisure,2025-07-01,False
C010366,Leisure,2025-07-01,False
C010367,Leisure,2025-07-01,False
C010368,Leisure,2025-07-01,False
C010369,Leisure,2025-07-01,False
C010370,Delivery,2025-07-01,False
C010371,Delivery,2025-07-01,False
C010372,Leisure,2025-07-02,False
C010373,Leisure,2025-07-02,False
C010374,Leisure,2025-07-02,False
C010375,Leisure,2025-07-02,False
C010376,Family,2025-07-02,False
C010377,Family,2025-07-02,False
C010378,Delivery,2025-07-02,False
C010379,Delivery,2025-07-02,False
C010380,Delivery,2025-07-02,False
C010381,Delivery,2025-07-02,False
C010382,Commuter,2025-07-03,False
C010383,Commuter,2025-07-03,False
C010384,Commuter,2025-07-03,False
C010385,Leisure,2025-07-03,False
C010386,Leisure,2025-07-03,False
C010387,Leisure,2025-07-03,False
C010388,Leisure,2025-07-03,False
C010389,Leisure,2025-07-03,False
C010390,Leisure,2025-07-03,False
C010391,Leisure,2025-07-03,False
C010392,Family,2025-07-03,False
C010393,Family,2025-07-03,False
C010394,Delivery,2025-07-03,False
C010395,Delivery,2025-07-03,False
C010396,Delivery,2025-07-03,False
C010397,Delivery,2025-07-03,False
C010398,Delivery,2025-07-03,False
C010399,Delivery,2025-07-03,False
C010400,Delivery,2025-07-03,False
C010401,Leisure,2025-07-04,False
C010402,Leisure,2025-07-04,False
C010403,Leisure,2025-07-04,False
C010404,Leisure,2025-07-04,False
C010405,Leisure,2025-07-04,False
C010406,Leisure,2025-07-04,False
C010407,Family,2025-07-04,False
C010408,Delivery,2025-07-04,False
C010409,Delivery,2025-07-04,False
C010410,Delivery,2025-07-04,False
C010411,Commuter,2025-07-05,False
C010412,Leisure,2025-07-05,False
C010413,Leisure,2025-07-05,False
C010414,Leisure,2025-07-05,False
C010415,Leisure,2025-07-05,False
C010416,Leisure,2025-07-05,False
C010417,Family,2025-07-05,False
C010418,Family,2025-07-05,False
C010419,Delivery,2025-07-05,False
C010420,Delivery,2025-07-05,False
C010421,Delivery,2025-07-05,False
C010422,Commuter,2025-07-06,False
C010423,Leisure,2025-07-06,False
C010424,Leisure,2025-07-06,False
C010425,Leisure,2025-07-06,False
C010426,Family,2025-07-06,False
C010427,Delivery,2025-07-06,False
C010428,Delivery,2025-07-06,False
C010429,Delivery,2025-07-06,False
C010430,Commuter,2025-07-07,False
C010431,Student,2025-07-07,False
C010432,Leisure,2025-07-07,False
C010433,Family,2025-07-07,False
C010434,Delivery,2025-07-07,False
C010435,Delivery,2025-07-07,False
C010436,Delivery,2025-07-07,False
C010437,Commuter,2025-07-08,False
C010438,Commuter,2025-07-08,False
C010439,Student,2025-07-08,False
C010440,Leisure,2025-07-08,False
C010441,Leisure,2025-07-08,False
C010442,Leisure,2025-07-08,False
C010443,Leisure,2025-07-08,False
C010444,Family,2025-07-08,False
C010445,Delivery,2025-07-08,False
C010446,Delivery,2025-07-08,False
C010447,Delivery,2025-07-08,False
C010448,Leisure,2025-07-09,False
C010449,Leisure,2025-07-09,False
C010450,Leisure,2025-07-09,False
C010451,Leisure,2025-07-09,False
C010452,Leisure,2025-07-09,False
C010453,Delivery,2025-07-09,False
C010454,Commuter,2025-07-10,False
C010455,Leisure,2025-07-10,False
C010456,Leisure,2025-07-10,False
C010457,Leisure,2025-07-10,False
C010458,Family,2025-07-10,False
C010459,Family,2025-07-10,False
C010460,Delivery,2025-07-10,False
C010461,Delivery,2025-07-10,False
C010462,Delivery,2025-07-10,False
C010463,Delivery,2025-07-10,False
C010464,Student,2025-07-11,False
C010465,Leisure,2025-07-11,False
C010466,Leisure,2025-07-11,False
C010467,Leisure,2025-07-11,False
C010468,Family,2025-07-11,False
C010469,Family,2025-07-11,False
C010470,Family,2025-07-11,False
C010471,Family,2025-07-11,False
C010472,Family,2025-07-11,False
C010473,Family,2025-07-11,False
C010474,Family,2025-07-11,False
C010475,Family,2025-07-11,False
C010476,Delivery,2025-07-11,False
C010477,Delivery,2025-07-11,False
C010478,Delivery,2025-07-11,False
C010479,Delivery,2025-07-11,False
C010480,Delivery,2025-07-11,False
C010481,Leisure,2025-07-12,False
C010482,Leisure,2025-07-12,False
C010483,Leisure,2025-07-12,False
C010484,Family,2025-07-12,False
C010485,Family,2025-07-12,False
C010486,Family,2025-07-12,False
C010487,Delivery,2025-07-12,False
C010488,Commuter,2025-07-13,False
C010489,Leisure,2025-07-13,False
C010490,Leisure,2025-07-13,False
C010491,Delivery,2025-07-13,False
C010492,Delivery,2025-07-13,False
C010493,Commuter,2025-07-14,False
C010494,Commuter,2025-07-14,False
C010495,Leisure,2025-07-14,False
C010496,Leisure,2025-07-14,False
C010497,Leisure,2025-07-14,False
C010498,Family,2025-07-14,False
C010499,Delivery,2025-07-14,False
C010500,Delivery,2025-07-14,False
C010501,Commuter,2025-07-15,False
C010502,Commuter,2025-07-15,False
C010503,Commuter,2025-07-15,False
C010504,Student,2025-07-15,False
C010505,Student,2025-07-15,False
C010506,Leisure,2025-07-15,False
C010507,Leisure,2025-07-15,False
C010508,Leisure,2025-07-15,False
C010509,Leisure,2025-07-15,False
C010510,Leisure,2025-07-15,False
C010511,Leisure,2025-07-15,False
C010512,Leisure,2025-07-15,False
C010513,Delivery,2025-07-15,False
C010514,Delivery,2025-07-15,False
C010515,Delivery,2025-07-15,False
C010516,Delivery,2025-07-15,False
C010517,Delivery,2025-07-15,False
C010518,Delivery,2025-07-15,False
C010519,Delivery,2025-07-15,False
C010520,Delivery,2025-07-15,False
C010521,Commuter,2025-07-16,False
C010522,Leisure,2025-07-16,False
C010523,Leisure,2025-07-16,False
C010524,Leisure,2025-07-16,False
C010525,Leisure,2025-07-16,False
C010526,Leisure,2025-07-16,False
C010527,Leisure,2025-07-16,False
C010528,Delivery,2025-07-16,False
C010529,Commuter,2025-07-17,False
C010530,Commuter,2025-07-17,False
C010531,Commuter,2025-07-17,False
C010532,Student,2025-07-17,False
C010533,Leisure,2025-07-17,False
C010534,Leisure,2025-07-17,False
C010535,Leisure,2025-07-17,False
C010536,Leisure,2025-07-17,False
C010537,Delivery,2025-07-17,False
C010538,Delivery,2025-07-17,False
C010539,Delivery,2025-07-17,False
C010540,Delivery,2025-07-17,False
C010541,Delivery,2025-07-17,False
C010542,Delivery,2025-07-17,False
C010543,Student,2025-07-18,False
C010544,Leisure,2025-07-18,False
C010545,Leisure,2025-07-18,False
C010546,Family,2025-07-18,False
C010547,Family,2025-07-18,False
C010548,Delivery,2025-07-18,False
C010549,Delivery,2025-07-18,False
C010550,Delivery,2025-07-18,False
C010551,Delivery,2025-07-18,False
C010552,Commuter,2025-07-19,False
C010553,Commuter,2025-07-19,False
C010554,Student,2025-07-19,False
C010555,Student,2025-07-19,False
C010556,Leisure,2025-07-19,False
C010557,Leisure,2025-07-19,False
C010558,Leisure,2025-07-19,False
C010559,Delivery,2025-07-19,False
C010560,Delivery,2025-07-19,False
C010561,Delivery,2025-07-19,False
C010562,Delivery,2025-07-19,False
C010563,Commuter,2025-07-20,False
C010564,Commuter,2025-07-20,False
C010565,Leisure,2025-07-20,False
C010566,Leisure,2025-07-20,False
C010567,Leisure,2025-07-20,False
C010568,Leisure,2025-07-20,False
C010569,Leisure,2025-07-20,False
C010570,Leisure,2025-07-20,False
C010571,Family,2025-07-20,False
C010572,Family,2025-07-20,False
C010573,Family,2025-07-20,False
C010574,Family,2025-07-20,False
C010575,Delivery,2025-07-20,False
C010576,Leisure,2025-07-21,False
C010577,Leisure,2025-07-21,False
C010578,Leisure,2025-07-21,False
C010579,Delivery,2025-07-21,False
C010580,Delivery,2025-07-21,False
C010581,Student,2025-07-22,False
C010582,Leisure,2025-07-22,False
C010583,Leisure,2025-07-22,False
C010584,Leisure,2025-07-22,False
C010585,Family,2025-07-22,False
C010586,Delivery,2025-07-22,False
C010587,Commuter,2025-07-23,False
C010588,Student,2025-07-23,False
C010589,Leisure,2025-07-23,False
C010590,Leisure,2025-07-23,False
C010591,Leisure,2025-07-23,False
C010592,Leisure,2025-07-23,False
C010593,Family,2025-07-23,False
C010594,Delivery,2025-07-23,False
C010595,Commuter,2025-07-24,False
C010596,Commuter,2025-07-24,False
C010597,Leisure,2025-07-24,False
C010598,Leisure,2025-07-24,False
C010599,Leisure,2025-07-24,False
C010600,Leisure,2025-07-24,False
C010601,Leisure,2025-07-24,False
C010602,Family,2025-07-24,False
C010603,Family,2025-07-24,False
C010604,Family,2025-07-24,False
C010605,Delivery,2025-07-24,False
C010606,Delivery,2025-07-24,False
C010607,Delivery,2025-07-24,False
C010608,Delivery,2025-07-24,False
C010609,Leisure,2025-07-25,False
C010610,Leisure,2025-07-25,False
C010611,Leisure,2025-07-25,False
C010612,Family,2025-07-25,False
C010613,Delivery,2025-07-25,False
C010614,Commuter,2025-07-26,False
C010615,Student,2025-07-26,False
C010616,Leisure,2025-07-26,False
C010617,Leisure,2025-07-26,False
C010618,Leisure,2025-07-26,False
C010619,Leisure,2025-07-26,False
C010620,Family,2025-07-26,False
C010621,Family,2025-07-26,False
C010622,Delivery,2025-07-26,False
C010623,Delivery,2025-07-26,False
C010624,Delivery,2025-07-26,False
C010625,Delivery,2025-07-26,False
C010626,Delivery,2025-07-26,False
C010627,Commuter,2025-07-27,False
C010628,Commuter,2025-07-27,False
C010629,Leisure,2025-07-27,False
C010630,Leisure,2025-07-27,False
C010631,Leisure,2025-07-27,False
C010632,Leisure,2025-07-27,False
C010633,Leisure,2025-07-27,False
C010634,Family,2025-07-27,False
C010635,Family,2025-07-27,False
C010636,Delivery,2025-07-27,False
C010637,Delivery,2025-07-27,False
C010638,Leisure,2025-07-28,False
C010639,Leisure,2025-07-28,False
C010640,Leisure,2025-07-28,False
C010641,Leisure,2025-07-28,False
C010642,Delivery,2025-07-28,False
C010643,Delivery,2025-07-28,False
C010644,Delivery,2025-07-28,False
C010645,Delivery,2025-07-28,False
C010646,Commuter,2025-07-29,False
C010647,Student,2025-07-29,False
C010648,Leisure,2025-07-29,False
C010649,Leisure,2025-07-29,False
C010650,Leisure,2025-07-29,False
C010651,Leisure,2025-07-29,False
C010652,Delivery,2025-07-29,False
C010653,Delivery,2025-07-29,False
C010654,Delivery,2025-07-29,False
C010655,Delivery,2025-07-29,False
C010656,Delivery,2025-07-29,False
C010657,Delivery,2025-07-29,False
C010658,Commuter,2025-07-30,False
C010659,Student,2025-07-30,False
C010660,Student,2025-07-30,False
C010661,Leisure,2025-07-30,False
C010662,Leisure,2025-07-30,False
C010663,Leisure,2025-07-30,False
C010664,Leisure,2025-07-30,False
C010665,Leisure,2025-07-30,False
C010666,Leisure,2025-07-30,False
C010667,Leisure,2025-07-30,False
C010668,Delivery,2025-07-30,False
C010669,Delivery,2025-07-30,False
C010670,Delivery,2025-07-30,False
C010671,Delivery,2025-07-30,False
C010672,Student,2025-07-31,False
C010673,Leisure,2025-07-31,False
C010674,Leisure,2025-07-31,False
C010675,Leisure,2025-07-31,False
C010676,Leisure,2025-07-31,False
C010677,Leisure,2025-07-31,False
C010678,Family,2025-07-31,False
C010679,Family,2025-07-31,False
C010680,Delivery,2025-07-31,False
C010681,Delivery,2025-07-31,False
C010682,Delivery,2025-07-31,False
C010683,Delivery,2025-07-31,False
C010684,Student,2025-08-01,False
C010685,Leisure,2025-08-01,False
C010686,Leisure,2025-08-01,False
C010687,Family,2025-08-01,False
C010688,Delivery,2025-08-01,False
C010689,Delivery,2025-08-01,False
C010690,Delivery,2025-08-01,False
C010691,Delivery,2025-08-01,False
C010692,Leisure,2025-08-02,False
C010693,Leisure,2025-08-02,False
C010694,Leisure,2025-08-02,False
C010695,Leisure,2025-08-02,False
C010696,Leisure,2025-08-02,False
C010697,Family,2025-08-02,False
C010698,Delivery,2025-08-02,False
C010699,Commuter,2025-08-03,False
C010700,Commuter,2025-08-03,False
C010701,Commuter,2025-08-03,False
C010702,Leisure,2025-08-03,False
C010703,Leisure,2025-08-03,False
C010704,Family,2025-08-03,False
C010705,Delivery,2025-08-03,False
C010706,Commuter,2025-08-04,False
C010707,Student,2025-08-04,False
C010708,Leisure,2025-08-04,False
C010709,Leisure,2025-08-04,False
C010710,Delivery,2025-08-04,False
C010711,Delivery,2025-08-04,False
C010712,Commuter,2025-08-05,False
C010713,Commuter,2025-08-05,False
C010714,Commuter,2025-08-05,False
C010715,Leisure,2025-08-05,False
C010716,Leisure,2025-08-05,False
C010717,Leisure,2025-08-05,False
C010718,Family,2025-08-05,False
C010719,Delivery,2025-08-05,False
C010720,Commuter,2025-08-06,False
C010721,Leisure,2025-08-06,False
C010722,Leisure,2025-08-06,False
C010723,Leisure,2025-08-06,False
C010724,Family,2025-08-06,False
C010725,Student,2025-08-07,False
C010726,Leisure,2025-08-07,False
C010727,Leisure,2025-08-07,False
C010728,Leisure,2025-08-07,False
C010729,Leisure,2025-08-07,False
C010730,Leisure,2025-08-07,False
C010731,Leisure,2025-08-07,False
C010732,Family,2025-08-07,False
C010733,Delivery,2025-08-07,False
C010734,Delivery,2025-08-07,False
C010735,Delivery,2025-08-07,False
C010736,Delivery,2025-08-07,False
C010737,Delivery,2025-08-07,False
C010738,Leisure,2025-08-08,False
C010739,Leisure,2025-08-08,False
C010740,Leisure,2025-08-08,False
C010741,Family,2025-08-08,False
C010742,Family,2025-08-08,False
C010743,Commuter,2025-08-09,False
C010744,Leisure,2025-08-09,False
C010745,Leisure,2025-08-09,False
C010746,Delivery,2025-08-09,False
C010747,Delivery,2025-08-09,False
C010748,Commuter,2025-08-10,False
C010749,Commuter,2025-08-10,False
C010750,Commuter,2025-08-10,False
C010751,Leisure,2025-08-10,False
C010752,Leisure,2025-08-10,False
C010753,Leisure,2025-08-10,False
C010754,Delivery,2025-08-10,False
C010755,Delivery,2025-08-10,False
C010756,Delivery,2025-08-10,False
C010757,Commuter,2025-08-11,False
C010758,Commuter,2025-08-11,False
C010759,Leisure,2025-08-11,False
C010760,Leisure,2025-08-11,False
C010761,Leisure,2025-08-11,False
C010762,Leisure,2025-08-11,False
C010763,Leisure,2025-08-11,False
C010764,Family,2025-08-11,False
C010765,Family,2025-08-11,False
C010766,Delivery,2025-08-11,False
C010767,Delivery,2025-08-11,False
C010768,Delivery,2025-08-11,False
C010769,Delivery,2025-08-11,False
C010770,Delivery,2025-08-11,False
C010771,Commuter,2025-08-12,False
C010772,Student,2025-08-12,False
C010773,Leisure,2025-08-12,False
C010774,Leisure,2025-08-12,False
C010775,Leisure,2025-08-12,False
C010776,Leisure,2025-08-12,False
C010777,Leisure,2025-08-12,False
C010778,Leisure,2025-08-12,False
C010779,Delivery,2025-08-12,False
C010780,Commuter,2025-08-13,False
C010781,Commuter,2025-08-13,False
C010782,Commuter,2025-08-13,False
C010783,Commuter,2025-08-13,False
C010784,Leisure,2025-08-13,False
C010785,Leisure,2025-08-13,False
C010786,Delivery,2025-08-13,False
C010787,Delivery,2025-08-13,False
C010788,Leisure,2025-08-14,False
C010789,Leisure,2025-08-14,False
C010790,Leisure,2025-08-14,False
C010791,Leisure,2025-08-14,False
C010792,Family,2025-08-14,False
C010793,Family,2025-08-14,False
C010794,Delivery,2025-08-14,False
C010795,Leisure,2025-08-15,False
C010796,Family,2025-08-15,False
C010797,Family,2025-08-15,False
C010798,Delivery,2025-08-15,False
C010799,Leisure,2025-08-16,False
C010800,Leisure,2025-08-16,False
C010801,Leisure,2025-08-16,False
C010802,Leisure,2025-08-16,False
C010803,Leisure,2025-08-16,False
C010804,Leisure,2025-08-16,False
C010805,Leisure,2025-08-16,False
C010806,Family,2025-08-16,False
C010807,Delivery,2025-08-16,False
C010808,Delivery,2025-08-16,False
C010809,Commuter,2025-08-17,False
C010810,Leisure,2025-08-17,False
C010811,Leisure,2025-08-17,False
C010812,Leisure,2025-08-17,False
C010813,Delivery,2025-08-17,False
C010814,Delivery,2025-08-17,False
C010815,Delivery,2025-08-17,False
C010816,Delivery,2025-08-17,False
C010817,Commuter,2025-08-18,False
C010818,Leisure,2025-08-18,False
C010819,Leisure,2025-08-18,False
C010820,Family,2025-08-18,False
C010821,Delivery,2025-08-18,False
C010822,Delivery,2025-08-18,False
C010823,Delivery,2025-08-18,False
C010824,Delivery,2025-08-18,False
C010825,Delivery,2025-08-18,False
C010826,Commuter,2025-08-19,False
C010827,Commuter,2025-08-19,False
C010828,Leisure,2025-08-19,False
C010829,Leisure,2025-08-19,False
C010830,Delivery,2025-08-19,False
C010831,Delivery,2025-08-19,False
C010832,Delivery,2025-08-19,False
C010833,Delivery,2025-08-19,False
C010834,Delivery,2025-08-19,False
C010835,Commuter,2025-08-20,False
C010836,Leisure,2025-08-20,False
C010837,Leisure,2025-08-20,False
C010838,Leisure,2025-08-20,False
C010839,Leisure,2025-08-20,False
C010840,Delivery,2025-08-20,False
C010841,Delivery,2025-08-20,False
C010842,Delivery,2025-08-20,False
C010843,Commuter,2025-08-21,False
C010844,Leisure,2025-08-21,False
C010845,Leisure,2025-08-21,False
C010846,Leisure,2025-08-21,False
C010847,Leisure,2025-08-21,False
C010848,Leisure,2025-08-21,False
C010849,Family,2025-08-21,False
C010850,Family,2025-08-21,False
C010851,Family,2025-08-21,False
C010852,Delivery,2025-08-21,False
C010853,Delivery,2025-08-21,False
C010854,Leisure,2025-08-22,False
C010855,Leisure,2025-08-22,False
C010856,Leisure,2025-08-22,False
C010857,Family,2025-08-22,False
C010858,Family,2025-08-22,False
C010859,Family,2025-08-22,False
C010860,Delivery,2025-08-22,False
C010861,Commuter,2025-08-23,False
C010862,Commuter,2025-08-23,False
C010863,Leisure,2025-08-23,False
C010864,Leisure,2025-08-23,False
C010865,Leisure,2025-08-23,False
C010866,Leisure,2025-08-23,False
C010867,Family,2025-08-23,False
C010868,Delivery,2025-08-23,False
C010869,Commuter,2025-08-24,False
C010870,Commuter,2025-08-24,False
C010871,Commuter,2025-08-24,False
C010872,Commuter,2025-08-24,False
C010873,Commuter,2025-08-24,False
C010874,Student,2025-08-24,False
C010875,Student,2025-08-24,False
C010876,Student,2025-08-24,False
C010877,Leisure,2025-08-24,False
C010878,Leisure,2025-08-24,False
C010879,Leisure,2025-08-24,False
C010880,Leisure,2025-08-24,False
C010881,Leisure,2025-08-24,False
C010882,Leisure,2025-08-24,False
C010883,Leisure,2025-08-24,False
C010884,Leisure,2025-08-24,False
C010885,Leisure,2025-08-24,False
C010886,Leisure,2025-08-24,False
C010887,Family,2025-08-24,False
C010888,Family,2025-08-24,False
C010889,Commuter,2025-08-25,False
C010890,Commuter,2025-08-25,False
C010891,Commuter,2025-08-25,False
C010892,Commuter,2025-08-25,False
C010893,Commuter,2025-08-25,False
C010894,Student,2025-08-25,False
C010895,Student,2025-08-25,False
C010896,Student,2025-08-25,False
C010897,Student,2025-08-25,False
C010898,Student,2025-08-25,False
C010899,Student,2025-08-25,False
C010900,Student,2025-08-25,False
C010901,Student,2025-08-25,False
C010902,Leisure,2025-08-25,False
C010903,Leisure,2025-08-25,False
C010904,Leisure,2025-08-25,False
C010905,Leisure,2025-08-25,False
C010906,Family,2025-08-25,False
C010907,Delivery,2025-08-25,False
C010908,Delivery,2025-08-25,False
C010909,Delivery,2025-08-25,False
C010910,Delivery,2025-08-25,False
C010911,Delivery,2025-08-25,False
C010912,Commuter,2025-08-26,False
C010913,Commuter,2025-08-26,False
C010914,Student,2025-08-26,False
C010915,Student,2025-08-26,False
C010916,Student,2025-08-26,False
C010917,Student,2025-08-26,False
C010918,Leisure,2025-08-26,False
C010919,Leisure,2025-08-26,False
C010920,Leisure,2025-08-26,False
C010921,Delivery,2025-08-26,False
C010922,Delivery,2025-08-26,False
C010923,Commuter,2025-08-27,False
C010924,Student,2025-08-27,False
C010925,Student,2025-08-27,False
C010926,Leisure,2025-08-27,False
C010927,Leisure,2025-08-27,False
C010928,Leisure,2025-08-27,False
C010929,Leisure,2025-08-27,False
C010930,Leisure,2025-08-27,False
C010931,Family,2025-08-27,False
C010932,Family,2025-08-27,False
C010933,Delivery,2025-08-27,False
C010934,Delivery,2025-08-27,False
C010935,Delivery,2025-08-27,False
C010936,Delivery,2025-08-27,False
C010937,Delivery,2025-08-27,False
C010938,Delivery,2025-08-27,False
C010939,Commuter,2025-08-28,False
C010940,Commuter,2025-08-28,False
C010941,Student,2025-08-28,False
C010942,Leisure,2025-08-28,False
C010943,Leisure,2025-08-28,False
C010944,Leisure,2025-08-28,False
C010945,Leisure,2025-08-28,False
C010946,Leisure,2025-08-28,False
C010947,Leisure,2025-08-28,False
C010948,Leisure,2025-08-28,False
C010949,Leisure,2025-08-28,False
C010950,Leisure,2025-08-28,False
C010951,Leisure,2025-08-28,False
C010952,Leisure,2025-08-28,False
C010953,Leisure,2025-08-28,False
C010954,Leisure,2025-08-28,False
C010955,Leisure,2025-08-28,False
C010956,Family,2025-08-28,False
C010957,Family,2025-08-28,False
C010958,Family,2025-08-28,False
C010959,Family,2025-08-28,False
C010960,Family,2025-08-28,False
C010961,Delivery,2025-08-28,False
C010962,Delivery,2025-08-28,False
C010963,Delivery,2025-08-28,False
C010964,Delivery,2025-08-28,False
C010965,Leisure,2025-08-29,False
C010966,Leisure,2025-08-29,False
C010967,Leisure,2025-08-29,False
C010968,Leisure,2025-08-29,False
C010969,Leisure,2025-08-29,False
C010970,Leisure,2025-08-29,False
C010971,Leisure,2025-08-29,False
C010972,Leisure,2025-08-29,False
C010973,Leisure,2025-08-29,False
C010974,Family,2025-08-29,False
C010975,Family,2025-08-29,False
C010976,Family,2025-08-29,False
C010977,Family,2025-08-29,False
C010978,Delivery,2025-08-29,False
C010979,Delivery,2025-08-29,False
C010980,Delivery,2025-08-29,False
C010981,Delivery,2025-08-29,False
C010982,Commuter,2025-08-30,False
C010983,Student,2025-08-30,False
C010984,Leisure,2025-08-30,False
C010985,Leisure,2025-08-30,False
C010986,Leisure,2025-08-30,False
C010987,Leisure,2025-08-30,False
C010988,Leisure,2025-08-30,False
C010989,Leisure,2025-08-30,False
C010990,Family,2025-08-30,False
C010991,Family,2025-08-30,False
C010992,Family,2025-08-30,False
C010993,Family,2025-08-30,False
C010994,Family,2025-08-30,False
C010995,Delivery,2025-08-30,False
C010996,Delivery,2025-08-30,False
C010997,Delivery,2025-08-30,False
C010998,Commuter,2025-08-31,False
C010999,Student,2025-08-31,False
C011000,Student,2025-08-31,False
C011001,Leisure,2025-08-31,False
C011002,Leisure,2025-08-31,False
C011003,Leisure,2025-08-31,False
C011004,Leisure,2025-08-31,False
C011005,Leisure,2025-08-31,False
C011006,Family,2025-08-31,False
C011007,Family,2025-08-31,False
C011008,Family,2025-08-31,False
C011009,Delivery,2025-08-31,False
C011010,Delivery,2025-08-31,False
C011011,Delivery,2025-08-31,False
C011012,Delivery,2025-08-31,False
C011013,Delivery,2025-08-31,False
C011014,Delivery,2025-08-31,False
C011015,Student,2025-09-01,False
C011016,Student,2025-09-01,False
C011017,Student,2025-09-01,False
C011018,Student,2025-09-01,False
C011019,Leisure,2025-09-01,False
C011020,Leisure,2025-09-01,False
C011021,Leisure,2025-09-01,False
C011022,Leisure,2025-09-01,False
C011023,Leisure,2025-09-01,False
C011024,Leisure,2025-09-01,False
C011025,Leisure,2025-09-01,False
C011026,Leisure,2025-09-01,False
C011027,Delivery,2025-09-01,False
C011028,Delivery,2025-09-01,False
C011029,Delivery,2025-09-01,False
C011030,Commuter,2025-09-02,False
C011031,Student,2025-09-02,False
C011032,Student,2025-09-02,False
C011033,Leisure,2025-09-02,False
C011034,Leisure,2025-09-02,False
C011035,Leisure,2025-09-02,False
C011036,Leisure,2025-09-02,False
C011037,Family,2025-09-02,False
C011038,Delivery,2025-09-02,False
C011039,Delivery,2025-09-02,False
C011040,Delivery,2025-09-02,False
C011041,Commuter,2025-09-03,False
C011042,Student,2025-09-03,False
C011043,Leisure,2025-09-03,False
C011044,Leisure,2025-09-03,False
C011045,Leisure,2025-09-03,False
C011046,Family,2025-09-03,False
C011047,Family,2025-09-03,False
C011048,Family,2025-09-03,False
C011049,Delivery,2025-09-03,False
C011050,Delivery,2025-09-03,False
C011051,Commuter,2025-09-04,False
C011052,Commuter,2025-09-04,False
C011053,Commuter,2025-09-04,False
C011054,Student,2025-09-04,False
C011055,Student,2025-09-04,False
C011056,Leisure,2025-09-04,False
C011057,Leisure,2025-09-04,False
C011058,Leisure,2025-09-04,False
C011059,Leisure,2025-09-04,False
C011060,Leisure,2025-09-04,False
C011061,Leisure,2025-09-04,False
C011062,Leisure,2025-09-04,False
C011063,Leisure,2025-09-04,False
C011064,Leisure,2025-09-04,False
C011065,Leisure,2025-09-04,False
C011066,Leisure,2025-09-04,False
C011067,Family,2025-09-04,False
C011068,Family,2025-09-04,False
C011069,Family,2025-09-04,False
C011070,Family,2025-09-04,False
C011071,Family,2025-09-04,False
C011072,Delivery,2025-09-04,False
C011073,Delivery,2025-09-04,False
C011074,Delivery,2025-09-04,False
C011075,Delivery,2025-09-04,False
C011076,Student,2025-09-05,False
C011077,Leisure,2025-09-05,False
C011078,Leisure,2025-09-05,False
C011079,Leisure,2025-09-05,False
C011080,Leisure,2025-09-05,False
C011081,Leisure,2025-09-05,False
C011082,Family,2025-09-05,False
C011083,Family,2025-09-05,False
C011084,Delivery,2025-09-05,False
C011085,Delivery,2025-09-05,False
C011086,Commuter,2025-09-06,False
C011087,Commuter,2025-09-06,False
C011088,Leisure,2025-09-06,False
C011089,Leisure,2025-09-06,False
C011090,Leisure,2025-09-06,False
C011091,Leisure,2025-09-06,False
C011092,Leisure,2025-09-06,False
C011093,Leisure,2025-09-06,False
C011094,Delivery,2025-09-06,False
C011095,Delivery,2025-09-06,False
C011096,Delivery,2025-09-06,False
C011097,Delivery,2025-09-06,False
C011098,Delivery,2025-09-06,False
C011099,Commuter,2025-09-07,False
C011100,Student,2025-09-07,False
C011101,Leisure,2025-09-07,False
C011102,Leisure,2025-09-07,False
C011103,Leisure,2025-09-07,False
C011104,Leisure,2025-09-07,False
C011105,Leisure,2025-09-07,False
C011106,Leisure,2025-09-07,False
C011107,Delivery,2025-09-07,False
C011108,Delivery,2025-09-07,False
C011109,Commuter,2025-09-08,False
C011110,Commuter,2025-09-08,False
C011111,Leisure,2025-09-08,False
C011112,Leisure,2025-09-08,False
C011113,Delivery,2025-09-08,False
C011114,Commuter,2025-09-09,False
C011115,Student,2025-09-09,False
C011116,Student,2025-09-09,False
C011117,Student,2025-09-09,False
C011118,Leisure,2025-09-09,False
C011119,Leisure,2025-09-09,False
C011120,Leisure,2025-09-09,False
C011121,Leisure,2025-09-09,False
C011122,Leisure,2025-09-09,False
C011123,Delivery,2025-09-09,False
C011124,Commuter,2025-09-10,False
C011125,Commuter,2025-09-10,False
C011126,Commuter,2025-09-10,False
C011127,Student,2025-09-10,False
C011128,Student,2025-09-10,False
C011129,Leisure,2025-09-10,False
C011130,Family,2025-09-10,False
C011131,Family,2025-09-10,False
C011132,Delivery,2025-09-10,False
C011133,Delivery,2025-09-10,False
C011134,Delivery,2025-09-10,False
C011135,Delivery,2025-09-10,False
C011136,Leisure,2025-09-11,False
C011137,Leisure,2025-09-11,False
C011138,Leisure,2025-09-11,False
C011139,Leisure,2025-09-11,False
C011140,Leisure,2025-09-11,False
C011141,Family,2025-09-11,False
C011142,Delivery,2025-09-11,False
C011143,Delivery,2025-09-11,False
C011144,Delivery,2025-09-11,False
C011145,Leisure,2025-09-12,False
C011146,Leisure,2025-09-12,False
C011147,Leisure,2025-09-12,False
C011148,Leisure,2025-09-12,False
C011149,Family,2025-09-12,False
C011150,Family,2025-09-12,False
C011151,Delivery,2025-09-12,False
C011152,Delivery,2025-09-12,False
C011153,Delivery,2025-09-12,False
C011154,Delivery,2025-09-12,False
C011155,Delivery,2025-09-12,False
C011156,Student,2025-09-13,False
C011157,Leisure,2025-09-13,False
C011158,Leisure,2025-09-13,False
C011159,Leisure,2025-09-13,False
C011160,Family,2025-09-13,False
C011161,Delivery,2025-09-13,False
C011162,Student,2025-09-14,False
C011163,Student,2025-09-14,False
C011164,Leisure,2025-09-14,False
C011165,Family,2025-09-14,False
C011166,Delivery,2025-09-14,False
C011167,Commuter,2025-09-15,False
C011168,Student,2025-09-15,False
C011169,Student,2025-09-15,False
C011170,Student,2025-09-15,False
C011171,Leisure,2025-09-15,False
C011172,Family,2025-09-15,False
C011173,Commuter,2025-09-16,False
C011174,Commuter,2025-09-16,False
C011175,Commuter,2025-09-16,False
C011176,Commuter,2025-09-16,False
C011177,Student,2025-09-16,False
C011178,Leisure,2025-09-16,False
C011179,Leisure,2025-09-16,False
C011180,Family,2025-09-16,False
C011181,Family,2025-09-16,False
C011182,Leisure,2025-09-17,False
C011183,Family,2025-09-17,False
C011184,Delivery,2025-09-17,False
C011185,Delivery,2025-09-17,False
C011186,Delivery,2025-09-17,False
C011187,Commuter,2025-09-18,False
C011188,Commuter,2025-09-18,False
C011189,Leisure,2025-09-18,False
C011190,Leisure,2025-09-18,False
C011191,Leisure,2025-09-18,False
C011192,Leisure,2025-09-18,False
C011193,Leisure,2025-09-18,False
C011194,Leisure,2025-09-18,False
C011195,Leisure,2025-09-18,False
C011196,Leisure,2025-09-18,False
C011197,Leisure,2025-09-18,False
C011198,Family,2025-09-18,False
C011199,Delivery,2025-09-18,False
C011200,Delivery,2025-09-18,False
C011201,Delivery,2025-09-18,False
C011202,Leisure,2025-09-19,False
C011203,Leisure,2025-09-19,False
C011204,Leisure,2025-09-19,False
C011205,Leisure,2025-09-19,False
C011206,Leisure,2025-09-19,False
C011207,Leisure,2025-09-19,False
C011208,Leisure,2025-09-19,False
C011209,Family,2025-09-19,False
C011210,Family,2025-09-19,False
C011211,Family,2025-09-19,False
C011212,Family,2025-09-19,False
C011213,Family,2025-09-19,False
C011214,Family,2025-09-19,False
C011215,Delivery,2025-09-19,False
C011216,Delivery,2025-09-19,False
C011217,Leisure,2025-09-20,False
C011218,Leisure,2025-09-20,False
C011219,Leisure,2025-09-20,False
C011220,Leisure,2025-09-20,False
C011221,Family,2025-09-20,False
C011222,Delivery,2025-09-20,False
C011223,Delivery,2025-09-20,False
C011224,Commuter,2025-09-21,False
C011225,Commuter,2025-09-21,False
C011226,Student,2025-09-21,False
C011227,Student,2025-09-21,False
C011228,Student,2025-09-21,False
C011229,Student,2025-09-21,False
C011230,Student,2025-09-21,False
C011231,Leisure,2025-09-21,False
C011232,Leisure,2025-09-21,False
C011233,Leisure,2025-09-21,False
C011234,Leisure,2025-09-21,False
C011235,Leisure,2025-09-21,False
C011236,Leisure,2025-09-21,False
C011237,Family,2025-09-21,False
C011238,Delivery,2025-09-21,False
C011239,Delivery,2025-09-21,False
C011240,Commuter,2025-09-22,False
C011241,Commuter,2025-09-22,False
C011242,Commuter,2025-09-22,False
C011243,Commuter,2025-09-22,False
C011244,Commuter,2025-09-22,False
C011245,Commuter,2025-09-22,False
C011246,Student,2025-09-22,False
C011247,Student,2025-09-22,False
C011248,Student,2025-09-22,False
C011249,Student,2025-09-22,False
C011250,Student,2025-09-22,False
C011251,Student,2025-09-22,False
C011252,Student,2025-09-22,False
C011253,Leisure,2025-09-22,False
C011254,Leisure,2025-09-22,False
C011255,Leisure,2025-09-22,False
C011256,Leisure,2025-09-22,False
C011257,Leisure,2025-09-22,False
C011258,Delivery,2025-09-22,False
C011259,Delivery,2025-09-22,False
C011260,Delivery,2025-09-22,False
C011261,Commuter,2025-09-23,False
C011262,Leisure,2025-09-23,False
C011263,Leisure,2025-09-23,False
C011264,Leisure,2025-09-23,False
C011265,Leisure,2025-09-23,False
C011266,Leisure,2025-09-23,False
C011267,Leisure,2025-09-23,False
C011268,Leisure,2025-09-23,False
C011269,Leisure,2025-09-23,False
C011270,Leisure,2025-09-23,False
C011271,Leisure,2025-09-23,False
C011272,Leisure,2025-09-23,False
C011273,Leisure,2025-09-23,False
C011274,Leisure,2025-09-23,False
C011275,Leisure,2025-09-23,False
C011276,Family,2025-09-23,False
C011277,Family,2025-09-23,False
C011278,Family,2025-09-23,False
C011279,Family,2025-09-23,False
C011280,Commuter,2025-09-24,False
C011281,Commuter,2025-09-24,False
C011282,Commuter,2025-09-24,False
C011283,Commuter,2025-09-24,False
C011284,Student,2025-09-24,False
C011285,Student,2025-09-24,False
C011286,Leisure,2025-09-24,False
C011287,Leisure,2025-09-24,False
C011288,Leisure,2025-09-24,False
C011289,Leisure,2025-09-24,False
C011290,Leisure,2025-09-24,False
C011291,Leisure,2025-09-24,False
C011292,Leisure,2025-09-24,False
C011293,Leisure,2025-09-24,False
C011294,Leisure,2025-09-24,False
C011295,Leisure,2025-09-24,False
C011296,Leisure,2025-09-24,False
C011297,Leisure,2025-09-24,False
C011298,Leisure,2025-09-24,False
C011299,Leisure,2025-09-24,False
C011300,Leisure,2025-09-24,False
C011301,Family,2025-09-24,False
C011302,Family,2025-09-24,False
C011303,Delivery,2025-09-24,False
C011304,Delivery,2025-09-24,False
C011305,Delivery,2025-09-24,False
C011306,Delivery,2025-09-24,False
C011307,Delivery,2025-09-24,False
C011308,Student,2025-09-25,False
C011309,Leisure,2025-09-25,False
C011310,Leisure,2025-09-25,False
C011311,Leisure,2025-09-25,False
C011312,Leisure,2025-09-25,False
C011313,Leisure,2025-09-25,False
C011314,Leisure,2025-09-25,False
C011315,Leisure,2025-09-25,False
C011316,Leisure,2025-09-25,False
C011317,Leisure,2025-09-25,False
C011318,Leisure,2025-09-25,False
C011319,Family,2025-09-25,False
C011320,Family,2025-09-25,False
C011321,Delivery,2025-09-25,False
C011322,Delivery,2025-09-25,False
C011323,Leisure,2025-09-26,False
C011324,Leisure,2025-09-26,False
C011325,Leisure,2025-09-26,False
C011326,Leisure,2025-09-26,False
C011327,Leisure,2025-09-26,False
C011328,Leisure,2025-09-26,False
C011329,Leisure,2025-09-26,False
C011330,Family,2025-09-26,False
C011331,Family,2025-09-26,False
C011332,Family,2025-09-26,False
C011333,Family,2025-09-26,False
C011334,Family,2025-09-26,False
C011335,Family,2025-09-26,False
C011336,Family,2025-09-26,False
C011337,Delivery,2025-09-26,False
C011338,Delivery,2025-09-26,False
C011339,Delivery,2025-09-26,False
C011340,Delivery,2025-09-26,False
C011341,Delivery,2025-09-26,False
C011342,Delivery,2025-09-26,False
C011343,Delivery,2025-09-26,False
C011344,Commuter,2025-09-27,False
C011345,Student,2025-09-27,False
C011346,Student,2025-09-27,False
C011347,Leisure,2025-09-27,False
C011348,Leisure,2025-09-27,False
C011349,Leisure,2025-09-27,False
C011350,Leisure,2025-09-27,False
C011351,Leisure,2025-09-27,False
C011352,Leisure,2025-09-27,False
C011353,Leisure,2025-09-27,False
C011354,Delivery,2025-09-27,False
C011355,Delivery,2025-09-27,False
C011356,Delivery,2025-09-27,False
C011357,Delivery,2025-09-27,False
C011358,Commuter,2025-09-28,False
C011359,Student,2025-09-28,False
C011360,Leisure,2025-09-28,False
C011361,Leisure,2025-09-28,False
C011362,Leisure,2025-09-28,False
C011363,Leisure,2025-09-28,False
C011364,Leisure,2025-09-28,False
C011365,Leisure,2025-09-28,False
C011366,Leisure,2025-09-28,False
C011367,Delivery,2025-09-28,False
C011368,Delivery,2025-09-28,False
C011369,Delivery,2025-09-28,False
C011370,Student,2025-09-29,False
C011371,Leisure,2025-09-29,False
C011372,Leisure,2025-09-29,False
C011373,Leisure,2025-09-29,False
C011374,Leisure,2025-09-29,False
C011375,Leisure,2025-09-29,False
C011376,Leisure,2025-09-29,False
C011377,Leisure,2025-09-29,False
C011378,Leisure,2025-09-29,False
C011379,Family,2025-09-29,False
C011380,Delivery,2025-09-29,False
C011381,Commuter,2025-09-30,False
C011382,Commuter,2025-09-30,False
C011383,Student,2025-09-30,False
C011384,Student,2025-09-30,False
C011385,Leisure,2025-09-30,False
C011386,Leisure,2025-09-30,False
C011387,Leisure,2025-09-30,False
C011388,Family,2025-09-30,False
C011389,Family,2025-09-30,False
C011390,Family,2025-09-30,False
C011391,Delivery,2025-09-30,False
C011392,Delivery,2025-09-30,False
C011393,Commuter,2025-10-01,False
C011394,Commuter,2025-10-01,False
C011395,Commuter,2025-10-01,False
C011396,Commuter,2025-10-01,False
C011397,Student,2025-10-01,False
C011398,Student,2025-10-01,False
C011399,Student,2025-10-01,False
C011400,Leisure,2025-10-01,False
C011401,Family,2025-10-01,False
C011402,Delivery,2025-10-01,False
C011403,Delivery,2025-10-01,False
C011404,Delivery,2025-10-01,False
C011405,Commuter,2025-10-02,False
C011406,Commuter,2025-10-02,False
C011407,Leisure,2025-10-02,False
C011408,Leisure,2025-10-02,False
C011409,Leisure,2025-10-02,False
C011410,Leisure,2025-10-02,False
C011411,Leisure,2025-10-02,False
C011412,Leisure,2025-10-02,False
C011413,Family,2025-10-02,False
C011414,Family,2025-10-02,False
C011415,Delivery,2025-10-02,False
C011416,Delivery,2025-10-02,False
C011417,Delivery,2025-10-02,False
C011418,Delivery,2025-10-02,False
C011419,Delivery,2025-10-02,False
C011420,Delivery,2025-10-02,False
C011421,Leisure,2025-10-03,False
C011422,Leisure,2025-10-03,False
C011423,Leisure,2025-10-03,False
C011424,Leisure,2025-10-03,False
C011425,Leisure,2025-10-03,False
C011426,Leisure,2025-10-03,False
C011427,Leisure,2025-10-03,False
C011428,Leisure,2025-10-03,False
C011429,Leisure,2025-10-03,False
C011430,Family,2025-10-03,False
C011431,Family,2025-10-03,False
C011432,Delivery,2025-10-03,False
C011433,Delivery,2025-10-03,False
C011434,Leisure,2025-10-04,False
C011435,Leisure,2025-10-04,False
C011436,Leisure,2025-10-04,False
C011437,Leisure,2025-10-04,False
C011438,Leisure,2025-10-04,False
C011439,Leisure,2025-10-04,False
C011440,Leisure,2025-10-04,False
C011441,Leisure,2025-10-04,False
C011442,Family,2025-10-04,False
C011443,Commuter,2025-10-05,False
C011444,Leisure,2025-10-05,False
C011445,Leisure,2025-10-05,False
C011446,Leisure,2025-10-05,False
C011447,Family,2025-10-05,False
C011448,Student,2025-10-06,False
C011449,Student,2025-10-06,False
C011450,Student,2025-10-06,False
C011451,Student,2025-10-06,False
C011452,Leisure,2025-10-06,False
C011453,Leisure,2025-10-06,False
C011454,Leisure,2025-10-06,False
C011455,Delivery,2025-10-06,False
C011456,Delivery,2025-10-06,False
C011457,Delivery,2025-10-06,False
C011458,Delivery,2025-10-06,False
C011459,Commuter,2025-10-07,False
C011460,Student,2025-10-07,False
C011461,Student,2025-10-07,False
C011462,Leisure,2025-10-07,False
C011463,Leisure,2025-10-07,False
C011464,Leisure,2025-10-07,False
C011465,Leisure,2025-10-07,False
C011466,Family,2025-10-07,False
C011467,Delivery,2025-10-07,False
C011468,Commuter,2025-10-08,False
C011469,Commuter,2025-10-08,False
C011470,Leisure,2025-10-08,False
C011471,Leisure,2025-10-08,False
C011472,Family,2025-10-08,False
C011473,Delivery,2025-10-08,False
C011474,Delivery,2025-10-08,False
C011475,Delivery,2025-10-08,False
C011476,Delivery,2025-10-08,False
C011477,Commuter,2025-10-09,False
C011478,Student,2025-10-09,False
C011479,Leisure,2025-10-09,False
C011480,Leisure,2025-10-09,False
C011481,Leisure,2025-10-09,False
C011482,Leisure,2025-10-09,False
C011483,Leisure,2025-10-09,False
C011484,Leisure,2025-10-09,False
C011485,Leisure,2025-10-09,False
C011486,Leisure,2025-10-09,False
C011487,Leisure,2025-10-09,False
C011488,Leisure,2025-10-09,False
C011489,Leisure,2025-10-09,False
C011490,Family,2025-10-09,False
C011491,Family,2025-10-09,False
C011492,Delivery,2025-10-09,False
C011493,Delivery,2025-10-09,False
C011494,Delivery,2025-10-09,False
C011495,Commuter,2025-10-10,False
C011496,Student,2025-10-10,False
C011497,Leisure,2025-10-10,False
C011498,Leisure,2025-10-10,False
C011499,Leisure,2025-10-10,False
C011500,Leisure,2025-10-10,False
C011501,Leisure,2025-10-10,False
C011502,Leisure,2025-10-10,False
C011503,Leisure,2025-10-10,False
C011504,Family,2025-10-10,False
C011505,Family,2025-10-10,False
C011506,Family,2025-10-10,False
C011507,Delivery,2025-10-10,False
C011508,Delivery,2025-10-10,False
C011509,Leisure,2025-10-11,False
C011510,Leisure,2025-10-11,False
C011511,Leisure,2025-10-11,False
C011512,Leisure,2025-10-11,False
C011513,Leisure,2025-10-11,False
C011514,Family,2025-10-11,False
C011515,Family,2025-10-11,False
C011516,Delivery,2025-10-11,False
C011517,Commuter,2025-10-12,False
C011518,Student,2025-10-12,False
C011519,Student,2025-10-12,False
C011520,Leisure,2025-10-12,False
C011521,Leisure,2025-10-12,False
C011522,Leisure,2025-10-12,False
C011523,Leisure,2025-10-12,False
C011524,Leisure,2025-10-12,False
C011525,Leisure,2025-10-12,False
C011526,Leisure,2025-10-12,False
C011527,Leisure,2025-10-12,False
C011528,Leisure,2025-10-12,False
C011529,Delivery,2025-10-12,False
C011530,Delivery,2025-10-12,False
C011531,Delivery,2025-10-12,False
C011532,Commuter,2025-10-13,False
C011533,Commuter,2025-10-13,False
C011534,Leisure,2025-10-13,False
C011535,Leisure,2025-10-13,False
C011536,Leisure,2025-10-13,False
C011537,Family,2025-10-13,False
C011538,Commuter,2025-10-14,False
C011539,Commuter,2025-10-14,False
C011540,Leisure,2025-10-14,False
C011541,Leisure,2025-10-14,False
C011542,Leisure,2025-10-14,False
C011543,Leisure,2025-10-14,False
C011544,Family,2025-10-14,False
C011545,Delivery,2025-10-14,False
C011546,Delivery,2025-10-14,False
C011547,Delivery,2025-10-14,False
C011548,Delivery,2025-10-14,False
C011549,Delivery,2025-10-14,False
C011550,Student,2025-10-15,False
C011551,Leisure,2025-10-15,False
C011552,Leisure,2025-10-15,False
C011553,Leisure,2025-10-15,False
C011554,Leisure,2025-10-15,False
C011555,Delivery,2025-10-15,False
C011556,Delivery,2025-10-15,False
C011557,Delivery,2025-10-15,False
C011558,Delivery,2025-10-15,False
C011559,Commuter,2025-10-16,False
C011560,Commuter,2025-10-16,False
C011561,Commuter,2025-10-16,False
C011562,Student,2025-10-16,False
C011563,Leisure,2025-10-16,False
C011564,Leisure,2025-10-16,False
C011565,Leisure,2025-10-16,False
C011566,Leisure,2025-10-16,False
C011567,Leisure,2025-10-16,False
C011568,Family,2025-10-16,False
C011569,Family,2025-10-16,False
C011570,Delivery,2025-10-16,False
C011571,Delivery,2025-10-16,False
C011572,Delivery,2025-10-16,False
C011573,Delivery,2025-10-16,False
C011574,Commuter,2025-10-17,False
C011575,Leisure,2025-10-17,False
C011576,Leisure,2025-10-17,False
C011577,Leisure,2025-10-17,False
C011578,Leisure,2025-10-17,False
C011579,Leisure,2025-10-17,False
C011580,Leisure,2025-10-17,False
C011581,Leisure,2025-10-17,False
C011582,Leisure,2025-10-17,False
C011583,Family,2025-10-17,False
C011584,Family,2025-10-17,False
C011585,Family,2025-10-17,False
C011586,Family,2025-10-17,False
C011587,Family,2025-10-17,False
C011588,Delivery,2025-10-17,False
C011589,Delivery,2025-10-17,False
C011590,Delivery,2025-10-17,False
C011591,Delivery,2025-10-17,False
C011592,Commuter,2025-10-18,False
C011593,Leisure,2025-10-18,False
C011594,Leisure,2025-10-18,False
C011595,Leisure,2025-10-18,False
C011596,Leisure,2025-10-18,False
C011597,Leisure,2025-10-18,False
C011598,Leisure,2025-10-18,False
C011599,Family,2025-10-18,False
C011600,Family,2025-10-18,False
C011601,Family,2025-10-18,False
C011602,Delivery,2025-10-18,False
C011603,Delivery,2025-10-18,False
C011604,Student,2025-10-19,False
C011605,Student,2025-10-19,False
C011606,Leisure,2025-10-19,False
C011607,Leisure,2025-10-19,False
C011608,Leisure,2025-10-19,False
C011609,Delivery,2025-10-19,False
C011610,Delivery,2025-10-19,False
C011611,Commuter,2025-10-20,False
C011612,Student,2025-10-20,False
C011613,Leisure,2025-10-20,False
C011614,Leisure,2025-10-20,False
C011615,Leisure,2025-10-20,False
C011616,Leisure,2025-10-20,False
C011617,Family,2025-10-20,False
C011618,Delivery,2025-10-20,False
C011619,Delivery,2025-10-20,False
C011620,Commuter,2025-10-21,False
C011621,Commuter,2025-10-21,False
C011622,Student,2025-10-21,False
C011623,Student,2025-10-21,False
C011624,Student,2025-10-21,False
C011625,Leisure,2025-10-21,False
C011626,Leisure,2025-10-21,False
C011627,Leisure,2025-10-21,False
C011628,Family,2025-10-21,False
C011629,Delivery,2025-10-21,False
C011630,Delivery,2025-10-21,False
C011631,Delivery,2025-10-21,False
C011632,Delivery,2025-10-21,False
C011633,Delivery,2025-10-21,False
C011634,Commuter,2025-10-22,False
C011635,Student,2025-10-22,False
C011636,Leisure,2025-10-22,False
C011637,Leisure,2025-10-22,False
C011638,Leisure,2025-10-22,False
C011639,Leisure,2025-10-22,False
C011640,Delivery,2025-10-22,False
C011641,Delivery,2025-10-22,False
C011642,Commuter,2025-10-23,False
C011643,Student,2025-10-23,False
C011644,Leisure,2025-10-23,False
C011645,Leisure,2025-10-23,False
C011646,Leisure,2025-10-23,False
C011647,Leisure,2025-10-23,False
C011648,Leisure,2025-10-23,False
C011649,Leisure,2025-10-23,False
C011650,Leisure,2025-10-23,False
C011651,Leisure,2025-10-23,False
C011652,Family,2025-10-23,False
C011653,Delivery,2025-10-23,False
C011654,Delivery,2025-10-23,False
C011655,Leisure,2025-10-24,False
C011656,Leisure,2025-10-24,False
C011657,Leisure,2025-10-24,False
C011658,Leisure,2025-10-24,False
C011659,Leisure,2025-10-24,False
C011660,Leisure,2025-10-24,False
C011661,Family,2025-10-24,False
C011662,Delivery,2025-10-24,False
C011663,Delivery,2025-10-24,False
C011664,Delivery,2025-10-24,False
C011665,Delivery,2025-10-24,False
C011666,Leisure,2025-10-25,False
C011667,Leisure,2025-10-25,False
C011668,Leisure,2025-10-25,False
C011669,Leisure,2025-10-25,False
C011670,Family,2025-10-25,False
C011671,Family,2025-10-25,False
C011672,Family,2025-10-25,False
C011673,Family,2025-10-25,False
C011674,Delivery,2025-10-25,False
C011675,Delivery,2025-10-25,False
C011676,Delivery,2025-10-25,False
C011677,Delivery,2025-10-25,False
C011678,Delivery,2025-10-25,False
C011679,Delivery,2025-10-25,False
C011680,Commuter,2025-10-26,False
C011681,Student,2025-10-26,False
C011682,Delivery,2025-10-26,False
C011683,Delivery,2025-10-26,False
C011684,Commuter,2025-10-27,False
C011685,Commuter,2025-10-27,False
C011686,Student,2025-10-27,False
C011687,Student,2025-10-27,False
C011688,Student,2025-10-27,False
C011689,Leisure,2025-10-27,False
C011690,Leisure,2025-10-27,False
C011691,Leisure,2025-10-27,False
C011692,Family,2025-10-27,False
C011693,Delivery,2025-10-27,False
C011694,Delivery,2025-10-27,False
C011695,Delivery,2025-10-27,False
C011696,Commuter,2025-10-28,False
C011697,Leisure,2025-10-28,False
C011698,Leisure,2025-10-28,False
C011699,Leisure,2025-10-28,False
C011700,Leisure,2025-10-28,False
C011701,Leisure,2025-10-28,False
C011702,Leisure,2025-10-28,False
C011703,Delivery,2025-10-28,False
C011704,Delivery,2025-10-28,False
C011705,Delivery,2025-10-28,False
C011706,Commuter,2025-10-29,False
C011707,Student,2025-10-29,False
C011708,Leisure,2025-10-29,False
C011709,Leisure,2025-10-29,False
C011710,Leisure,2025-10-29,False
C011711,Leisure,2025-10-29,False
C011712,Leisure,2025-10-29,False
C011713,Leisure,2025-10-29,False
C011714,Leisure,2025-10-29,False
C011715,Family,2025-10-29,False
C011716,Family,2025-10-29,False
C011717,Delivery,2025-10-29,False
C011718,Delivery,2025-10-29,False
C011719,Delivery,2025-10-29,False
C011720,Delivery,2025-10-29,False
C011721,Delivery,2025-10-29,False
C011722,Commuter,2025-10-30,False
C011723,Commuter,2025-10-30,False
C011724,Student,2025-10-30,False
C011725,Student,2025-10-30,False
C011726,Leisure,2025-10-30,False
C011727,Leisure,2025-10-30,False
C011728,Family,2025-10-30,False
C011729,Delivery,2025-10-30,False
C011730,Commuter,2025-10-31,False
C011731,Commuter,2025-10-31,False
C011732,Leisure,2025-10-31,False
C011733,Leisure,2025-10-31,False
C011734,Leisure,2025-10-31,False
C011735,Leisure,2025-10-31,False
C011736,Leisure,2025-10-31,False
C011737,Leisure,2025-10-31,False
C011738,Leisure,2025-10-31,False
C011739,Family,2025-10-31,False
C011740,Family,2025-10-31,False
C011741,Delivery,2025-10-31,False
C011742,Delivery,2025-10-31,False
C011743,Delivery,2025-10-31,False
C011744,Commuter,2025-11-01,False
C011745,Student,2025-11-01,False
C011746,Student,2025-11-01,False
C011747,Leisure,2025-11-01,False
C011748,Leisure,2025-11-01,False
C011749,Leisure,2025-11-01,False
C011750,Leisure,2025-11-01,False
C011751,Family,2025-11-01,False
C011752,Family,2025-11-01,False
C011753,Family,2025-11-01,False
C011754,Delivery,2025-11-01,False
C011755,Delivery,2025-11-01,False
C011756,Student,2025-11-02,False
C011757,Leisure,2025-11-02,False
C011758,Leisure,2025-11-02,False
C011759,Leisure,2025-11-02,False
C011760,Leisure,2025-11-02,False
C011761,Leisure,2025-11-02,False
C011762,Leisure,2025-11-02,False
C011763,Family,2025-11-02,False
C011764,Delivery,2025-11-02,False
C011765,Delivery,2025-11-02,False
C011766,Student,2025-11-03,False
C011767,Student,2025-11-03,False
C011768,Leisure,2025-11-03,False
C011769,Leisure,2025-11-03,False
C011770,Leisure,2025-11-03,False
C011771,Leisure,2025-11-03,False
C011772,Leisure,2025-11-03,False
C011773,Family,2025-11-03,False
C011774,Delivery,2025-11-03,False
C011775,Delivery,2025-11-03,False
C011776,Commuter,2025-11-04,False
C011777,Commuter,2025-11-04,False
C011778,Commuter,2025-11-04,False
C011779,Student,2025-11-04,False
C011780,Student,2025-11-04,False
C011781,Leisure,2025-11-04,False
C011782,Leisure,2025-11-04,False
C011783,Family,2025-11-04,False
C011784,Family,2025-11-04,False
C011785,Commuter,2025-11-05,False
C011786,Commuter,2025-11-05,False
C011787,Commuter,2025-11-05,False
C011788,Commuter,2025-11-05,False
C011789,Leisure,2025-11-05,False
C011790,Leisure,2025-11-05,False
C011791,Leisure,2025-11-05,False
C011792,Leisure,2025-11-05,False
C011793,Leisure,2025-11-05,False
C011794,Leisure,2025-11-05,False
C011795,Leisure,2025-11-05,False
C011796,Family,2025-11-05,False
C011797,Family,2025-11-05,False
C011798,Delivery,2025-11-05,False
C011799,Delivery,2025-11-05,False
C011800,Delivery,2025-11-05,False
C011801,Commuter,2025-11-06,False
C011802,Student,2025-11-06,False
C011803,Student,2025-11-06,False
C011804,Leisure,2025-11-06,False
C011805,Leisure,2025-11-06,False
C011806,Leisure,2025-11-06,False
C011807,Leisure,2025-11-06,False
C011808,Leisure,2025-11-06,False
C011809,Leisure,2025-11-06,False
C011810,Leisure,2025-11-06,False
C011811,Leisure,2025-11-06,False
C011812,Leisure,2025-11-06,False
C011813,Leisure,2025-11-06,False
C011814,Family,2025-11-06,False
C011815,Family,2025-11-06,False
C011816,Family,2025-11-06,False
C011817,Family,2025-11-06,False
C011818,Delivery,2025-11-06,False
C011819,Commuter,2025-11-07,False
C011820,Leisure,2025-11-07,False
C011821,Leisure,2025-11-07,False
C011822,Leisure,2025-11-07,False
C011823,Leisure,2025-11-07,False
C011824,Leisure,2025-11-07,False
C011825,Leisure,2025-11-07,False
C011826,Leisure,2025-11-07,False
C011827,Leisure,2025-11-07,False
C011828,Leisure,2025-11-07,False
C011829,Leisure,2025-11-07,False
C011830,Leisure,2025-11-07,False
C011831,Family,2025-11-07,False
C011832,Family,2025-11-07,False
C011833,Family,2025-11-07,False
C011834,Family,2025-11-07,False
C011835,Family,2025-11-07,False
C011836,Family,2025-11-07,False
C011837,Family,2025-11-07,False
C011838,Family,2025-11-07,False
C011839,Delivery,2025-11-07,False
C011840,Delivery,2025-11-07,False
C011841,Delivery,2025-11-07,False
C011842,Leisure,2025-11-08,False
C011843,Leisure,2025-11-08,False
C011844,Leisure,2025-11-08,False
C011845,Leisure,2025-11-08,False
C011846,Leisure,2025-11-08,False
C011847,Leisure,2025-11-08,False
C011848,Family,2025-11-08,False
C011849,Family,2025-11-08,False
C011850,Family,2025-11-08,False
C011851,Commuter,2025-11-09,False
C011852,Commuter,2025-11-09,False
C011853,Student,2025-11-09,False
C011854,Student,2025-11-09,False
C011855,Student,2025-11-09,False
C011856,Student,2025-11-09,False
C011857,Student,2025-11-09,False
C011858,Leisure,2025-11-09,False
C011859,Leisure,2025-11-09,False
C011860,Leisure,2025-11-09,False
C011861,Leisure,2025-11-09,False
C011862,Leisure,2025-11-09,False
C011863,Family,2025-11-09,False
C011864,Delivery,2025-11-09,False
C011865,Delivery,2025-11-09,False
C011866,Commuter,2025-11-10,False
C011867,Leisure,2025-11-10,False
C011868,Leisure,2025-11-10,False
C011869,Leisure,2025-11-10,False
C011870,Family,2025-11-10,False
C011871,Delivery,2025-11-10,False
C011872,Delivery,2025-11-10,False
C011873,Delivery,2025-11-10,False
C011874,Delivery,2025-11-10,False
C011875,Commuter,2025-11-11,False
C011876,Student,2025-11-11,False
C011877,Student,2025-11-11,False
C011878,Leisure,2025-11-11,False
C011879,Leisure,2025-11-11,False
C011880,Leisure,2025-11-11,False
C011881,Leisure,2025-11-11,False
C011882,Leisure,2025-11-11,False
C011883,Leisure,2025-11-11,False
C011884,Leisure,2025-11-11,False
C011885,Family,2025-11-11,False
C011886,Delivery,2025-11-11,False
C011887,Delivery,2025-11-11,False
C011888,Delivery,2025-11-11,False
C011889,Commuter,2025-11-12,False
C011890,Student,2025-11-12,False
C011891,Leisure,2025-11-12,False
C011892,Leisure,2025-11-12,False
C011893,Leisure,2025-11-12,False
C011894,Family,2025-11-12,False
C011895,Family,2025-11-12,False
C011896,Delivery,2025-11-12,False
C011897,Delivery,2025-11-12,False
C011898,Commuter,2025-11-13,False
C011899,Commuter,2025-11-13,False
C011900,Student,2025-11-13,False
C011901,Student,2025-11-13,False
C011902,Student,2025-11-13,False
C011903,Student,2025-11-13,False
C011904,Leisure,2025-11-13,False
C011905,Leisure,2025-11-13,False
C011906,Leisure,2025-11-13,False
C011907,Leisure,2025-11-13,False
C011908,Leisure,2025-11-13,False
C011909,Leisure,2025-11-13,False
C011910,Leisure,2025-11-13,False
C011911,Leisure,2025-11-13,False
C011912,Leisure,2025-11-13,False
C011913,Leisure,2025-11-13,False
C011914,Family,2025-11-13,False
C011915,Family,2025-11-13,False
C011916,Family,2025-11-13,False
C011917,Delivery,2025-11-13,False
C011918,Delivery,2025-11-13,False
C011919,Delivery,2025-11-13,False
C011920,Leisure,2025-11-14,False
C011921,Leisure,2025-11-14,False
C011922,Leisure,2025-11-14,False
C011923,Leisure,2025-11-14,False
C011924,Leisure,2025-11-14,False
C011925,Leisure,2025-11-14,False
C011926,Leisure,2025-11-14,False
C011927,Family,2025-11-14,False
C011928,Family,2025-11-14,False
C011929,Family,2025-11-14,False
C011930,Family,2025-11-14,False
C011931,Family,2025-11-14,False
C011932,Family,2025-11-14,False
C011933,Family,2025-11-14,False
C011934,Delivery,2025-11-14,False
C011935,Delivery,2025-11-14,False
C011936,Delivery,2025-11-14,False
C011937,Delivery,2025-11-14,False
C011938,Delivery,2025-11-14,False
C011939,Leisure,2025-11-15,False
C011940,Leisure,2025-11-15,False
C011941,Leisure,2025-11-15,False
C011942,Leisure,2025-11-15,False
C011943,Leisure,2025-11-15,False
C011944,Leisure,2025-11-15,False
C011945,Leisure,2025-11-15,False
C011946,Family,2025-11-15,False
C011947,Family,2025-11-15,False
C011948,Delivery,2025-11-15,False
C011949,Commuter,2025-11-16,False
C011950,Commuter,2025-11-16,False
C011951,Commuter,2025-11-16,False
C011952,Commuter,2025-11-16,False
C011953,Commuter,2025-11-16,False
C011954,Student,2025-11-16,False
C011955,Leisure,2025-11-16,False
C011956,Leisure,2025-11-16,False
C011957,Leisure,2025-11-16,False
C011958,Leisure,2025-11-16,False
C011959,Leisure,2025-11-16,False
C011960,Family,2025-11-16,False
C011961,Delivery,2025-11-16,False
C011962,Delivery,2025-11-16,False
C011963,Delivery,2025-11-16,False
C011964,Commuter,2025-11-17,False
C011965,Commuter,2025-11-17,False
C011966,Commuter,2025-11-17,False
C011967,Leisure,2025-11-17,False
C011968,Leisure,2025-11-17,False
C011969,Leisure,2025-11-17,False
C011970,Family,2025-11-17,False
C011971,Family,2025-11-17,False
C011972,Family,2025-11-17,False
C011973,Delivery,2025-11-17,False
C011974,Delivery,2025-11-17,False
C011975,Commuter,2025-11-18,False
C011976,Student,2025-11-18,False
C011977,Student,2025-11-18,False
C011978,Leisure,2025-11-18,False
C011979,Leisure,2025-11-18,False
C011980,Commuter,2025-11-19,False
C011981,Commuter,2025-11-19,False
C011982,Commuter,2025-11-19,False
C011983,Student,2025-11-19,False
C011984,Leisure,2025-11-19,False
C011985,Leisure,2025-11-19,False
C011986,Leisure,2025-11-19,False
C011987,Family,2025-11-19,False
C011988,Family,2025-11-19,False
C011989,Delivery,2025-11-19,False
C011990,Delivery,2025-11-19,False
C011991,Delivery,2025-11-19,False
C011992,Delivery,2025-11-19,False
C011993,Leisure,2025-11-20,False
C011994,Leisure,2025-11-20,False
C011995,Leisure,2025-11-20,False
C011996,Leisure,2025-11-20,False
C011997,Leisure,2025-11-20,False
C011998,Leisure,2025-11-20,False
C011999,Leisure,2025-11-20,False
C012000,Leisure,2025-11-20,False
C012001,Leisure,2025-11-20,False
C012002,Leisure,2025-11-20,False
C012003,Leisure,2025-11-20,False
C012004,Leisure,2025-11-20,False
C012005,Leisure,2025-11-20,False
C012006,Leisure,2025-11-20,False
C012007,Family,2025-11-20,False
C012008,Delivery,2025-11-20,False
C012009,Delivery,2025-11-20,False
C012010,Delivery,2025-11-20,False
C012011,Commuter,2025-11-21,False
C012012,Student,2025-11-21,False
C012013,Leisure,2025-11-21,False
C012014,Leisure,2025-11-21,False
C012015,Leisure,2025-11-21,False
C012016,Leisure,2025-11-21,False
C012017,Leisure,2025-11-21,False
C012018,Leisure,2025-11-21,False
C012019,Family,2025-11-21,False
C012020,Family,2025-11-21,False
C012021,Family,2025-11-21,False
C012022,Family,2025-11-21,False
C012023,Delivery,2025-11-21,False
C012024,Delivery,2025-11-21,False
C012025,Delivery,2025-11-21,False
C012026,Delivery,2025-11-21,False
C012027,Leisure,2025-11-22,False
C012028,Leisure,2025-11-22,False
C012029,Leisure,2025-11-22,False
C012030,Leisure,2025-11-22,False
C012031,Leisure,2025-11-22,False
C012032,Leisure,2025-11-22,False
C012033,Leisure,2025-11-22,False
C012034,Leisure,2025-11-22,False
C012035,Leisure,2025-11-22,False
C012036,Family,2025-11-22,False
C012037,Family,2025-11-22,False
C012038,Family,2025-11-22,False
C012039,Delivery,2025-11-22,False
C012040,Delivery,2025-11-22,False
C012041,Delivery,2025-11-22,False
C012042,Delivery,2025-11-22,False
C012043,Commuter,2025-11-23,False
C012044,Leisure,2025-11-23,False
C012045,Leisure,2025-11-23,False
C012046,Leisure,2025-11-23,False
C012047,Leisure,2025-11-23,False
C012048,Leisure,2025-11-23,False
C012049,Family,2025-11-23,False
C012050,Delivery,2025-11-23,False
C012051,Delivery,2025-11-23,False
C012052,Delivery,2025-11-23,False
C012053,Student,2025-11-24,False
C012054,Leisure,2025-11-24,False
C012055,Leisure,2025-11-24,False
C012056,Leisure,2025-11-24,False
C012057,Leisure,2025-11-24,False
C012058,Leisure,2025-11-24,False
C012059,Leisure,2025-11-24,False
C012060,Family,2025-11-24,False
C012061,Delivery,2025-11-24,False
C012062,Delivery,2025-11-24,False
C012063,Delivery,2025-11-24,False
C012064,Commuter,2025-11-25,False
C012065,Commuter,2025-11-25,False
C012066,Leisure,2025-11-25,False
C012067,Leisure,2025-11-25,False
C012068,Leisure,2025-11-25,False
C012069,Leisure,2025-11-25,False
C012070,Family,2025-11-25,False
C012071,Delivery,2025-11-25,False
C012072,Commuter,2025-11-26,False
C012073,Student,2025-11-26,False
C012074,Student,2025-11-26,False
C012075,Leisure,2025-11-26,False
C012076,Leisure,2025-11-26,False
C012077,Leisure,2025-11-26,False
C012078,Leisure,2025-11-26,False
C012079,Leisure,2025-11-26,False
C012080,Leisure,2025-11-26,False
C012081,Leisure,2025-11-26,False
C012082,Leisure,2025-11-26,False
C012083,Leisure,2025-11-26,False
C012084,Leisure,2025-11-26,False
C012085,Leisure,2025-11-26,False
C012086,Leisure,2025-11-26,False
C012087,Leisure,2025-11-26,False
C012088,Leisure,2025-11-26,False
C012089,Family,2025-11-26,False
C012090,Family,2025-11-26,False
C012091,Delivery,2025-11-26,False
C012092,Delivery,2025-11-26,False
C012093,Delivery,2025-11-26,False
C012094,Delivery,2025-11-26,False
C012095,Delivery,2025-11-26,False
C012096,Delivery,2025-11-26,False
C012097,Delivery,2025-11-26,False
C012098,Delivery,2025-11-26,False
C012099,Delivery,2025-11-26,False
C012100,Delivery,2025-11-26,False
C012101,Commuter,2025-11-27,False
C012102,Commuter,2025-11-27,False
C012103,Leisure,2025-11-27,False
C012104,Leisure,2025-11-27,False
C012105,Leisure,2025-11-27,False
C012106,Leisure,2025-11-27,False
C012107,Leisure,2025-11-27,False
C012108,Leisure,2025-11-27,False
C012109,Leisure,2025-11-27,False
C012110,Leisure,2025-11-27,False
C012111,Leisure,2025-11-27,False
C012112,Leisure,2025-11-27,False
C012113,Leisure,2025-11-27,False
C012114,Leisure,2025-11-27,False
C012115,Leisure,2025-11-27,False
C012116,Leisure,2025-11-27,False
C012117,Leisure,2025-11-27,False
C012118,Leisure,2025-11-27,False
C012119,Leisure,2025-11-27,False
C012120,Leisure,2025-11-27,False
C012121,Leisure,2025-11-27,False
C012122,Leisure,2025-11-27,False
C012123,Leisure,2025-11-27,False
C012124,Leisure,2025-11-27,False
C012125,Leisure,2025-11-27,False
C012126,Leisure,2025-11-27,False
C012127,Leisure,2025-11-27,False
C012128,Leisure,2025-11-27,False
C012129,Leisure,2025-11-27,False
C012130,Leisure,2025-11-27,False
C012131,Leisure,2025-11-27,False
C012132,Leisure,2025-11-27,False
C012133,Leisure,2025-11-27,False
C012134,Leisure,2025-11-27,False
C012135,Family,2025-11-27,False
C012136,Family,2025-11-27,False
C012137,Family,2025-11-27,False
C012138,Family,2025-11-27,False
C012139,Family,2025-11-27,False
C012140,Family,2025-11-27,False
C012141,Family,2025-11-27,False
C012142,Delivery,2025-11-27,False
C012143,Delivery,2025-11-27,False
C012144,Delivery,2025-11-27,False
C012145,Delivery,2025-11-27,False
C012146,Delivery,2025-11-27,False
C012147,Delivery,2025-11-27,False
C012148,Delivery,2025-11-27,False
C012149,Delivery,2025-11-27,False
C012150,Student,2025-11-28,False
C012151,Leisure,2025-11-28,False
C012152,Leisure,2025-11-28,False
C012153,Leisure,2025-11-28,False
C012154,Leisure,2025-11-28,False
C012155,Leisure,2025-11-28,False
C012156,Leisure,2025-11-28,False
C012157,Leisure,2025-11-28,False
C012158,Leisure,2025-11-28,False
C012159,Leisure,2025-11-28,False
C012160,Leisure,2025-11-28,False
C012161,Leisure,2025-11-28,False
C012162,Leisure,2025-11-28,False
C012163,Leisure,2025-11-28,False
C012164,Leisure,2025-11-28,False
C012165,Leisure,2025-11-28,False
C012166,Leisure,2025-11-28,False
C012167,Leisure,2025-11-28,False
C012168,Leisure,2025-11-28,False
C012169,Leisure,2025-11-28,False
C012170,Leisure,2025-11-28,False
C012171,Leisure,2025-11-28,False
C012172,Leisure,2025-11-28,False
C012173,Leisure,2025-11-28,False
C012174,Leisure,2025-11-28,False
C012175,Leisure,2025-11-28,False
C012176,Leisure,2025-11-28,False
C012177,Leisure,2025-11-28,False
C012178,Leisure,2025-11-28,False
C012179,Family,2025-11-28,False
C012180,Family,2025-11-28,False
C012181,Family,2025-11-28,False
C012182,Family,2025-11-28,False
C012183,Family,2025-11-28,False
C012184,Family,2025-11-28,False
C012185,Family,2025-11-28,False
C012186,Family,2025-11-28,False
C012187,Family,2025-11-28,False
C012188,Delivery,2025-11-28,False
C012189,Delivery,2025-11-28,False
C012190,Delivery,2025-11-28,False
C012191,Delivery,2025-11-28,False
C012192,Delivery,2025-11-28,False
C012193,Delivery,2025-11-28,False
C012194,Delivery,2025-11-28,False
C012195,Delivery,2025-11-28,False
C012196,Delivery,2025-11-28,False
C012197,Delivery,2025-11-28,False
C012198,Delivery,2025-11-28,False
C012199,Commuter,2025-11-29,False
C012200,Commuter,2025-11-29,False
C012201,Student,2025-11-29,False
C012202,Student,2025-11-29,False
C012203,Student,2025-11-29,False
C012204,Leisure,2025-11-29,False
C012205,Leisure,2025-11-29,False
C012206,Leisure,2025-11-29,False
C012207,Leisure,2025-11-29,False
C012208,Leisure,2025-11-29,False
C012209,Leisure,2025-11-29,False
C012210,Leisure,2025-11-29,False
C012211,Leisure,2025-11-29,False
C012212,Leisure,2025-11-29,False
C012213,Leisure,2025-11-29,False
C012214,Leisure,2025-11-29,False
C012215,Leisure,2025-11-29,False
C012216,Leisure,2025-11-29,False
C012217,Leisure,2025-11-29,False
C012218,Family,2025-11-29,False
C012219,Family,2025-11-29,False
C012220,Family,2025-11-29,False
C012221,Family,2025-11-29,False
C012222,Family,2025-11-29,False
C012223,Family,2025-11-29,False
C012224,Family,2025-11-29,False
C012225,Family,2025-11-29,False
C012226,Family,2025-11-29,False
C012227,Family,2025-11-29,False
C012228,Family,2025-11-29,False
C012229,Delivery,2025-11-29,False
C012230,Delivery,2025-11-29,False
C012231,Delivery,2025-11-29,False
C012232,Delivery,2025-11-29,False
C012233,Delivery,2025-11-29,False
C012234,Delivery,2025-11-29,False
C012235,Delivery,2025-11-29,False
C012236,Delivery,2025-11-29,False
C012237,Delivery,2025-11-29,False
C012238,Delivery,2025-11-29,False
C012239,Delivery,2025-11-29,False
C012240,Commuter,2025-11-30,False
C012241,Commuter,2025-11-30,False
C012242,Commuter,2025-11-30,False
C012243,Commuter,2025-11-30,False
C012244,Student,2025-11-30,False
C012245,Student,2025-11-30,False
C012246,Student,2025-11-30,False
C012247,Student,2025-11-30,False
C012248,Leisure,2025-11-30,False
C012249,Leisure,2025-11-30,False
C012250,Leisure,2025-11-30,False
C012251,Leisure,2025-11-30,False
C012252,Leisure,2025-11-30,False
C012253,Leisure,2025-11-30,False
C012254,Leisure,2025-11-30,False
C012255,Leisure,2025-11-30,False
C012256,Leisure,2025-11-30,False
C012257,Leisure,2025-11-30,False
C012258,Family,2025-11-30,False
C012259,Family,2025-11-30,False
C012260,Family,2025-11-30,False
C012261,Delivery,2025-11-30,False
C012262,Delivery,2025-11-30,False
C012263,Delivery,2025-11-30,False
C012264,Commuter,2025-12-01,False
C012265,Commuter,2025-12-01,False
C012266,Commuter,2025-12-01,False
C012267,Commuter,2025-12-01,False
C012268,Student,2025-12-01,False
C012269,Student,2025-12-01,False
C012270,Student,2025-12-01,False
C012271,Leisure,2025-12-01,False
C012272,Leisure,2025-12-01,False
C012273,Leisure,2025-12-01,False
C012274,Leisure,2025-12-01,False
C012275,Leisure,2025-12-01,False
C012276,Leisure,2025-12-01,False
C012277,Leisure,2025-12-01,False
C012278,Leisure,2025-12-01,False
C012279,Leisure,2025-12-01,False
C012280,Family,2025-12-01,False
C012281,Family,2025-12-01,False
C012282,Family,2025-12-01,False
C012283,Family,2025-12-01,False
C012284,Delivery,2025-12-01,False
C012285,Delivery,2025-12-01,False
C012286,Delivery,2025-12-01,False
C012287,Delivery,2025-12-01,False
C012288,Delivery,2025-12-01,False
C012289,Delivery,2025-12-01,False
C012290,Delivery,2025-12-01,False
C012291,Delivery,2025-12-01,False
C012292,Delivery,2025-12-01,False
C012293,Leisure,2025-12-02,False
C012294,Leisure,2025-12-02,False
C012295,Family,2025-12-02,False
C012296,Commuter,2025-12-03,False
C012297,Student,2025-12-03,False
C012298,Student,2025-12-03,False
C012299,Leisure,2025-12-03,False
C012300,Leisure,2025-12-03,False
C012301,Family,2025-12-03,False
C012302,Delivery,2025-12-03,False
C012303,Delivery,2025-12-03,False
C012304,Delivery,2025-12-03,False
C012305,Commuter,2025-12-04,False
C012306,Commuter,2025-12-04,False
C012307,Student,2025-12-04,False
C012308,Leisure,2025-12-04,False
C012309,Leisure,2025-12-04,False
C012310,Leisure,2025-12-04,False
C012311,Leisure,2025-12-04,False
C012312,Leisure,2025-12-04,False
C012313,Leisure,2025-12-04,False
C012314,Leisure,2025-12-04,False
C012315,Family,2025-12-04,False
C012316,Family,2025-12-04,False
C012317,Family,2025-12-04,False
C012318,Family,2025-12-04,False
C012319,Leisure,2025-12-05,False
C012320,Leisure,2025-12-05,False
C012321,Leisure,2025-12-05,False
C012322,Leisure,2025-12-05,False
C012323,Leisure,2025-12-05,False
C012324,Leisure,2025-12-05,False
C012325,Family,2025-12-05,False
C012326,Family,2025-12-05,False
C012327,Family,2025-12-05,False
C012328,Family,2025-12-05,False
C012329,Delivery,2025-12-05,False
C012330,Delivery,2025-12-05,False
C012331,Delivery,2025-12-05,False
C012332,Delivery,2025-12-05,False
C012333,Delivery,2025-12-05,False
C012334,Commuter,2025-12-06,False
C012335,Commuter,2025-12-06,False
C012336,Student,2025-12-06,False
C012337,Student,2025-12-06,False
C012338,Leisure,2025-12-06,False
C012339,Leisure,2025-12-06,False
C012340,Leisure,2025-12-06,False
C012341,Leisure,2025-12-06,False
C012342,Leisure,2025-12-06,False
C012343,Leisure,2025-12-06,False
C012344,Leisure,2025-12-06,False
C012345,Leisure,2025-12-06,False
C012346,Family,2025-12-06,False
C012347,Family,2025-12-06,False
C012348,Family,2025-12-06,False
C012349,Family,2025-12-06,False
C012350,Delivery,2025-12-06,False
C012351,Delivery,2025-12-06,False
C012352,Student,2025-12-07,False
C012353,Leisure,2025-12-07,False
C012354,Leisure,2025-12-07,False
C012355,Leisure,2025-12-07,False
C012356,Family,2025-12-07,False
C012357,Delivery,2025-12-07,False
C012358,Commuter,2025-12-08,False
C012359,Student,2025-12-08,False
C012360,Student,2025-12-08,False
C012361,Student,2025-12-08,False
C012362,Leisure,2025-12-08,False
C012363,Leisure,2025-12-08,False
C012364,Leisure,2025-12-08,False
C012365,Leisure,2025-12-08,False
C012366,Leisure,2025-12-08,False
C012367,Leisure,2025-12-08,False
C012368,Leisure,2025-12-08,False
C012369,Leisure,2025-12-08,False
C012370,Family,2025-12-08,False
C012371,Family,2025-12-08,False
C012372,Delivery,2025-12-08,False
C012373,Commuter,2025-12-09,False
C012374,Commuter,2025-12-09,False
C012375,Commuter,2025-12-09,False
C012376,Commuter,2025-12-09,False
C012377,Student,2025-12-09,False
C012378,Leisure,2025-12-09,False
C012379,Leisure,2025-12-09,False
C012380,Leisure,2025-12-09,False
C012381,Leisure,2025-12-09,False
C012382,Leisure,2025-12-09,False
C012383,Leisure,2025-12-09,False
C012384,Family,2025-12-09,False
C012385,Delivery,2025-12-09,False
C012386,Delivery,2025-12-09,False
C012387,Commuter,2025-12-10,False
C012388,Commuter,2025-12-10,False
C012389,Commuter,2025-12-10,False
C012390,Leisure,2025-12-10,False
C012391,Leisure,2025-12-10,False
C012392,Leisure,2025-12-10,False
C012393,Leisure,2025-12-10,False
C012394,Leisure,2025-12-10,False
C012395,Leisure,2025-12-10,False
C012396,Leisure,2025-12-10,False
C012397,Delivery,2025-12-10,False
C012398,Delivery,2025-12-10,False
C012399,Delivery,2025-12-10,False
C012400,Delivery,2025-12-10,False
C012401,Delivery,2025-12-10,False
C012402,Delivery,2025-12-10,False
C012403,Leisure,2025-12-11,False
C012404,Leisure,2025-12-11,False
C012405,Leisure,2025-12-11,False
C012406,Leisure,2025-12-11,False
C012407,Leisure,2025-12-11,False
C012408,Leisure,2025-12-11,False
C012409,Leisure,2025-12-11,False
C012410,Leisure,2025-12-11,False
C012411,Leisure,2025-12-11,False
C012412,Leisure,2025-12-11,False
C012413,Family,2025-12-11,False
C012414,Family,2025-12-11,False
C012415,Delivery,2025-12-11,False
C012416,Delivery,2025-12-11,False
C012417,Delivery,2025-12-11,False
C012418,Delivery,2025-12-11,False
C012419,Commuter,2025-12-12,False
C012420,Student,2025-12-12,False
C012421,Leisure,2025-12-12,False
C012422,Leisure,2025-12-12,False
C012423,Leisure,2025-12-12,False
C012424,Leisure,2025-12-12,False
C012425,Family,2025-12-12,False
C012426,Family,2025-12-12,False
C012427,Delivery,2025-12-12,False
C012428,Delivery,2025-12-12,False
C012429,Delivery,2025-12-12,False
C012430,Delivery,2025-12-12,False
C012431,Leisure,2025-12-13,False
C012432,Leisure,2025-12-13,False
C012433,Leisure,2025-12-13,False
C012434,Leisure,2025-12-13,False
C012435,Family,2025-12-13,False
C012436,Family,2025-12-13,False
C012437,Family,2025-12-13,False
C012438,Student,2025-12-14,False
C012439,Student,2025-12-14,False
C012440,Student,2025-12-14,False
C012441,Leisure,2025-12-14,False
C012442,Leisure,2025-12-14,False
C012443,Leisure,2025-12-14,False
C012444,Leisure,2025-12-14,False
C012445,Family,2025-12-14,False
C012446,Delivery,2025-12-14,False
C012447,Delivery,2025-12-14,False
C012448,Delivery,2025-12-14,False
C012449,Commuter,2025-12-15,False
C012450,Commuter,2025-12-15,False
C012451,Commuter,2025-12-15,False
C012452,Student,2025-12-15,False
C012453,Leisure,2025-12-15,False
C012454,Leisure,2025-12-15,False
C012455,Leisure,2025-12-15,False
C012456,Family,2025-12-15,False
C012457,Family,2025-12-15,False
C012458,Family,2025-12-15,False
C012459,Delivery,2025-12-15,False
C012460,Delivery,2025-12-15,False
C012461,Delivery,2025-12-15,False
C012462,Student,2025-12-16,False
C012463,Student,2025-12-16,False
C012464,Student,2025-12-16,False
C012465,Leisure,2025-12-16,False
C012466,Leisure,2025-12-16,False
C012467,Leisure,2025-12-16,False
C012468,Leisure,2025-12-16,False
C012469,Family,2025-12-16,False
C012470,Family,2025-12-16,False
C012471,Delivery,2025-12-16,False
C012472,Delivery,2025-12-16,False
C012473,Delivery,2025-12-16,False
C012474,Commuter,2025-12-17,False
C012475,Student,2025-12-17,False
C012476,Student,2025-12-17,False
C012477,Leisure,2025-12-17,False
C012478,Delivery,2025-12-17,False
C012479,Delivery,2025-12-17,False
C012480,Commuter,2025-12-18,False
C012481,Commuter,2025-12-18,False
C012482,Commuter,2025-12-18,False
C012483,Commuter,2025-12-18,False
C012484,Commuter,2025-12-18,False
C012485,Student,2025-12-18,False
C012486,Leisure,2025-12-18,False
C012487,Leisure,2025-12-18,False
C012488,Leisure,2025-12-18,False
C012489,Leisure,2025-12-18,False
C012490,Family,2025-12-18,False
C012491,Leisure,2025-12-19,False
C012492,Leisure,2025-12-19,False
C012493,Leisure,2025-12-19,False
C012494,Leisure,2025-12-19,False
C012495,Leisure,2025-12-19,False
C012496,Leisure,2025-12-19,False
C012497,Leisure,2025-12-19,False
C012498,Family,2025-12-19,False
C012499,Family,2025-12-19,False
C012500,Family,2025-12-19,False
C012501,Family,2025-12-19,False
C012502,Family,2025-12-19,False
C012503,Delivery,2025-12-19,False
C012504,Delivery,2025-12-19,False
C012505,Delivery,2025-12-19,False
C012506,Student,2025-12-20,False
C012507,Student,2025-12-20,False
C012508,Student,2025-12-20,False
C012509,Leisure,2025-12-20,False
C012510,Leisure,2025-12-20,False
C012511,Delivery,2025-12-20,False
C012512,Delivery,2025-12-20,False
C012513,Delivery,2025-12-20,False
C012514,Delivery,2025-12-20,False
C012515,Commuter,2025-12-21,False
C012516,Commuter,2025-12-21,False
C012517,Commuter,2025-12-21,False
C012518,Student,2025-12-21,False
C012519,Leisure,2025-12-21,False
C012520,Leisure,2025-12-21,False
C012521,Leisure,2025-12-21,False
C012522,Leisure,2025-12-22,False
C012523,Leisure,2025-12-22,False
C012524,Student,2025-12-23,False
C012525,Student,2025-12-23,False
C012526,Student,2025-12-23,False
C012527,Leisure,2025-12-23,False
C012528,Delivery,2025-12-23,False
C012529,Commuter,2025-12-24,False
C012530,Student,2025-12-24,False
C012531,Student,2025-12-24,False
C012532,Student,2025-12-24,False
C012533,Student,2025-12-24,False
C012534,Leisure,2025-12-24,False
C012535,Leisure,2025-12-24,False
C012536,Leisure,2025-12-24,False
C012537,Family,2025-12-24,False
C012538,Family,2025-12-24,False
C012539,Family,2025-12-24,False
C012540,Delivery,2025-12-24,False
C012541,Commuter,2025-12-25,False
C012542,Commuter,2025-12-25,False
C012543,Student,2025-12-25,False
C012544,Student,2025-12-25,False
C012545,Student,2025-12-25,False
C012546,Leisure,2025-12-25,False
C012547,Leisure,2025-12-25,False
C012548,Leisure,2025-12-25,False
C012549,Leisure,2025-12-25,False
C012550,Leisure,2025-12-25,False
C012551,Leisure,2025-12-25,False
C012552,Leisure,2025-12-25,False
C012553,Family,2025-12-25,False
C012554,Student,2025-12-26,False
C012555,Leisure,2025-12-26,False
C012556,Leisure,2025-12-26,False
C012557,Family,2025-12-26,False
C012558,Family,2025-12-26,False
C012559,Family,2025-12-26,False
C012560,Family,2025-12-26,False
C012561,Delivery,2025-12-26,False
C012562,Delivery,2025-12-26,False
C012563,Delivery,2025-12-26,False
C012564,Delivery,2025-12-26,False
C012565,Delivery,2025-12-26,False
C012566,Delivery,2025-12-26,False
C012567,Commuter,2025-12-27,False
C012568,Commuter,2025-12-27,False
C012569,Leisure,2025-12-27,False
C012570,Leisure,2025-12-27,False
C012571,Leisure,2025-12-27,False
C012572,Leisure,2025-12-27,False
C012573,Leisure,2025-12-27,False
C012574,Leisure,2025-12-27,False
C012575,Leisure,2025-12-27,False
C012576,Leisure,2025-12-27,False
C012577,Family,2025-12-27,False
C012578,Family,2025-12-27,False
C012579,Delivery,2025-12-27,False
C012580,Delivery,2025-12-27,False
C012581,Delivery,2025-12-27,False
C012582,Delivery,2025-12-27,False
C012583,Commuter,2025-12-28,False
C012584,Commuter,2025-12-28,False
C012585,Commuter,2025-12-28,False
C012586,Student,2025-12-28,False
C012587,Leisure,2025-12-28,False
C012588,Leisure,2025-12-28,False
C012589,Leisure,2025-12-28,False
C012590,Family,2025-12-28,False
C012591,Commuter,2025-12-29,False
C012592,Commuter,2025-12-29,False
C012593,Commuter,2025-12-29,False
C012594,Student,2025-12-29,False
C012595,Student,2025-12-29,False
C012596,Leisure,2025-12-29,False
C012597,Family,2025-12-29,False
C012598,Family,2025-12-29,False
C012599,Delivery,2025-12-29,False
C012600,Delivery,2025-12-29,False
C012601,Commuter,2025-12-30,False
C012602,Commuter,2025-12-30,False
C012603,Commuter,2025-12-30,False
C012604,Student,2025-12-30,False
C012605,Student,2025-12-30,False
C012606,Leisure,2025-12-30,False
C012607,Leisure,2025-12-30,False
C012608,Leisure,2025-12-30,False
C012609,Leisure,2025-12-30,False
C012610,Leisure,2025-12-30,False
C012611,Leisure,2025-12-30,False
C012612,Family,2025-12-30,False
C012613,Delivery,2025-12-30,False
C012614,Delivery,2025-12-30,False
C012615,Delivery,2025-12-30,False
C012616,Commuter,2025-12-31,False
C012617,Commuter,2025-12-31,False
C012618,Leisure,2025-12-31,False
C012619,Leisure,2025-12-31,False
C012620,Leisure,2025-12-31,False
C012621,Leisure,2025-12-31,False
C012622,Leisure,2025-12-31,False
C012623,Delivery,2025-12-31,False
