Date,Day_Type,Temp_C,School_Period,Days_Since_Payday,Ramadan_Day,Eid_Fitr_Day,Adha_Rel_Day,E_trend,E_regime,E_month_shock,E_month_behaviour,E_day_of_week,E_climate,E_school,E_salary,E_ramadan,E_holiday,E_promotion,E_structural,E_anomaly,Lambda_Commuter,Lambda_Student,Lambda_Leisure,Lambda_Family,Lambda_Delivery,Expected_Orders,Noise_Factor_Total,Simulated_Retail_Orders,Corporate_Orders,Unlabelled_Anomaly,Structural_Note,Orders_Commuter,Orders_Student,Orders_Leisure,Orders_Family,Orders_Delivery
2023-01-01,wkday,15.1,In Session,5,0,0,,1.0,1.0,1.01687,1.03463,0.89856,0.97811,1.0,1.00833,1.0,1.0,1.0,1.0,1.0,69.818,35.549,65.692,14.917,25.571,211.547,0.98859,207,0,,,60,43,74,10,20
2023-01-02,wkday,15.4,In Session,6,0,0,,1.00019,1.00799,1.01687,1.03412,0.87212,0.98087,1.0,1.00561,1.0,1.0,1.0,1.0,1.0,66.923,35.751,64.841,13.801,25.793,207.109,0.9942,202,0,,,75,32,65,11,19
2023-01-03,wkday,16.1,In Session,7,0,0,,1.00037,1.01272,1.01687,1.03361,0.89629,0.98931,1.0,1.00382,1.0,1.0,1.0,1.0,1.0,67.163,35.86,70.294,15.279,26.715,215.312,1.06081,208,0,,,63,34,70,19,22
2023-01-04,wkday,16.0,In Session,8,0,0,,1.00056,1.01476,1.01687,1.03313,0.93435,0.98859,1.0,1.00263,1.0,1.0,1.0,1.0,1.0,65.898,34.095,78.354,17.792,28.119,224.258,0.99055,216,0,,,68,35,77,11,25
2023-01-05,thu,16.0,In Session,9,0,0,,1.00074,1.01908,1.01687,1.03266,1.14153,0.99168,1.0,1.00194,1.0,1.0,1.0,1.0,1.0,62.088,28.809,119.926,30.585,33.43,274.838,0.90318,267,0,,,57,24,124,36,26
2023-01-06,fri,16.6,In Session,10,0,0,,1.00093,1.01413,1.01687,1.03222,0.93341,1.00076,1.0,1.00153,1.0,1.0,1.0,1.0,1.0,14.768,12.534,112.719,48.67,36.475,225.165,1.03095,202,0,,,10,15,112,40,25
2023-01-07,sat,16.8,In Session,11,0,0,,1.00112,1.01238,1.01687,1.0318,0.86692,1.00336,1.0,1.00098,1.0,1.0,1.0,1.0,1.0,20.096,19.653,96.26,41.029,32.121,209.159,0.93694,246,0,,,23,29,106,46,42
2023-01-08,wkday,14.0,In Session,12,0,0,,1.0013,1.02123,1.01687,1.03142,0.90041,0.966,1.0,1.0005,1.0,1.0,1.0,1.0,1.0,70.929,36.033,64.314,14.732,25.304,211.311,0.99381,204,0,,,80,30,57,15,22
2023-01-09,wkday,13.5,In Session,13,0,0,,1.00149,1.01258,1.01687,1.03108,0.8747,0.95999,1.0,1.00034,1.0,1.0,1.0,1.0,1.0,66.964,35.718,61.398,13.266,24.869,202.215,0.99194,201,0,,,70,31,64,14,22
2023-01-10,wkday,13.8,In Session,14,0,0,,1.00168,1.01044,1.01687,1.03078,0.89864,0.96286,1.0,1.00023,1.0,1.0,1.0,1.0,1.0,66.812,35.636,65.58,14.514,25.49,208.032,0.97974,183,0,,,56,29,59,15,24
2023-01-11,wkday,13.4,In Session,15,0,0,,1.00186,1.00639,1.01687,1.03053,0.93506,0.95701,1.0,0.9975,1.0,1.0,1.0,1.0,1.0,65.135,33.651,71.981,16.681,26.483,213.931,1.09898,258,0,,,74,42,89,14,39
2023-01-12,thu,13.7,In Session,16,0,0,,1.00205,0.99647,1.01687,1.03032,1.13413,0.95723,1.0,0.99425,1.0,1.0,1.0,1.0,1.0,60.474,28.004,109.189,28.354,31.126,257.148,1.08487,282,0,,,71,26,134,26,25
2023-01-13,fri,12.9,In Session,17,0,0,,1.00223,0.99674,1.01687,1.03017,0.90783,0.93131,1.0,0.98973,1.0,1.0,1.0,1.0,1.0,14.449,12.232,99.306,44.123,33.257,203.368,0.90025,187,0,,,14,13,87,46,27
2023-01-14,sat,14.0,In Session,18,0,0,,1.00242,0.9931,1.01687,1.03006,0.85217,0.95401,1.0,0.98686,1.0,1.0,1.0,1.0,1.0,19.61,19.117,86.321,37.596,29.598,192.243,0.94718,171,0,,,18,16,76,42,19
2023-01-15,wkday,15.1,In Session,19,0,0,,1.00261,1.00489,1.01687,1.03001,0.89973,0.97832,1.0,0.98721,1.0,1.0,1.0,1.0,1.0,69.381,35.109,63.879,14.505,24.866,207.74,0.91034,188,0,,,61,34,63,9,21
2023-01-16,wkday,14.2,In Session,20,0,0,,1.00279,0.99942,1.01687,1.02999,0.87468,0.96772,1.0,0.98467,1.0,1.0,1.0,1.0,1.0,65.655,34.858,60.301,12.957,24.273,198.044,0.97719,196,0,,,72,36,61,12,15
2023-01-17,wkday,13.0,In Session,21,0,0,,1.00298,1.00651,1.01687,1.02994,0.90013,0.95469,1.0,0.98199,1.0,1.0,1.0,1.0,1.0,66.054,35.043,62.359,13.886,24.395,201.737,0.92997,179,0,,,69,27,52,6,25
2023-01-18,wkday,15.5,In Session,22,0,0,,1.00317,1.00429,1.01687,1.02983,0.93482,0.98251,1.0,0.97853,1.0,1.0,1.0,1.0,1.0,64.523,33.157,73.922,16.85,26.661,215.113,0.91429,206,0,,,67,24,71,14,30
2023-01-19,thu,14.8,In Session,23,0,0,,1.00335,1.0026,1.01687,1.02968,1.13544,0.97355,1.0,0.9735,1.0,1.0,1.0,1.0,1.0,60.403,27.822,110.137,28.353,31.073,257.79,0.94432,247,0,,,49,24,109,26,39
2023-01-20,fri,14.5,In Session,24,0,0,,1.00354,0.9917,1.01687,1.02947,0.91273,0.96027,1.0,0.96539,1.0,1.0,1.0,1.0,1.0,14.271,12.017,100.231,43.986,33.112,203.617,1.07272,225,0,,,18,8,111,52,36
2023-01-21,sat,16.4,In Session,25,0,0,,1.00372,1.00028,1.01687,1.02922,0.85935,0.99636,1.0,0.9635,1.0,1.0,1.0,1.0,1.0,19.605,19.009,90.183,38.55,30.202,197.549,1.00909,183,0,,,14,20,81,31,37
2023-01-22,wkday,17.1,In Session,26,0,0,,1.00391,1.01521,1.01687,1.02892,0.89824,1.00062,1.0,0.96892,1.0,1.0,1.0,1.0,1.0,69.555,35.007,66.141,14.795,25.262,210.76,1.01144,196,0,,,65,36,61,15,19
2023-01-23,wkday,18.5,In Session,27,0,0,,1.0041,1.00255,1.01687,1.02858,0.87057,1.01402,1.0,0.96864,1.0,1.0,1.0,1.0,1.0,65.407,34.566,65.691,13.688,25.502,204.853,0.92109,203,0,,,48,35,70,23,27
2023-01-24,wkday,15.3,In Session,28,0,0,,1.00428,1.00137,1.01687,1.0282,0.90843,0.96449,1.0,0.9682,1.0,1.0,1.0,1.0,0.90665,58.786,27.615,48.415,9.883,39.568,184.267,0.94764,180,0,Rain,,62,25,46,10,37
2023-01-25,wkday,17.9,In Session,29,0,0,,1.00447,0.99935,1.01687,1.02778,0.93442,1.01114,1.0,0.96741,1.0,1.0,1.0,1.0,1.0,63.869,32.719,76.781,17.206,27.129,217.704,1.02362,243,0,,,77,29,84,25,28
2023-01-26,thu,16.6,In Session,0,0,0,,1.00466,1.0002,1.01687,1.02734,1.14889,1.0008,1.0,1.0712,1.0,1.0,1.0,1.0,1.0,62.458,29.474,129.805,32.957,35.978,290.671,1.05098,316,0,,,60,40,140,36,40
2023-01-27,fri,15.5,In Session,1,0,0,,1.00484,1.0015,1.01687,1.02687,0.93679,0.97937,1.0,1.05578,1.0,1.0,1.0,1.0,1.0,14.821,12.725,114.37,49.796,37.406,229.118,0.91478,210,0,,,16,19,98,45,32
2023-01-28,sat,16.6,In Session,2,0,0,,1.00503,0.98454,1.01687,1.02639,0.87117,0.99987,1.0,1.0358,1.0,1.0,1.0,1.0,1.0,19.747,19.462,96.675,41.265,32.317,209.466,0.95291,202,0,,,12,18,93,41,38
2023-01-29,wkday,15.2,In Session,3,0,0,,1.00521,0.97849,1.01687,1.02588,0.89789,0.97915,1.0,1.01854,1.0,1.0,1.0,1.0,1.0,68.396,34.928,65.186,14.79,25.349,208.649,0.96795,188,0,,,54,36,59,16,23
2023-01-30,wkday,14.9,In Session,4,0,0,,1.0054,0.97951,1.01687,1.02537,0.8724,0.97513,1.0,1.01244,1.0,1.0,1.0,1.0,1.0,65.013,34.799,62.587,13.374,25.022,200.795,1.04897,191,0,,,65,23,60,11,32
2023-01-31,wkday,15.2,In Session,5,0,0,,1.00559,0.96901,1.01687,1.02486,0.89697,0.97873,1.0,1.00846,1.0,1.0,1.0,1.0,1.0,64.181,34.313,65.902,14.425,25.272,204.092,0.95885,169,0,,,63,29,39,18,20
2023-02-01,wkday,17.3,In Session,6,0,0,,1.00577,0.96806,1.01538,1.02434,0.934,1.00445,1.0,1.0059,1.0,1.0,1.0,1.0,1.0,62.648,32.442,77.189,17.364,27.383,217.026,0.99459,192,0,,,77,32,49,13,21
2023-02-02,thu,17.9,In Session,7,0,0,,1.00596,0.96969,1.01538,1.02383,1.14684,1.01948,1.0,1.00435,1.0,1.0,1.0,1.0,1.0,58.846,27.321,119.265,30.018,32.733,268.182,0.9762,288,0,,,57,26,136,36,33
2023-02-03,fri,19.9,In Session,8,0,0,,1.00615,0.98023,1.01538,1.02334,0.94989,1.05356,1.0,1.00341,1.0,1.0,1.0,1.0,1.0,14.213,12.068,115.961,49.157,37.024,228.423,0.96891,241,0,,,23,8,111,53,46
2023-02-04,sat,20.1,In Session,9,0,0,,1.00633,0.97121,1.01538,1.02286,0.87816,1.05046,1.0,1.00219,1.0,1.0,1.0,1.0,1.0,19.19,18.773,97.96,41.024,32.332,209.279,1.09754,236,0,,,16,13,135,43,29
2023-02-05,wkday,19.6,In Session,10,0,0,,1.00652,0.96442,1.01538,1.02241,0.89405,1.02405,1.0,1.00115,1.0,1.0,1.0,1.0,1.0,66.663,33.872,68.848,15.19,26.04,210.614,0.9934,181,0,,,47,31,68,13,22
2023-02-06,wkday,19.6,In Session,11,0,0,,1.00671,0.97239,1.01538,1.02198,0.86809,1.02348,1.0,1.00077,1.0,1.0,1.0,1.0,1.0,63.988,34.135,67.672,14.028,26.235,206.059,1.01571,202,0,,,65,31,61,14,31
2023-02-07,wkday,18.2,In Session,12,0,0,,1.00689,0.9685,1.01538,1.02159,0.89462,1.01248,1.0,1.00052,1.0,1.0,1.0,1.0,1.0,63.713,33.985,69.851,14.969,26.121,208.638,0.91338,194,0,,,48,32,64,13,37
2023-02-08,wkday,19.5,In Session,13,0,0,,1.00708,0.96096,1.01538,1.02123,0.9337,1.02697,1.0,1.00036,1.0,1.0,1.0,1.0,1.0,61.937,32.025,79.225,17.609,27.873,218.669,1.09916,241,0,,,65,35,87,32,22
2023-02-09,thu,19.1,In Session,14,0,0,,1.00726,0.95501,1.01538,1.02091,1.14905,1.03426,1.0,1.00027,1.0,1.0,1.0,1.0,1.0,57.776,26.796,119.394,29.857,32.629,266.452,1.05293,288,0,,,60,32,136,24,36
2023-02-10,fri,17.7,In Session,15,0,0,,1.00745,0.95061,1.01538,1.02064,0.93883,1.02103,1.0,0.99673,1.0,1.0,1.0,1.0,1.0,13.735,11.646,107.232,45.955,34.401,212.968,1.1154,245,0,,,19,13,136,39,38
2023-02-11,sat,16.6,In Session,16,0,0,,1.00764,0.95258,1.01538,1.02041,0.86493,0.99987,1.0,0.99349,1.0,1.0,1.0,1.0,1.0,18.746,18.303,88.82,37.912,29.691,193.473,0.96686,197,0,,,18,17,103,33,26
2023-02-12,wkday,17.5,In Session,17,0,0,,1.00782,0.94761,1.01538,1.02023,0.89646,1.00488,1.0,0.99228,1.0,1.0,1.0,1.0,1.0,65.196,33.041,64.139,14.309,24.423,201.108,0.92448,197,0,,,43,40,68,22,24
2023-02-13,wkday,17.8,In Session,18,0,0,,1.00801,0.96568,1.01538,1.0201,0.87015,1.00735,1.0,0.98962,1.0,1.0,1.0,1.0,1.0,63.206,33.609,63.956,13.38,24.913,199.065,0.97321,186,0,,,59,31,61,5,30
2023-02-14,wkday,17.3,In Session,19,0,0,,1.0082,0.97924,1.01538,1.02002,0.89588,1.00298,1.0,0.98687,1.0,1.0,1.0,1.0,1.0,64.029,34.02,67.876,14.627,25.525,206.077,1.00514,185,0,,,56,24,68,16,21
2023-02-15,wkday,18.4,In Session,20,0,0,,1.00838,0.97647,1.01538,1.02,0.93409,1.01654,1.0,0.98369,1.0,1.0,1.0,1.0,1.0,62.509,32.171,77.188,17.247,27.206,216.322,0.94794,195,1,,,52,28,80,14,21
2023-02-16,thu,17.7,In Session,21,0,0,,1.00857,0.97669,1.01538,1.01994,1.14414,1.01663,1.0,0.97916,1.0,1.0,1.0,1.0,1.0,58.636,27.05,115.688,29.153,31.79,262.318,0.92642,243,0,,,48,28,109,22,36
2023-02-17,fri,18.4,In Session,22,0,0,,1.00876,0.9856,1.01538,1.01977,0.93753,1.03275,1.0,0.97216,1.0,1.0,1.0,1.0,1.0,14.134,11.92,109.879,46.895,35.121,217.948,1.09393,262,0,,,27,15,141,40,39
2023-02-18,sat,16.7,In Session,23,0,0,,1.00894,0.97565,1.01538,1.01951,0.86172,1.00161,1.0,0.97012,1.0,1.0,1.0,1.0,1.0,19.056,18.505,88.812,37.881,29.662,193.915,0.98374,203,0,,,19,18,95,43,28
2023-02-19,wkday,16.4,Exams,24,0,0,,1.00913,0.97175,1.01538,1.01913,0.90185,0.99296,1.01321,0.97435,1.0,1.0,1.0,1.0,1.0,66.341,36.786,62.343,13.315,23.957,202.742,1.03376,198,0,,,56,39,67,12,24
2023-02-20,wkday,16.0,Exams,25,0,0,,1.00931,0.96983,1.01538,1.01867,0.87672,0.98798,1.01401,0.97176,1.0,1.0,1.0,1.0,1.0,62.968,36.633,59.828,12.042,23.656,195.127,0.97724,183,2,,,65,19,63,15,21
2023-02-21,wkday,16.9,Exams,26,0,0,,1.0095,0.96213,1.01538,1.01811,0.89988,0.99911,1.01352,0.96851,1.0,1.0,1.02328,1.0,1.0,62.374,37.709,67.457,13.189,24.237,204.966,1.02621,207,0,,,68,30,74,17,18
2023-02-22,holiday,17.3,Exams,27,0,0,,1.00969,0.95072,1.01538,1.01746,0.90887,1.01601,0.99527,0.95898,1.0,1.08616,1.0277,1.0,1.0,18.482,12.291,109.214,40.222,30.247,210.456,1.06206,223,0,,,15,10,125,39,34
2023-02-23,holiday,17.9,Exams,28,0,0,,1.00987,0.95546,1.01538,1.01674,0.88411,1.02399,0.9967,0.95951,1.0,1.00119,1.02708,1.0,1.0,18.564,14.403,97.297,37.248,29.212,196.725,1.01871,196,0,,,21,15,89,40,31
2023-02-24,fri,17.1,Exams,29,0,0,,1.01006,0.95344,1.01538,1.01594,0.91402,1.00969,0.99487,0.95843,1.0,1.0,1.0,1.0,1.0,13.577,12.556,101.445,41.465,32.687,201.73,0.97432,216,0,,,11,12,115,43,35
2023-02-25,sat,18.0,Exams,30,0,0,,1.01025,0.94255,1.01538,1.01508,0.85693,1.02254,0.99963,0.96025,1.0,1.0,1.0,1.0,1.0,18.29,19.493,87.135,35.005,28.826,188.749,0.94155,160,0,,,11,15,64,39,31
2023-02-26,wkday,19.4,Exams,31,0,0,,1.01043,0.9482,1.01538,1.01416,0.89904,1.02163,1.01271,0.96881,1.0,1.0,1.0,1.0,1.0,64.354,35.628,64.08,13.442,24.233,201.737,0.88988,192,0,,,49,40,57,13,33
2023-02-27,wkday,21.3,Exams,0,0,0,,1.01062,0.9699,1.01538,1.0132,0.86816,1.03313,1.01264,1.06284,1.0,1.0,1.0,1.0,1.0,65.216,38.931,74.31,14.571,29.098,222.125,0.97117,244,0,,,74,54,74,18,24
2023-02-28,wkday,19.8,Exams,1,0,0,,1.01081,0.9721,1.01538,1.01221,0.89517,1.02621,1.01221,1.04249,1.0,1.0,1.0,1.0,1.0,64.746,38.434,75.917,15.339,28.326,222.763,1.04248,237,0,,,76,26,88,13,34
2023-03-01,wkday,20.7,Exams,2,0,0,,1.01099,0.98022,1.03594,1.01119,0.93472,1.03491,1.01032,1.02937,1.0,1.0,1.0,1.0,1.0,64.841,37.17,86.392,18.174,30.539,237.116,0.93539,212,0,,,48,36,88,11,29
2023-03-02,thu,20.4,Exams,3,0,0,,1.01118,0.98212,1.03594,1.01017,1.14752,1.04581,1.00423,1.02158,1.0,1.0,1.0,1.0,1.0,60.697,31.131,129.973,30.731,35.62,288.152,1.00976,278,0,,,61,39,124,25,29
2023-03-03,fri,20.9,Term Break,4,0,0,,1.01136,0.97635,1.03594,1.00913,1.03984,1.06704,1.01324,1.01724,1.0,1.0,1.0,1.0,1.0,13.372,5.51,124.427,56.653,38.412,238.375,1.0247,236,0,,,14,4,129,52,37
2023-03-04,sat,21.8,Term Break,5,0,0,,1.01155,0.98343,1.03594,1.00811,0.93531,1.06732,0.98728,1.0112,1.0,1.0,1.0,1.0,1.0,18.319,8.688,106.427,47.856,34.278,215.568,0.98765,228,0,,,19,11,108,53,37
2023-03-05,wkday,21.3,Term Break,6,0,0,,1.01174,0.99147,1.03594,1.00711,0.87573,1.03953,0.91246,1.00602,1.0,1.0,1.0,1.0,1.0,64.512,15.881,76.037,17.988,27.931,202.349,0.95598,186,0,,,60,18,71,20,17
2023-03-06,wkday,22.2,Term Break,7,0,0,,1.01192,0.98009,1.03594,1.00614,0.84804,1.04165,0.90998,1.00405,1.0,1.0,1.0,1.0,1.0,60.638,15.666,73.18,16.26,27.886,193.631,0.92944,163,0,,,50,12,59,17,25
2023-03-07,wkday,21.5,Term Break,8,0,0,,1.01211,0.99383,1.03594,1.00521,0.87727,1.04154,0.9139,1.00274,1.0,1.0,1.0,1.0,1.0,61.41,15.859,78.593,17.933,28.534,202.329,1.1018,221,0,,,83,13,76,18,31
2023-03-08,wkday,19.7,Term Break,9,0,0,,1.0123,0.99889,1.03594,1.00433,0.92833,1.03347,0.92402,1.00188,1.0,1.0,1.0,1.0,1.0,60.424,15.123,86.793,20.759,29.369,212.468,1.02121,194,0,,,67,10,75,21,21
2023-03-09,thu,19.6,Term Break,10,0,0,,1.01248,1.00662,1.03594,1.00351,1.18974,1.04418,0.96133,1.00137,1.0,1.0,1.0,1.0,1.0,57.114,12.821,133.123,35.775,34.984,273.817,1.04745,277,0,,,61,8,147,34,27
2023-03-10,fri,18.5,Term Break,11,0,0,,1.01267,1.01298,1.03594,1.00276,1.02917,1.03743,1.01202,1.00105,1.0,1.0,1.0,1.0,1.0,13.734,5.64,122.315,56.187,37.577,235.453,0.9067,222,0,,,12,5,116,52,37
2023-03-11,sat,18.4,Term Break,12,0,0,,1.01286,1.00879,1.03594,1.00209,0.92702,1.03294,0.9852,1.00068,1.0,1.0,1.0,1.0,1.0,18.639,8.82,103.473,47.013,32.852,210.798,0.95605,173,0,,,15,6,87,38,27
2023-03-12,wkday,19.8,In Session,13,0,0,,1.01304,1.01639,1.03594,1.0015,0.89396,1.02548,1.0,1.00035,1.0,1.0,1.0,1.0,1.0,70.644,35.886,73.098,16.116,27.658,223.401,1.10024,258,0,,,69,59,82,13,35
2023-03-13,wkday,20.0,In Session,14,0,0,,1.01323,1.01877,1.03594,1.001,0.86789,1.02629,1.0,1.00023,1.0,1.0,1.0,1.0,1.0,67.413,35.956,71.626,14.827,27.794,217.616,0.95545,218,0,,,59,36,73,21,29
2023-03-14,wkday,21.5,In Session,15,0,0,,1.01342,1.02683,1.03594,1.0006,0.89333,1.03535,1.0,0.99749,1.0,1.0,1.0,1.0,1.0,67.852,36.162,77.264,16.371,29.173,226.822,1.10244,246,0,,,71,39,87,20,29
2023-03-15,wkday,19.7,In Session,16,0,0,,1.0136,1.02784,1.03594,1.0003,0.93375,1.02852,1.0,0.99464,1.0,1.0,1.0,1.0,1.0,66.476,34.318,84.801,18.834,29.843,234.271,0.96011,232,0,,,58,40,82,18,34
2023-03-16,thu,19.4,In Session,17,0,0,,1.01379,1.02064,1.03594,1.0001,1.14878,1.03736,1.0,0.9911,1.0,1.0,1.0,1.0,1.0,61.898,28.642,127.485,31.838,34.837,284.7,0.96934,284,0,,,51,23,132,34,44
2023-03-17,fri,19.0,In Session,18,0,0,,1.01398,1.02191,1.03594,1.00001,0.9431,1.0419,1.0,0.98613,1.0,1.0,1.0,1.0,1.0,14.805,12.524,117.639,50.052,37.538,232.557,1.10785,274,0,,,15,10,145,56,48
2023-03-18,sat,19.0,In Session,19,0,0,,1.01416,1.02369,1.03594,0.99999,0.87244,1.03766,1.0,0.98336,1.0,1.0,1.0,1.0,1.0,20.204,19.68,100.018,42.068,32.97,214.939,1.05074,220,0,,,22,17,98,43,40
2023-03-19,wkday,20.0,In Session,20,0,0,,1.01435,1.03366,1.03594,0.99993,0.89471,1.02665,1.0,0.9843,1.0,1.0,1.0,1.0,1.0,71.329,36.067,72.794,16.038,27.558,223.785,0.9393,225,0,,,63,43,59,20,40
2023-03-20,wkday,19.8,In Session,21,0,0,,1.01453,1.03695,1.03594,0.99982,0.86893,1.02472,1.0,0.98164,1.0,1.0,1.0,1.0,1.0,68.076,36.115,70.799,14.666,27.457,217.113,1.01905,226,0,,,83,38,65,14,26
2023-03-21,wkday,23.0,In Session,22,0,0,,1.01472,1.04971,1.03594,0.99966,0.89423,1.03709,1.0,0.97866,1.0,1.0,1.0,1.0,1.0,68.837,36.491,76.738,16.269,29.693,228.027,0.90946,235,1,,,61,44,82,17,31
2023-03-22,wkday,21.5,In Session,23,0,0,,1.01491,1.04411,1.03594,0.99944,0.93263,1.04201,1.0,0.97473,1.0,1.06861,1.0,1.0,1.0,67.022,34.415,97.947,20.721,31.855,251.959,0.97644,237,1,,,62,34,91,22,28
2023-03-23,ramadan,23.2,In Session,24,1,0,,1.01509,1.04258,1.03594,0.99918,1.09528,1.06336,1.0,0.96543,0.85843,1.0,1.0,1.0,1.0,16.822,12.63,122.665,30.508,44.44,227.065,1.04501,278,0,,,11,13,161,34,59
2023-03-24,ramadan,24.6,In Session,25,2,0,,1.01528,1.04918,1.03594,0.99888,1.06214,1.0595,1.0,0.96081,0.98872,1.0,1.0,1.0,1.0,9.876,9.434,121.758,37.612,48.65,227.33,1.0656,231,0,,,9,7,123,34,58
2023-03-25,ramadan,23.0,In Session,26,3,0,,1.01547,1.05106,1.03594,0.99853,1.01906,1.06456,1.0,0.9577,0.98314,1.0,1.0,1.0,1.0,11.568,11.686,119.854,36.68,46.602,226.389,0.98592,202,0,,,13,15,124,27,23
2023-03-26,ramadan,22.3,In Session,27,4,0,,1.01565,1.04674,1.03594,0.99815,0.92901,1.05713,1.0,0.95943,0.88579,1.0,1.0,1.0,1.0,19.637,15.266,107.974,25.535,43.781,212.193,1.0477,221,0,,,16,14,120,31,40
2023-03-27,ramadan,21.2,In Session,0,5,0,,1.01584,1.05405,1.03594,0.99773,0.91781,1.05283,1.0,1.08113,0.93485,1.0,1.0,1.0,1.0,20.828,16.954,126.556,29.206,51.07,244.614,1.15615,277,0,,,18,21,151,30,57
2023-03-28,ramadan,22.1,In Session,1,6,0,,1.01603,1.04097,1.03594,0.99729,0.93526,1.05756,1.0,1.05451,0.96603,1.0,1.0,1.0,1.0,21.016,17.012,128.636,29.985,51.703,248.351,0.9843,248,0,,,25,14,115,32,62
2023-03-29,ramadan,22.2,In Session,2,7,0,,1.01621,1.04506,1.03594,0.99682,0.96675,1.05895,1.0,1.03671,0.97618,1.0,1.0,1.0,1.0,20.8,16.566,132.434,31.406,52.084,253.289,1.02047,289,0,,,22,15,161,34,57
2023-03-30,ramadan,24.6,In Session,3,8,0,,1.0164,1.04234,1.03594,0.99633,1.0955,1.05728,1.0,1.02498,1.01895,1.0,1.0,1.0,1.0,20.142,15.32,151.309,37.796,56.827,281.394,0.91916,241,0,,,19,10,141,34,37
2023-03-31,ramadan,24.7,In Session,4,9,0,,1.01659,1.04394,1.03594,0.99582,1.06469,1.05895,1.0,1.01726,1.13114,1.0,1.0,1.0,1.0,11.348,10.971,145.719,45.033,58.397,271.468,1.02455,279,0,,,9,11,157,48,54
2023-04-01,ramadan,25.6,In Session,5,10,0,,1.01677,1.06792,0.98691,0.99531,1.01972,1.04965,1.0,1.01144,1.08605,1.0,1.0,1.0,1.0,12.494,12.768,130.271,40.252,54.428,250.213,1.06012,248,0,,,18,11,125,36,58
2023-04-02,ramadan,25.1,In Session,6,11,0,,1.01696,1.06315,0.98691,0.99479,0.92924,1.04896,1.0,1.00736,0.94972,1.0,1.0,1.0,1.0,20.498,16.108,113.846,27.133,49.44,227.024,1.01587,238,0,,,27,17,110,33,51
2023-04-03,ramadan,23.8,In Session,7,12,0,,1.01715,1.05495,0.98691,0.99428,0.91882,1.05596,1.0,1.00494,0.95216,1.0,1.0,1.0,1.0,19.924,15.957,113.605,26.274,48.009,223.77,0.96349,223,0,,,24,27,97,29,46
2023-04-04,ramadan,25.0,In Session,8,13,0,,1.01733,1.04858,0.98691,0.99377,0.93614,1.04992,1.0,1.00331,0.95567,1.0,1.0,1.0,1.0,19.787,15.841,113.525,26.657,48.872,224.682,1.00019,226,0,,,21,15,126,21,43
2023-04-05,ramadan,25.8,In Session,9,14,0,,1.01752,1.04265,0.98691,0.99328,0.96718,1.04396,1.0,1.00223,0.96693,1.0,1.0,1.0,1.0,19.503,15.417,116.081,27.846,50.123,228.97,0.90308,228,0,,,19,20,108,27,54
2023-04-06,ramadan,26.1,In Session,10,15,0,,1.01771,1.04407,0.98691,0.99281,1.09414,1.04338,1.0,1.00152,1.01188,1.0,1.0,1.0,1.0,19.032,14.403,136.643,34.399,53.894,258.371,0.97674,247,0,,,16,13,142,29,47
2023-04-07,ramadan,27.6,In Session,11,16,0,,1.01789,1.02871,0.98691,0.99236,1.06085,1.0266,1.0,1.00105,1.12378,1.0,1.0,1.0,1.0,10.576,10.19,126.151,39.675,56.008,242.6,0.93508,204,0,,,10,9,101,36,48
2023-04-08,ramadan,27.3,In Session,12,17,0,,1.01808,1.01713,0.98691,0.99193,1.01803,1.02991,1.0,1.00069,1.0807,1.0,1.0,1.0,1.0,11.834,12.066,117.8,36.798,52.369,230.868,0.9773,241,0,,,12,22,109,44,54
2023-04-09,ramadan,28.0,In Session,13,18,0,,1.01827,1.02398,0.98691,0.99154,0.93048,1.01918,1.0,1.00045,0.94059,1.0,1.0,1.0,1.0,19.658,15.424,101.703,24.696,49.101,210.583,0.95495,212,0,,,23,11,109,24,45
2023-04-10,ramadan,27.2,In Session,14,19,0,,1.01845,1.03382,0.98691,0.99119,0.92024,1.02841,1.0,1.0003,0.94429,1.0,1.0,1.0,1.0,19.459,15.568,103.73,24.424,49.016,212.198,0.9866,216,0,,,13,26,104,24,49
2023-04-11,ramadan,26.3,In Session,15,20,0,,1.01864,1.03611,0.98691,0.99088,0.9366,1.03835,1.0,0.99682,0.88493,1.0,1.0,1.0,1.0,18.114,14.481,100.778,23.836,45.337,202.546,0.96322,194,0,,,18,18,88,25,45
2023-04-12,ramadan,27.1,In Session,16,21,0,,1.01883,1.04023,0.98691,0.99061,0.96739,1.03009,1.0,0.99335,0.89443,1.0,1.0,1.0,1.0,18.017,14.215,103.408,25.015,46.825,207.48,0.93744,196,0,,,23,15,88,29,41
2023-04-13,ramadan,27.2,Term Break,17,22,0,,1.01901,1.05498,0.98691,0.99038,1.10156,1.03178,1.00025,0.98953,0.99594,1.0,1.0,1.0,1.0,16.55,6.045,128.354,35.052,50.708,236.709,1.06313,277,0,,,18,8,148,41,62
2023-04-14,ramadan,27.4,Term Break,18,23,0,,1.0192,1.05255,0.98691,0.99021,1.0838,1.03035,1.01418,0.98562,1.09684,1.0,1.0,1.0,1.0,9.306,4.324,123.357,41.72,52.251,230.958,0.93832,212,0,,,12,3,118,30,49
2023-04-15,ramadan,28.0,Term Break,19,24,0,,1.01939,1.06587,0.98691,0.99009,1.03182,1.02155,1.00631,0.98214,1.06142,1.0,1.0,1.0,1.0,10.657,5.237,114.932,38.865,50.498,220.189,0.90439,190,0,,,9,2,105,38,36
2023-04-16,ramadan,28.6,Term Break,20,25,0,,1.01957,1.06454,0.98691,0.99002,0.92573,1.01253,0.98547,0.9793,0.93379,1.0,1.0,1.0,1.0,17.55,6.632,98.324,25.832,46.75,195.088,0.92635,215,0,,,17,8,118,21,51
2023-04-17,ramadan,28.7,Term Break,21,26,0,,1.01976,1.05897,0.98691,0.99,0.91541,1.01131,0.98458,0.97583,0.93458,1.0,1.0,1.0,1.0,17.104,6.586,96.235,24.68,46.397,191.002,0.94337,193,0,,,16,9,79,31,58
2023-04-18,ramadan,29.3,Term Break,22,27,0,,1.01995,1.05377,0.98691,0.98996,0.93314,1.00363,0.98513,0.97235,0.93698,1.0,1.0,1.0,1.0,17.003,6.542,96.201,25.052,46.78,191.578,0.99537,172,0,,,16,3,82,21,50
2023-04-19,ramadan,28.0,Term Break,23,28,0,,1.02013,1.04619,0.98691,0.98987,0.96558,1.02035,0.98924,0.96873,0.95147,1.0,1.0,1.0,1.0,16.727,6.352,102.962,27.001,46.435,199.478,0.92978,194,0,,,23,7,95,23,46
2023-04-20,ramadan,26.9,Term Break,24,29,0,,1.02032,1.03729,0.98691,0.98973,1.10152,1.03571,0.99995,0.9648,1.26087,1.0,1.0,1.0,1.0,20.515,7.453,157.25,42.854,61.417,289.488,1.05288,336,0,,,30,9,207,40,50
2023-04-21,eid1,27.8,Term Break,25,0,1,,1.02051,1.03614,0.98691,0.98954,1.33837,1.02649,1.04611,0.95921,1.0,0.97522,1.0,1.0,1.0,2.628,1.07,113.029,60.244,33.955,210.926,0.94628,171,0,,,3,0,98,41,29
2023-04-22,holiday,31.0,Term Break,26,0,2,,1.02069,1.03899,0.98691,0.9893,1.07411,0.97547,1.02121,0.95666,1.0,1.18007,1.0,1.0,1.0,8.973,4.206,109.555,57.757,40.309,220.8,1.02232,225,0,,,10,4,120,56,35
2023-04-23,holiday,28.9,Term Break,27,0,3,,1.02088,1.01349,0.98691,0.98902,1.04616,1.00747,1.01901,0.95693,1.0,1.13951,1.0,1.0,1.0,10.502,4.103,108.471,52.454,38.235,213.765,0.89603,183,0,,,14,3,92,39,35
2023-04-24,holiday,31.1,Term Break,28,0,4,,1.02107,0.99979,0.98691,0.98869,0.99323,0.97616,1.00872,0.95756,1.0,1.0172,1.0,1.0,1.0,12.085,4.451,88.964,42.082,35.299,182.881,1.04433,212,0,,,9,3,106,57,37
2023-04-25,wkday,31.5,Term Break,29,0,5,,1.02125,0.98788,0.98691,0.98832,0.87562,0.98419,0.93311,0.96538,1.0,0.83814,1.0,1.0,1.0,42.638,8.722,52.65,13.376,27.852,145.239,1.03445,176,0,,,48,4,64,21,39
2023-04-26,wkday,30.0,Term Break,30,0,6,,1.02144,0.99001,0.98691,0.98792,0.92714,0.99552,0.94424,0.96443,1.0,0.84504,1.0,1.0,1.0,41.866,8.302,61.184,16.043,28.849,156.244,0.94672,135,0,,,29,8,57,15,26
2023-04-27,thu,30.3,Term Break,0,0,7,,1.02162,0.99701,0.98691,0.98749,1.20183,0.98818,0.97907,1.07643,1.0,0.86824,1.0,1.0,1.0,41.195,7.525,106.486,31.434,39.459,226.1,1.10313,231,0,,,39,8,118,33,33
2023-04-28,fri,28.6,Term Break,1,0,0,,1.02181,1.00074,0.98691,0.98702,1.02885,1.01242,1.01052,1.05706,1.0,1.0,1.0,1.0,1.0,13.066,5.428,112.451,52.767,43.082,226.794,0.9219,198,0,,,8,7,101,42,40
2023-04-29,sat,26.9,Term Break,2,0,0,,1.022,1.00045,0.98691,0.98654,0.93089,1.03551,0.98532,1.0371,1.0,1.0,1.0,1.0,1.0,17.702,8.442,98.117,44.943,36.324,205.528,1.02119,209,0,,,17,10,108,47,27
2023-04-30,wkday,26.9,In Session,3,0,0,,1.02218,0.99826,0.98691,0.98604,0.89559,1.01986,1.0,1.01888,1.0,1.0,1.0,1.0,1.0,66.191,33.801,66.242,14.818,29.266,210.317,1.04564,215,1,,,83,41,45,18,28
2023-05-01,wkday,29.6,In Session,4,0,0,,1.02237,1.00698,1.02066,0.98554,0.87381,1.00014,1.0,1.01259,1.0,1.0,1.0,1.0,1.0,65.568,35.096,62.29,13.364,31.385,207.702,1.04613,230,0,,,68,38,67,28,29
2023-05-02,wkday,30.4,In Session,5,0,0,,1.02256,1.00359,1.02066,0.98502,0.8992,0.99412,1.0,1.00852,1.0,1.0,1.0,1.0,1.0,65.208,34.862,64.204,14.232,32.114,210.619,1.00515,208,0,,,62,30,69,11,36
2023-05-03,wkday,30.7,In Session,6,0,0,,1.02274,1.00258,1.02066,0.98451,0.93617,0.99089,1.0,1.00587,1.0,1.0,1.0,1.0,1.0,63.741,33.008,70.841,16.429,33.813,217.832,1.06124,209,0,,,58,39,71,18,23
2023-05-04,thu,30.6,In Session,7,0,0,,1.02293,1.00993,1.02066,0.984,1.13471,0.98668,1.0,1.00431,1.0,1.0,1.0,1.0,1.0,60.208,27.953,108.862,28.335,40.207,265.566,0.97034,260,0,,,60,23,106,32,39
2023-05-05,fri,32.7,In Session,8,0,0,,1.02312,1.01704,1.02066,0.9835,0.91667,0.96236,1.0,1.00339,1.0,1.0,1.0,1.0,1.0,14.486,12.301,97.12,43.63,45.13,212.668,1.10167,243,0,,,19,15,102,46,61
2023-05-06,sat,32.7,In Session,9,0,0,,1.0233,1.01413,1.02066,0.98301,0.85446,0.96612,1.0,1.00217,1.0,1.0,1.0,1.0,1.0,19.684,19.257,82.371,36.581,39.541,197.433,0.91064,168,0,,,22,16,68,34,28
2023-05-07,wkday,34.2,In Session,10,0,0,,1.02349,1.02248,1.02066,0.98255,0.90449,0.97623,1.0,1.00113,1.0,1.0,1.0,1.0,1.0,69.426,35.276,57.619,13.571,33.208,209.1,0.974,197,0,,,67,28,59,10,33
2023-05-08,wkday,33.9,In Session,11,0,0,,1.02368,1.02088,1.02066,0.98211,0.87901,0.97767,1.0,1.00076,1.0,1.0,1.0,1.0,1.0,65.989,35.202,56.345,12.45,33.005,202.99,1.17302,239,0,,,76,38,82,11,32
2023-05-09,wkday,32.7,In Session,12,0,0,,1.02386,1.01876,1.02066,0.98171,0.90152,0.98086,1.0,1.00051,1.0,1.0,1.0,1.0,1.0,65.829,35.114,61.008,13.746,33.139,208.837,1.05864,237,1,,,69,52,66,17,33
2023-05-10,wkday,34.2,In Session,13,0,0,,1.02405,1.01515,1.02066,0.98134,0.93732,0.97226,1.0,1.00035,1.0,1.0,1.0,1.0,1.0,64.267,33.23,66.153,15.69,35.469,214.809,1.05962,204,0,,,52,28,64,14,46
2023-05-11,thu,33.2,In Session,14,0,0,,1.02424,1.01876,1.02066,0.98101,1.12849,0.96532,1.0,1.00026,1.0,1.0,1.0,1.0,1.0,60.534,28.076,103.007,27.293,41.657,260.566,0.96268,261,0,,,57,27,93,32,52
2023-05-12,fri,31.8,In Session,15,0,0,,1.02443,1.02048,1.02066,0.98072,0.91861,0.97104,1.0,0.99674,1.0,1.0,1.0,1.0,1.0,14.482,12.279,98.453,43.965,44.372,213.551,1.14413,249,0,,,20,9,115,54,51
2023-05-13,sat,32.0,In Session,16,0,0,,1.02461,1.01722,1.02066,0.98048,0.85488,0.97213,1.0,0.99352,1.0,1.0,1.0,1.0,1.0,19.66,19.195,82.906,36.649,38.871,197.282,1.06538,194,0,,,21,15,86,39,33
2023-05-14,wkday,31.7,In Session,17,0,0,,1.0248,1.01564,1.02066,0.98028,0.90278,0.98659,1.0,0.99235,1.0,1.0,1.0,1.0,1.0,68.625,34.78,59.19,13.732,31.51,207.837,1.06629,208,0,,,62,36,55,15,40
2023-05-15,wkday,30.2,In Session,18,0,0,,1.02499,1.00818,1.02066,0.98014,0.8757,0.99602,1.0,0.98968,1.0,1.0,1.0,1.0,1.0,64.805,34.46,59.225,12.766,30.553,201.808,1.0173,217,0,,,56,34,73,17,37
2023-05-16,wkday,31.2,In Session,19,0,0,,1.02517,1.00091,1.02066,0.98004,0.91375,1.0009,1.0,0.98683,1.0,1.0,1.0,1.0,0.77549,51.416,22.197,36.427,7.446,40.69,158.176,1.00808,164,0,Sandstorm,,49,21,40,6,48
2023-05-17,wkday,31.6,In Session,20,0,0,,1.02536,0.98598,1.02066,0.98,0.93678,0.98484,1.0,0.98389,1.0,1.0,1.0,1.0,1.0,61.983,31.902,65.975,15.403,32.557,207.819,0.92214,154,0,,,44,21,59,11,19
2023-05-18,thu,32.0,In Session,21,0,0,,1.02555,0.98679,1.02066,0.97999,1.12914,0.97408,1.0,0.9794,1.0,1.0,1.0,1.0,1.0,58.178,26.84,99.514,26.167,38.688,249.387,1.0571,281,0,,,69,29,113,32,38
2023-05-19,fri,32.3,In Session,22,0,0,,1.02573,0.98107,1.02066,0.97992,0.91182,0.96606,1.0,0.97231,1.0,1.0,1.0,1.0,1.0,13.817,11.654,91.181,40.855,41.814,199.32,1.02456,206,0,,,15,16,88,43,44
2023-05-20,sat,32.8,In Session,23,0,0,,1.02592,0.98761,1.02066,0.9798,0.84928,0.96542,1.0,0.97027,1.0,1.0,1.0,1.0,1.0,18.947,18.401,77.106,34.262,37.137,185.853,1.08679,180,0,,,17,23,77,34,29
2023-05-21,wkday,32.4,In Session,24,0,0,,1.02611,0.97835,1.02066,0.97963,0.90449,0.98312,1.0,0.97431,1.0,1.0,1.0,1.0,1.0,65.616,33.079,54.69,12.748,29.83,195.964,1.00244,196,0,,,55,38,66,12,25
2023-05-22,wkday,33.1,In Session,25,0,0,,1.02629,0.98525,1.02066,0.97941,0.8798,0.98061,1.0,0.97168,1.0,1.0,1.0,1.0,1.0,62.857,33.248,52.788,11.612,30.192,190.695,0.93179,184,0,,,68,30,49,12,25
2023-05-23,wkday,31.8,In Session,26,0,0,,1.02648,0.97955,1.02066,0.97915,0.90208,0.98551,1.0,0.96865,1.0,1.0,1.0,1.0,1.0,62.414,32.989,57.04,12.774,30.055,195.272,1.04422,229,0,,,70,43,60,14,42
2023-05-24,wkday,33.1,In Session,27,0,0,,1.02667,0.97252,1.02066,0.97884,0.93748,0.97673,1.0,0.96785,1.0,1.0,1.0,1.0,1.0,60.716,31.11,61.615,14.526,31.986,199.953,0.99475,178,0,,,63,29,48,13,25
2023-05-25,thu,35.7,In Session,0,0,0,,1.02685,0.98217,1.02066,0.97849,1.13043,0.95326,1.0,1.07029,1.0,1.0,1.0,1.0,1.0,59.915,28.28,104.34,27.966,45.151,265.652,0.98777,296,0,,,77,36,105,25,53
2023-05-26,fri,34.9,In Session,1,0,0,,1.02704,0.96453,1.02066,0.9781,0.92074,0.94726,1.0,1.05563,1.0,1.0,1.0,1.0,1.0,13.944,11.975,93.664,42.561,46.412,208.557,1.01324,203,0,,,15,10,92,49,37
2023-05-27,sat,35.7,In Session,2,0,0,,1.02723,0.9636,1.02066,0.97768,0.85442,0.9496,1.0,1.03556,1.0,1.0,1.0,1.0,1.0,18.88,18.614,77.45,34.897,40.427,190.267,1.07819,195,0,,,25,17,70,40,43
2023-05-28,wkday,35.2,In Session,3,0,0,,1.02741,0.96771,1.02066,0.97723,0.90422,0.97343,1.0,1.0185,1.0,1.0,1.0,1.0,1.0,66.074,33.756,55.044,13.019,32.58,200.474,1.0229,201,0,,,52,31,66,12,40
2023-05-29,wkday,35.3,In Session,4,0,0,,1.0276,0.97246,1.02066,0.97676,0.87943,0.97393,1.0,1.01244,1.0,1.0,1.0,1.0,1.0,63.044,33.763,53.41,11.873,32.486,194.575,0.95725,186,1,,,62,36,54,7,27
2023-05-30,wkday,35.7,In Session,5,0,0,,1.02779,0.9691,1.02066,0.97627,0.903,0.97153,1.0,1.00843,1.0,1.0,1.0,1.0,1.0,62.687,33.535,55.94,12.786,33.051,198.0,1.09576,209,0,,,67,34,55,13,40
2023-05-31,wkday,35.9,In Session,6,0,0,,1.02797,0.96052,1.02066,0.97576,0.93763,0.96767,1.0,1.00581,1.0,1.0,1.0,1.0,1.0,60.788,31.503,61.562,14.698,34.475,203.025,0.93002,193,0,,,58,23,73,14,25
2023-06-01,thu,36.2,In Session,7,0,0,,1.02816,0.95536,0.95396,0.97525,1.12467,0.95225,1.0,1.00427,1.0,1.0,1.0,1.0,1.0,52.981,24.62,86.816,23.3,38.021,225.738,1.07345,246,0,,,43,23,99,28,53
2023-06-02,fri,34.6,In Session,8,0,0,,1.02835,0.94936,0.95396,0.97473,0.91142,0.94822,1.0,1.00338,1.0,1.0,1.0,1.0,1.0,12.576,10.69,81.637,37.032,40.177,182.112,0.89848,171,0,,,9,9,77,33,43
2023-06-03,sat,35.6,In Session,9,0,0,,1.02853,0.95412,0.95396,0.97422,0.84954,0.94931,1.0,1.00216,1.0,1.0,1.0,1.0,1.0,17.22,16.867,68.9,31.019,35.921,169.927,1.02675,173,0,,,8,23,77,28,37
2023-06-04,wkday,35.8,In Session,10,0,0,,1.02872,0.96044,0.95396,0.97371,0.90547,0.97188,1.0,1.00112,1.0,1.0,1.0,1.0,1.0,60.617,30.848,49.277,11.674,29.624,182.041,1.09791,185,1,,,60,35,43,14,33
2023-06-05,wkday,35.9,In Session,11,0,0,,1.02891,0.96993,0.95396,0.97322,0.8954,0.99662,1.0,1.00077,1.0,1.0,1.0,1.0,0.78829,46.604,20.237,29.065,5.932,38.905,140.743,1.00328,137,0,Sandstorm,,52,17,39,4,25
2023-06-06,wkday,34.6,In Session,12,0,0,,1.02909,0.97274,0.95396,0.97275,0.90284,0.97258,1.0,1.00051,1.0,1.0,1.0,1.0,1.0,58.381,31.21,52.377,11.91,30.17,184.047,0.95929,183,0,,,65,22,46,8,42
2023-06-07,wkday,35.0,In Session,13,0,0,,1.02928,0.9775,0.95396,0.9723,0.93757,0.96807,1.0,1.00035,1.0,1.0,1.0,1.0,1.0,57.45,29.782,58.454,13.896,32.109,191.691,0.98297,184,0,,,49,32,61,17,25
2023-06-08,thu,35.9,In Session,14,0,0,,1.02947,0.98204,0.95396,0.97188,1.12448,0.95125,1.0,1.00026,1.0,1.0,1.0,1.0,1.0,54.142,25.188,88.63,23.738,38.656,230.354,1.01211,240,0,,,63,25,89,16,47
2023-06-09,fri,38.0,In Session,15,0,0,,1.02965,0.99624,0.95396,0.9715,0.90592,0.93759,1.0,0.99675,1.0,1.0,1.0,1.0,1.0,13.109,11.155,81.981,37.531,43.547,187.323,0.97986,184,0,,,10,11,72,45,46
2023-06-10,sat,39.7,In Session,16,0,0,,1.02984,1.00071,0.95396,0.97115,0.84648,0.94408,1.0,0.99354,1.0,1.0,1.0,1.0,1.0,17.922,17.571,69.326,31.438,39.12,175.377,1.04585,180,0,,,26,17,59,39,39
2023-06-11,wkday,37.6,Exams,17,0,0,,1.03003,1.02273,0.95396,0.97084,0.90959,0.96933,1.01389,0.99244,1.0,1.0,1.0,1.0,1.0,63.982,35.842,50.757,11.46,31.778,193.82,1.06108,207,0,,,57,41,56,10,43
2023-06-12,wkday,36.6,Exams,18,0,0,,1.03021,1.02315,0.95396,0.97058,0.8848,0.96985,1.01457,0.98985,1.0,1.0,1.0,1.0,1.0,60.838,35.786,49.663,10.506,31.286,188.078,0.94036,180,0,,,54,30,54,13,29
2023-06-13,wkday,37.5,Exams,19,0,0,,1.0304,1.02108,0.95396,0.97036,0.90756,0.9671,1.01398,0.98713,1.0,1.0,1.0,1.0,1.0,60.59,35.644,52.053,11.326,32.141,191.755,0.98247,178,0,,,53,27,58,11,29
2023-06-14,wkday,37.1,Exams,20,0,0,,1.03059,1.00656,0.95396,0.97019,0.93957,0.96264,1.01217,0.98411,1.0,1.0,1.0,1.0,1.0,58.411,33.317,57.222,12.979,33.118,195.046,0.90183,151,0,,,36,32,44,8,31
2023-06-15,thu,39.1,Exams,21,0,0,,1.03077,0.99656,0.95396,0.97008,1.11505,0.94514,1.00606,0.97965,1.0,1.0,1.0,1.0,1.0,54.171,27.726,85.108,21.746,39.664,228.417,0.95519,217,0,,,53,21,74,21,48
2023-06-16,fri,36.3,Exams,22,0,0,,1.03096,1.00392,0.95396,0.97001,0.88832,0.93523,0.99604,0.97247,1.0,1.0,1.0,1.0,1.0,13.02,12.198,80.802,34.889,41.836,182.746,1.23774,230,0,,,11,16,105,38,60
2023-06-17,sat,37.9,Exams,23,0,0,,1.03115,1.00537,0.95396,0.97,0.83448,0.93882,1.00126,0.97052,1.0,1.0,1.0,1.0,1.0,17.739,19.163,67.764,29.016,37.452,171.134,1.0172,170,0,,,16,21,63,42,28
2023-06-18,wkday,37.7,Exams,24,0,0,,1.03134,1.01384,0.95396,0.96996,0.91087,0.96399,1.01413,0.9746,1.0,1.0,1.0,1.0,1.0,62.452,35.073,48.514,10.912,30.711,187.661,0.9776,210,0,,,73,44,45,9,39
2023-06-19,wkday,34.0,Exams,25,0,0,,1.03152,1.02428,0.95396,0.96986,0.88462,0.96791,1.01469,0.9719,1.0,1.0,1.0,1.0,1.0,59.926,35.369,49.435,10.307,29.533,184.569,1.0571,188,0,,,64,35,53,6,30
2023-06-20,wkday,34.1,Exams,26,0,0,,1.03171,1.03853,0.95396,0.96971,0.9073,0.96475,1.01411,0.96899,1.0,1.0,1.0,1.0,1.0,60.58,35.793,52.851,11.308,30.529,191.061,0.99691,185,0,,,59,39,53,4,30
2023-06-21,wkday,35.5,Exams,27,0,0,,1.0319,1.03602,0.95396,0.96952,0.93975,0.95667,1.01239,0.96816,1.0,1.0,1.0,1.0,1.0,59.104,33.921,57.695,12.951,32.674,196.345,1.01121,210,0,,,63,38,55,14,40
2023-06-22,thu,35.9,Exams,28,0,0,,1.03208,1.04839,0.95396,0.96927,1.11486,0.93855,1.00622,0.96507,1.0,1.0,1.0,1.0,1.0,56.02,28.904,88.495,22.317,39.391,235.127,0.92977,210,0,,,56,22,73,23,36
2023-06-23,fri,36.4,Summer Vacation,29,0,0,,1.03227,1.04537,0.95396,0.96898,0.99763,0.91989,0.92235,0.95738,1.0,1.0,1.0,1.0,1.0,11.725,2.292,81.523,33.134,42.95,171.624,1.00769,181,0,,,15,7,87,31,41
2023-06-24,sat,33.8,Summer Vacation,30,0,0,,1.03246,1.05727,0.95396,0.96865,0.90255,0.93228,0.88773,0.95864,1.0,1.0,1.0,1.0,1.0,16.126,3.643,72.331,28.717,37.006,157.823,0.96363,149,0,,,14,2,67,32,34
2023-06-25,wkday,33.8,Summer Vacation,31,0,0,,1.03264,1.05061,0.95396,0.96828,0.89042,0.94981,0.81456,0.96714,1.0,1.0,1.0,1.0,1.0,55.919,6.58,51.073,10.648,30.081,154.301,1.06999,169,0,,,66,6,58,15,24
2023-06-26,wkday,31.6,Summer Vacation,32,0,0,,1.03283,1.042,0.95396,0.96787,0.86072,0.95875,0.81305,0.96684,1.0,1.0,1.0,1.0,1.0,52.65,6.524,51.423,9.921,28.999,149.516,0.9444,129,0,,,52,5,47,0,25
2023-06-27,holiday,34.0,Summer Vacation,0,0,0,0.0,1.03302,1.04503,0.95396,0.96743,0.87895,0.93256,0.89135,1.08166,1.0,0.77385,1.0,1.0,1.0,14.791,3.077,60.323,19.089,37.642,134.921,1.11131,155,0,,,13,4,66,25,47
2023-06-28,eid1,35.6,Summer Vacation,1,0,0,1.0,1.0332,1.05222,0.95396,0.96697,1.11569,0.90666,0.9507,1.05901,1.0,0.74657,1.0,1.0,1.0,3.269,0.763,61.427,27.475,33.423,126.356,1.02414,124,0,,,1,0,59,37,27
2023-06-29,holiday,36.3,Summer Vacation,2,0,0,2.0,1.03339,1.03611,0.95396,0.96648,1.05894,0.89647,0.93309,1.03894,1.0,1.10489,1.0,1.0,1.0,7.968,1.86,88.002,39.377,42.737,179.944,0.94358,177,0,,,3,0,82,45,47
2023-06-30,holiday,37.7,Summer Vacation,3,0,0,3.0,1.03358,1.02397,0.95396,0.96598,1.16616,0.89056,0.94974,1.02634,1.0,1.09839,1.0,1.0,1.0,6.874,1.162,95.119,41.658,48.177,192.989,0.92281,200,0,,,9,0,109,40,42
2023-07-01,holiday,37.4,Summer Vacation,4,0,0,4.0,1.03376,1.02606,0.9987,0.96547,0.97816,0.89743,0.92259,1.01713,1.0,0.9686,1.0,1.0,1.0,11.394,2.097,73.046,30.465,41.822,158.824,1.12416,165,0,,,10,3,81,34,37
2023-07-02,wkday,37.8,Summer Vacation,5,0,0,5.0,1.03395,1.02766,0.9987,0.96496,0.88562,0.92287,0.81136,1.00909,1.0,0.86457,1.0,1.0,1.0,45.362,6.228,46.317,9.662,30.8,138.368,0.92259,104,0,,,38,2,36,7,21
2023-07-03,wkday,36.6,Summer Vacation,6,0,0,6.0,1.03414,1.02248,0.9987,0.96444,0.85921,0.92098,0.80799,1.00613,1.0,0.86517,1.0,1.0,1.0,42.736,6.182,44.924,8.76,30.073,132.674,0.96887,122,0,,,43,7,35,5,32
2023-07-04,wkday,36.9,Summer Vacation,7,0,0,7.0,1.03432,1.01664,0.9987,0.96393,0.88721,0.91506,0.8119,1.00415,1.0,0.86619,1.0,1.0,1.0,42.257,6.136,46.958,9.386,30.585,135.322,0.98762,153,0,,,47,11,50,13,32
2023-07-05,wkday,36.5,Summer Vacation,8,0,0,,1.03451,1.03787,0.9987,0.96344,0.93852,0.90839,0.82701,1.00279,1.0,1.0,1.0,1.0,1.0,52.564,6.604,59.287,12.325,36.323,167.103,0.95319,163,0,,,54,7,51,10,41
2023-07-06,thu,36.4,Summer Vacation,9,0,0,,1.0347,1.03012,0.9987,0.96296,1.17698,0.88718,0.86966,1.00202,1.0,1.0,1.0,1.0,1.0,48.721,5.515,89.275,20.785,42.624,206.92,1.08891,212,0,,,47,6,101,21,37
2023-07-07,fri,35.5,Summer Vacation,10,0,0,,1.03488,1.03126,0.9987,0.9625,1.00414,0.87716,0.92206,1.00156,1.0,1.0,1.0,1.0,1.0,11.604,2.414,83.422,32.844,45.821,176.105,0.97668,170,0,,,9,3,76,32,50
2023-07-08,sat,37.3,Summer Vacation,11,0,0,,1.03507,1.03489,0.9987,0.96206,0.9032,0.87512,0.88559,1.00101,1.0,1.0,1.0,1.0,1.0,15.799,3.804,69.729,27.21,41.331,157.873,1.08824,175,0,,,20,1,81,29,44
2023-07-09,wkday,37.5,Summer Vacation,12,0,0,,1.03526,1.03748,0.9987,0.96166,0.89244,0.89949,0.81059,1.00054,1.0,1.0,1.0,1.0,1.0,55.16,6.931,49.477,10.131,33.962,155.661,1.00423,156,0,,,50,8,48,7,43
2023-07-10,wkday,35.8,Summer Vacation,13,0,0,,1.03545,1.04662,0.9987,0.9613,0.86504,0.8981,0.80743,1.00036,1.0,1.0,1.0,1.0,1.0,52.74,6.99,49.105,9.378,33.545,151.758,1.07599,153,0,,,44,7,66,9,27
2023-07-11,wkday,36.5,Summer Vacation,14,0,0,,1.03563,1.05152,0.9987,0.96097,0.88494,0.88337,0.82302,1.00025,1.0,1.0,1.0,1.0,0.87462,44.088,5.572,48.779,10.078,28.29,136.807,1.08014,148,0,Espresso machine breakdown 09:30-15:00,,52,10,34,18,34
2023-07-12,wkday,36.8,Summer Vacation,15,0,0,,1.03582,1.0451,0.9987,0.96069,0.93941,0.88373,0.82399,0.99732,1.0,1.0,1.0,1.0,1.0,51.079,6.616,56.846,11.609,36.389,162.539,1.01967,159,0,,,46,6,56,11,40
2023-07-13,thu,37.0,Summer Vacation,16,0,0,,1.03601,1.03715,0.9987,0.96045,1.1746,0.86117,0.86713,0.99396,1.0,1.0,1.0,1.0,1.0,47.33,5.518,85.209,19.505,42.749,200.311,1.02913,234,0,,,55,7,87,19,66
2023-07-14,fri,37.5,Summer Vacation,17,0,0,,1.03619,1.03587,0.9987,0.96026,0.99807,0.84862,0.92072,0.98945,1.0,1.0,1.0,1.0,1.0,11.246,2.407,78.281,30.434,46.511,168.879,0.98884,153,0,,,14,0,75,21,43
2023-07-15,sat,35.9,Summer Vacation,18,0,0,,1.03638,1.03284,0.9987,0.96012,0.90065,0.85291,0.88335,0.98629,1.0,1.0,1.0,1.0,1.0,15.216,3.764,66.817,25.509,39.871,151.176,0.94304,139,0,,,12,5,66,21,35
2023-07-16,wkday,33.3,Summer Vacation,19,0,0,,1.03657,1.01033,0.9987,0.96003,0.8918,0.8839,0.8081,0.98631,1.0,1.0,1.0,1.0,1.0,51.859,6.682,47.953,9.495,30.775,146.764,1.02155,151,0,,,60,5,54,4,28
2023-07-17,wkday,33.8,Summer Vacation,20,0,0,,1.03675,1.01639,0.9987,0.96,0.86555,0.88141,0.80451,0.98348,1.0,1.0,1.0,1.0,1.0,49.479,6.71,46.313,8.623,31.042,142.166,1.02693,162,0,,,50,9,65,8,30
2023-07-18,wkday,36.4,Summer Vacation,21,0,0,,1.03694,1.03206,0.9987,0.96002,0.89363,0.87267,0.80774,0.98054,1.0,1.0,1.0,1.0,1.0,50.053,6.802,48.025,9.262,33.156,147.298,1.10002,153,0,,,54,10,53,7,29
2023-07-19,wkday,35.9,Summer Vacation,22,0,0,,1.03713,1.01262,0.9987,0.96009,0.94007,0.86661,0.82089,0.97719,1.0,1.0,1.0,1.0,1.0,47.967,6.329,52.572,10.551,33.967,151.386,1.01705,142,0,,,46,7,53,10,26
2023-07-20,thu,37.2,Summer Vacation,23,0,0,,1.03731,1.02376,0.9987,0.96022,1.1719,0.84423,0.86461,0.97228,1.0,1.0,1.0,1.0,1.0,45.395,5.38,79.742,18.017,41.217,189.751,0.9987,181,0,,,50,6,67,20,38
2023-07-21,fri,37.1,Summer Vacation,24,0,0,,1.0375,1.03373,0.9987,0.96039,0.99223,0.83355,0.9194,0.96451,1.0,1.0,1.0,1.0,1.0,10.935,2.373,74.611,28.632,45.024,161.576,1.04591,157,0,,,15,5,75,22,40
2023-07-22,sat,35.5,Summer Vacation,25,0,0,,1.03769,1.02537,0.9987,0.96062,0.89663,0.8407,0.88137,0.96214,1.0,1.0,1.0,1.0,1.0,14.763,3.693,63.669,24.019,38.404,144.548,0.98835,127,0,,,16,6,54,23,28
2023-07-23,wkday,35.3,Summer Vacation,26,0,0,,1.03788,1.03006,0.9987,0.96089,0.8946,0.86874,0.80493,0.96712,1.0,1.0,1.0,1.0,1.0,51.834,6.736,45.516,9.02,31.378,144.484,1.00535,137,0,,,51,5,44,12,25
2023-07-24,wkday,35.2,Summer Vacation,27,0,0,,1.03806,1.02136,0.9987,0.9612,0.86774,0.87042,0.80203,0.96694,1.0,1.0,1.0,1.0,1.0,48.962,6.683,44.094,8.205,31.091,139.034,0.9339,109,0,,,36,4,36,7,26
2023-07-25,wkday,36.0,Summer Vacation,28,0,0,,1.03825,1.01791,0.9987,0.96156,0.89425,0.86717,0.80621,0.9666,1.0,1.0,1.0,1.0,1.0,48.835,6.664,46.319,8.877,32.006,142.7,1.09543,150,0,,,63,5,52,8,22
2023-07-26,wkday,34.3,Summer Vacation,29,0,0,,1.03844,1.02894,0.9987,0.96195,0.93996,0.86614,0.82026,0.96573,1.0,1.0,1.0,1.0,1.0,48.44,6.403,53.516,10.638,33.419,152.415,1.02968,171,0,,,61,8,61,8,33
2023-07-27,thu,33.2,Summer Vacation,0,0,0,,1.03862,1.03477,0.9987,0.96237,1.18421,0.85404,0.87037,1.07416,1.0,1.0,1.0,1.0,1.0,47.694,5.8,95.676,21.252,44.878,215.3,0.9835,208,0,,,44,5,103,18,38
2023-07-28,fri,34.2,Summer Vacation,1,0,0,,1.03881,1.04502,0.9987,0.96283,1.0131,0.84214,0.92222,1.05713,1.0,1.0,1.0,1.0,1.0,11.444,2.528,86.28,32.801,48.563,181.617,0.97692,165,0,,,12,1,83,28,41
2023-07-29,sat,35.0,Summer Vacation,2,0,0,,1.039,1.04784,0.9987,0.9633,0.90827,0.84559,0.88488,1.03712,1.0,1.0,1.0,1.0,1.0,15.599,3.948,71.734,27.092,42.498,160.871,1.1797,212,0,,,12,6,90,50,54
2023-07-30,wkday,34.8,Summer Vacation,3,0,0,,1.03918,1.04661,0.9987,0.96379,0.89147,0.87508,0.80871,1.01981,1.0,1.0,1.0,1.0,1.0,54.487,7.127,50.75,10.087,34.224,156.675,0.94139,151,0,,,48,6,61,6,30
2023-07-31,wkday,36.1,Summer Vacation,4,0,0,,1.03937,1.03788,0.9987,0.9643,0.8658,0.87728,0.80556,1.01334,1.0,1.0,1.0,1.0,1.0,51.504,7.042,48.147,9.051,34.212,149.957,0.90619,138,0,,,50,8,42,10,28
2023-08-01,wkday,36.5,Summer Vacation,5,0,0,,1.03956,1.0208,1.00939,0.96481,0.8925,0.87682,0.80988,1.00904,1.0,1.0,1.0,1.0,1.0,51.306,6.984,50.596,9.797,34.755,153.438,0.97129,162,0,,,58,10,48,7,39
2023-08-02,wkday,36.4,Summer Vacation,6,0,0,,1.03974,1.01434,1.00939,0.96533,0.93953,0.87484,0.82346,1.00621,1.0,1.0,1.0,1.0,1.0,50.112,6.584,56.29,11.399,36.249,160.635,1.04682,160,0,,,55,10,42,12,41
2023-08-03,thu,37.2,Summer Vacation,7,0,0,,1.03993,1.01871,1.00939,0.96584,1.17507,0.85774,0.86733,1.0045,1.0,1.0,1.0,1.0,1.0,47.421,5.565,85.953,19.637,43.497,202.072,1.01515,214,0,,,39,4,85,26,60
2023-08-04,fri,38.6,Summer Vacation,8,0,0,,1.04012,1.01144,1.00939,0.96635,1.00063,0.85191,0.9213,1.00347,1.0,1.0,1.0,1.0,1.0,11.306,2.417,79.11,30.892,47.685,171.41,1.0639,163,0,,,9,2,79,34,39
2023-08-05,sat,37.7,Summer Vacation,9,0,0,,1.04031,1.01214,1.00939,0.96683,0.90254,0.86048,0.88462,1.00226,1.0,1.0,1.0,1.0,1.0,15.498,3.801,68.06,26.299,41.521,155.179,0.96684,162,0,,,17,4,71,30,40
2023-08-06,wkday,38.6,Summer Vacation,10,0,0,,1.04049,1.00444,1.00939,0.9673,0.89298,0.8933,0.80995,1.0012,1.0,1.0,1.0,1.0,1.0,54.088,6.86,48.176,9.831,34.073,153.028,0.98785,128,0,,,37,6,41,11,33
2023-08-07,wkday,37.6,Summer Vacation,11,0,0,,1.04068,1.00814,1.00939,0.96775,0.86583,0.89765,0.80742,1.00081,1.0,1.0,1.0,1.0,1.0,51.96,6.888,47.684,9.151,33.795,149.478,1.00136,139,0,,,40,5,53,14,27
2023-08-08,wkday,36.0,Summer Vacation,12,0,0,,1.04087,1.00259,1.00939,0.96816,0.89156,0.89894,0.81209,1.00055,1.0,1.0,1.0,1.0,1.0,51.937,6.853,51.326,10.098,33.702,153.916,0.92895,130,0,,,43,4,43,13,27
2023-08-09,wkday,35.1,Summer Vacation,13,0,0,,1.04105,0.99578,1.00939,0.96855,0.93859,0.89966,0.82597,1.00038,1.0,1.0,1.0,1.0,1.0,50.811,6.469,57.886,11.882,34.914,161.961,0.96601,151,0,,,48,4,52,10,37
2023-08-10,thu,35.1,Summer Vacation,14,0,0,,1.04124,1.00015,1.00939,0.96889,1.17811,0.88667,0.86961,1.00027,1.0,1.0,1.0,1.0,1.0,48.156,5.474,89.26,20.633,41.59,205.113,1.07972,231,0,,,43,5,111,22,50
2023-08-11,fri,36.1,Summer Vacation,15,0,0,,1.04143,0.99128,1.00939,0.96919,1.00275,0.87941,0.92201,0.99666,1.0,1.0,1.0,1.0,1.0,11.459,2.37,81.632,32.291,45.209,172.961,0.89142,159,0,,,11,2,71,34,41
2023-08-12,sat,38.3,Summer Vacation,16,0,0,,1.04161,0.98911,1.00939,0.96945,0.90232,0.88628,0.8861,0.99325,1.0,1.0,1.0,1.0,1.0,15.651,3.711,68.436,26.97,40.63,155.398,1.03198,174,0,,,23,4,84,23,40
2023-08-13,wkday,38.8,Summer Vacation,17,0,0,,1.0418,0.99485,1.00939,0.96966,0.89246,0.91798,0.81232,0.99187,1.0,1.0,1.0,1.0,1.0,55.303,6.776,49.059,10.201,33.52,154.858,0.97458,132,0,,,53,6,35,9,29
2023-08-14,wkday,37.6,Summer Vacation,18,0,0,,1.04199,0.98594,1.00939,0.96982,0.86506,0.92199,0.80965,0.98906,1.0,1.0,1.0,1.0,1.0,52.385,6.705,47.809,9.345,32.632,148.875,1.02722,160,0,,,50,9,60,10,31
2023-08-15,wkday,36.5,Summer Vacation,19,0,0,,1.04217,0.99082,1.00939,0.96993,0.89117,0.92306,0.81408,0.98614,1.0,1.0,1.0,1.0,1.0,52.823,6.727,51.542,10.34,32.961,154.393,1.01279,158,0,,,51,3,52,11,41
2023-08-16,wkday,36.4,Summer Vacation,20,0,0,,1.04236,0.9912,1.00939,0.96999,0.93834,0.92226,0.8274,0.98294,1.0,1.0,1.0,1.0,1.0,51.953,6.383,57.749,12.117,34.599,162.8,0.96036,155,0,,,43,5,52,20,35
2023-08-17,thu,36.5,Summer Vacation,21,0,0,,1.04255,0.98095,1.00939,0.97001,1.17609,0.9085,0.87023,0.97845,1.0,1.0,1.0,1.0,1.0,48.413,5.31,87.24,20.61,40.496,202.069,1.08298,208,0,,,55,6,87,21,39
2023-08-18,fri,36.6,Summer Vacation,22,0,0,,1.04274,0.99382,1.00939,0.97016,0.99919,0.90341,0.92218,0.9716,1.0,1.0,1.0,1.0,1.0,11.763,2.35,82.291,33.138,44.492,174.034,0.96167,173,0,,,9,1,74,34,55
2023-08-19,sat,35.3,Summer Vacation,23,0,0,,1.04292,1.00067,1.00939,0.97047,0.90151,0.91434,0.88691,0.96901,1.0,1.0,1.0,1.0,1.0,16.199,3.713,71.575,28.425,38.667,158.579,0.99589,156,0,,,18,6,63,22,47
2023-08-20,wkday,35.4,In Session,24,0,0,,1.04311,0.99103,1.00939,0.97092,0.90797,0.94897,1.0,0.97443,1.0,1.0,1.0,1.0,1.0,63.993,33.388,50.522,11.75,31.269,190.922,1.0987,190,1,,,63,35,54,15,23
2023-08-21,wkday,35.9,In Session,25,0,0,,1.0433,0.982,1.00939,0.97153,0.88321,0.95169,1.0,0.97178,1.0,1.0,1.0,1.0,1.0,60.562,33.047,48.606,10.659,31.079,183.953,0.98505,189,0,,,58,30,55,9,37
2023-08-22,wkday,37.0,In Session,26,0,0,,1.04348,0.98121,1.00939,0.97229,0.90612,0.95108,1.0,0.96887,1.0,1.0,1.0,1.0,1.0,60.683,32.989,51.131,11.567,32.079,188.449,1.07477,185,0,,,51,28,55,16,35
2023-08-23,wkday,37.0,In Session,27,0,0,,1.04367,0.97537,1.00939,0.97317,0.93887,0.94892,1.0,0.96799,1.0,1.0,1.0,1.0,1.0,59.346,31.187,57.055,13.493,33.657,194.737,1.14185,235,0,,,82,44,70,8,31
2023-08-24,thu,34.7,In Session,28,0,0,,1.04386,0.96146,1.00939,0.97419,1.12144,0.93939,1.0,0.96485,1.0,1.0,1.0,1.0,1.0,55.127,25.919,88.3,23.303,38.283,230.933,1.03993,213,0,,,53,23,80,23,34
2023-08-25,fri,34.4,In Session,29,0,0,,1.04404,0.96304,1.00939,0.97532,0.90046,0.93249,1.0,0.95852,1.0,1.0,1.0,1.0,1.0,13.254,11.374,83.038,37.263,41.58,186.507,0.9562,180,0,,,16,13,80,34,37
2023-08-26,sat,36.1,In Session,30,0,0,,1.04423,0.96433,1.00939,0.97655,0.8414,0.93428,1.0,0.96047,1.0,1.0,1.0,1.0,1.0,18.163,17.922,69.673,31.15,37.473,174.382,1.08192,177,0,,,18,15,78,31,35
2023-08-27,wkday,34.8,In Session,0,0,0,,1.04442,0.96048,1.00939,0.97787,0.9025,0.96215,1.0,1.06142,1.0,1.0,1.0,1.0,1.0,66.153,34.751,57.55,13.48,34.351,206.285,0.87215,183,0,,,59,34,55,14,21
2023-08-28,wkday,35.4,In Session,1,0,0,,1.04461,0.97545,1.00939,0.97927,0.87882,0.96344,1.0,1.04129,1.0,1.0,1.0,1.0,1.0,63.65,34.847,55.264,12.204,34.246,200.21,1.01586,201,1,,,68,30,51,11,41
2023-08-29,wkday,35.0,In Session,2,0,0,,1.04479,0.993,1.00939,0.98073,0.90243,0.96368,1.0,1.02801,1.0,1.0,1.0,1.0,1.0,64.631,35.19,59.153,13.402,34.853,207.231,1.03026,232,0,,,72,39,67,14,40
2023-08-30,wkday,35.2,In Session,3,0,0,,1.04498,0.99279,1.00939,0.98223,0.93755,0.96096,1.0,1.01931,1.0,1.0,1.0,1.0,1.0,63.279,33.262,65.317,15.472,36.422,213.753,1.04267,230,0,,,70,35,69,15,41
2023-08-31,thu,32.8,In Session,4,0,0,,1.04517,1.0045,1.00939,0.98376,1.12976,0.95961,1.0,1.01424,1.0,1.0,1.0,1.0,1.0,60.133,28.265,104.209,27.409,42.093,262.109,0.95778,262,0,,,66,26,106,25,39
2023-09-01,fri,33.6,In Session,5,0,0,,1.04535,1.00293,1.02923,0.98531,0.91444,0.94757,1.0,1.01124,1.0,1.0,1.0,1.0,1.0,14.657,12.574,97.077,43.652,46.862,214.821,1.12477,245,0,,,13,16,101,54,61
2023-09-02,sat,32.7,In Session,6,0,0,,1.04554,0.98434,1.02923,0.98685,0.85467,0.95965,1.0,1.00719,1.0,1.0,1.0,1.0,1.0,19.648,19.388,82.443,36.475,39.924,197.878,1.06929,216,0,,,21,20,96,35,44
2023-09-03,wkday,33.4,In Session,7,0,0,,1.04573,0.98851,1.02923,0.98838,0.90401,0.97392,1.0,1.00374,1.0,1.0,1.0,1.0,1.0,69.192,35.413,58.277,13.623,33.066,209.571,0.92287,190,0,,,71,31,45,15,28
2023-09-04,wkday,31.5,In Session,8,0,0,,1.04591,0.97559,1.02923,0.98986,0.87689,0.98378,1.0,1.00253,1.0,1.0,1.0,1.0,1.0,65.167,34.978,58.394,12.675,31.843,203.057,1.02819,206,0,,,75,38,54,14,25
2023-09-05,wkday,33.4,In Session,9,0,0,,1.0461,0.97775,1.02923,0.9913,0.90217,0.97432,1.0,1.00171,1.0,1.0,1.0,1.0,1.0,65.445,35.091,59.885,13.516,33.443,207.381,1.02902,199,0,,,69,39,51,9,31
2023-09-06,wkday,33.8,In Session,10,0,0,,1.04629,0.96834,1.02923,0.99267,0.9373,0.97049,1.0,1.00118,1.0,1.0,1.0,1.0,1.0,63.646,33.054,65.937,15.574,35.124,213.336,0.92523,181,0,,,59,23,61,11,27
2023-09-07,thu,32.4,In Session,11,0,0,,1.04648,0.96267,1.02923,0.99396,1.12988,0.96782,1.0,1.00087,1.0,1.0,1.0,1.0,1.0,59.513,27.705,102.857,27.07,40.705,257.85,1.10943,272,0,,,58,39,109,26,40
2023-09-08,fri,34.0,In Session,12,0,0,,1.04666,0.97171,1.02923,0.99515,0.91202,0.9499,1.0,1.00068,1.0,1.0,1.0,1.0,1.0,14.391,12.25,94.029,42.49,45.624,208.784,0.96908,187,0,,,15,14,80,35,43
2023-09-09,sat,35.6,In Session,13,0,0,,1.04685,0.9786,1.02923,0.99623,0.84919,0.94825,1.0,1.00044,1.0,1.0,1.0,1.0,1.0,19.796,19.408,79.082,35.58,41.291,195.157,0.98653,197,0,,,27,21,78,36,35
2023-09-10,wkday,36.2,In Session,14,0,0,,1.04704,0.98163,1.02923,0.9972,0.90607,0.9701,1.0,1.00023,1.0,1.0,1.03054,1.0,1.0,71.691,37.206,58.551,13.618,34.172,215.237,1.06174,213,0,,Mobile app launch,76,27,64,13,33
2023-09-11,wkday,34.9,In Session,15,0,0,,1.04722,0.98698,1.02923,0.99803,0.88031,0.97304,1.0,0.99759,1.0,1.0,1.03066,1.00026,1.0,68.685,37.387,58.153,12.646,33.715,210.586,0.9817,189,0,,,57,24,55,10,43
2023-09-12,wkday,35.3,In Session,16,0,0,,1.04741,0.99618,1.02923,0.99873,0.90374,0.97078,1.0,0.99492,1.0,1.0,1.03063,1.00051,1.0,69.35,37.708,61.911,13.843,34.855,217.667,1.05748,224,0,,,71,42,64,10,37
2023-09-13,wkday,35.4,In Session,17,0,0,,1.0476,0.98208,1.02923,0.99928,0.93789,0.96738,1.0,0.99208,1.0,1.0,1.03039,1.00075,1.0,67.012,35.286,67.966,15.866,36.162,222.292,1.00147,224,0,,,85,35,60,17,27
2023-09-14,thu,35.1,In Session,18,0,0,,1.04778,0.97596,1.02923,0.99968,1.12424,0.95441,1.0,0.98835,1.0,1.0,1.03008,1.00096,1.0,62.515,29.499,103.186,27.017,42.309,264.527,1.00274,252,0,,,56,34,90,26,46
2023-09-15,fri,34.4,In Session,19,0,0,,1.04797,0.99186,1.02923,0.99992,0.90463,0.94834,1.0,0.98277,1.0,1.0,1.02706,1.00095,1.0,15.19,13.101,98.278,43.617,46.173,216.357,1.02724,243,0,,,15,20,104,42,62
2023-09-16,sat,34.4,In Session,20,0,0,,1.04816,0.9799,1.02923,1.0,0.84565,0.95361,1.0,0.98026,1.0,1.0,1.02807,1.00119,1.0,20.455,20.312,82.453,36.166,39.999,199.385,0.98807,185,0,,,16,20,71,38,40
2023-09-17,wkday,31.2,In Session,21,0,0,,1.04835,0.97834,1.02923,1.00003,0.90324,0.98855,1.0,0.98201,1.0,1.0,1.03107,1.00177,1.0,71.443,36.821,62.263,14.08,31.25,215.857,1.06565,254,0,,,80,50,71,19,34
2023-09-18,wkday,32.8,In Session,22,0,0,,1.04853,0.98534,1.02923,1.0001,0.87956,0.9808,1.0,0.97945,1.0,1.0,1.03092,1.00201,1.0,68.496,37.035,58.897,12.648,32.015,209.092,0.9092,193,0,,,64,30,61,9,29
2023-09-19,wkday,32.2,In Session,23,0,0,,1.04872,0.99111,1.02923,1.00023,0.90252,0.98255,1.0,0.97657,1.0,1.0,1.03098,1.00224,1.0,68.867,37.203,63.518,13.948,32.549,216.087,1.06925,259,1,,,80,38,73,18,50
2023-09-20,wkday,33.4,In Session,24,0,0,,1.04891,1.00185,1.02923,1.00042,0.9377,0.97452,1.0,0.97329,1.0,1.0,1.03064,1.00243,1.0,68.194,35.681,69.881,16.133,35.102,224.992,1.05187,235,1,,,78,45,62,17,33
2023-09-21,thu,33.9,In Session,25,0,0,,1.04909,1.01065,1.02923,1.00065,1.12844,0.95937,1.0,0.96748,1.0,1.0,1.08612,1.00256,1.0,64.557,32.697,114.867,29.305,44.205,285.631,0.97848,293,1,,,67,28,131,38,29
2023-09-22,fri,34.4,In Session,26,0,0,,1.04928,1.00551,1.02923,1.00092,0.93411,0.94402,1.0,0.9582,1.0,1.07129,1.09408,1.00225,1.0,15.354,14.215,117.892,49.431,47.94,244.832,1.02446,220,0,,,17,14,115,42,32
2023-09-23,holiday,32.4,In Session,27,0,0,,1.04947,1.02253,1.02923,1.00124,0.92087,0.96077,1.0,0.95875,1.0,1.15184,1.09326,1.0025,1.0,21.309,13.641,122.904,50.215,46.032,254.101,1.03001,232,0,,,19,8,116,48,41
2023-09-24,holiday,32.7,In Session,28,0,0,,1.04965,1.0371,1.02923,1.0016,0.87887,0.96199,1.0,0.95957,1.0,0.99945,1.09174,1.00267,1.0,21.631,16.154,100.159,42.63,42.63,223.204,1.05497,219,0,,,12,15,100,44,48
2023-09-25,wkday,32.8,In Session,29,0,0,,1.04984,1.03535,1.02923,1.002,0.88014,0.98116,1.0,0.96917,1.0,1.0,1.03096,1.00362,1.0,72.047,38.818,61.273,13.134,33.224,218.496,0.8641,186,0,,,63,33,47,13,30
2023-09-26,wkday,32.1,In Session,30,0,0,,1.05003,1.03934,1.02923,1.00243,0.90281,0.98336,1.0,0.96875,1.0,1.0,1.03102,1.00384,1.0,72.39,39.002,66.361,14.536,33.808,226.097,1.03451,226,1,,,71,38,64,12,41
2023-09-27,wkday,32.8,In Session,0,0,0,,1.05022,1.04623,1.02923,1.00288,0.93639,0.97669,1.0,1.06419,1.0,1.0,1.03055,1.00395,1.0,74.414,39.91,84.075,19.306,41.35,259.055,1.02007,285,0,,,86,40,95,22,42
2023-09-28,thu,32.0,In Session,1,0,0,,1.0504,1.03979,1.02923,1.00336,1.13461,0.97293,1.0,1.04731,1.0,1.0,1.03039,1.00403,1.0,68.891,32.958,126.254,32.383,46.941,307.427,0.94907,279,0,,,61,29,107,34,48
2023-09-29,fri,33.8,In Session,2,0,0,,1.05059,1.04585,1.02923,1.00385,0.91617,0.95252,1.0,1.03727,1.0,1.0,1.02714,1.00334,1.0,16.489,14.377,112.183,49.459,51.563,244.071,0.96952,241,0,,,22,10,93,64,52
2023-09-30,sat,33.5,In Session,3,0,0,,1.05078,1.03905,1.02923,1.00436,0.85344,0.95916,1.0,1.02383,1.0,1.0,1.02816,1.00369,1.0,22.271,22.319,94.293,41.018,44.365,224.267,0.95399,213,0,,,16,24,103,32,38
2023-10-01,wkday,29.8,In Session,4,0,0,,1.05096,1.03861,1.04886,1.00488,0.89971,0.99846,1.0,1.01253,1.0,1.0,1.0,1.0049,1.0,76.959,39.233,70.997,16.136,34.959,238.283,0.93582,209,0,,Office tower opens nearby (commuters +15% ramp),64,36,60,17,32
2023-10-02,wkday,30.8,In Session,5,0,0,,1.05115,1.0408,1.04886,1.00539,0.87588,0.99205,1.0,1.00839,1.0,1.0,1.0,1.00667,1.0,73.748,39.236,67.329,14.486,35.314,230.113,1.06723,244,0,,,74,43,70,14,43
2023-10-03,wkday,32.3,In Session,6,0,0,,1.05134,1.03113,1.04886,1.0059,0.90146,0.98269,1.0,1.00567,1.0,1.0,1.0,1.0083,1.0,73.39,38.83,68.268,15.239,36.347,232.075,1.07941,245,0,,,77,37,74,18,39
2023-10-04,wkday,30.8,In Session,7,0,0,,1.05153,1.04203,1.04886,1.00641,0.93653,0.99014,1.0,1.00392,1.0,1.0,1.0,1.00962,1.0,73.023,37.263,79.668,18.361,37.905,246.22,1.01005,261,0,,,66,53,76,22,44
2023-10-05,thu,29.1,In Session,8,0,0,,1.05171,1.0433,1.04886,1.00689,1.13752,1.00268,1.0,1.00289,1.0,1.0,1.0,1.00964,1.0,68.963,31.419,127.113,32.461,43.94,303.896,0.9682,288,0,,,60,33,126,33,36
2023-10-06,fri,28.5,In Session,9,0,0,,1.0519,1.03452,1.04886,1.00736,0.92919,1.01336,1.0,1.00228,1.0,1.0,1.0,1.00602,1.0,16.43,13.634,119.2,51.51,46.951,247.725,0.95752,233,0,,,16,9,104,59,45
2023-10-07,sat,29.1,In Session,10,0,0,,1.05209,1.03826,1.04886,1.0078,0.86008,1.00467,1.0,1.00146,1.0,1.0,1.0,1.0075,1.0,22.591,21.512,100.301,43.04,41.795,229.239,0.98652,204,0,,,17,24,83,36,44
2023-10-08,wkday,29.1,In Session,11,0,0,,1.05227,1.03835,1.04886,1.00821,0.90079,1.00349,1.0,1.00076,1.0,1.0,1.0,1.01648,1.0,79.439,39.138,71.545,16.142,34.2,240.464,0.99724,247,0,,,101,33,69,14,30
2023-10-09,wkday,27.4,In Session,12,0,0,,1.05246,1.04607,1.04886,1.00859,0.87299,1.01594,1.0,1.00051,1.0,1.0,1.0,1.01761,1.0,76.56,39.453,73.552,15.386,33.675,238.626,1.04544,261,0,,,87,45,68,15,46
2023-10-10,wkday,25.9,In Session,13,0,0,,1.05265,1.03551,1.04886,1.00893,0.89639,1.0267,1.0,1.00035,1.0,1.0,1.0,1.01853,1.0,76.114,39.079,80.144,17.039,33.383,245.76,0.99621,261,0,,,67,51,80,25,38
2023-10-11,wkday,25.7,In Session,14,0,0,,1.05284,1.02789,1.04886,1.00923,0.93507,1.03017,1.0,1.00024,1.0,1.0,1.0,1.01894,1.0,74.352,36.875,89.328,19.797,34.851,255.204,0.93998,243,0,,,73,38,82,19,31
2023-10-12,thu,26.9,In Session,15,0,0,,1.05302,1.01763,1.04886,1.00948,1.14146,1.02712,1.0,0.99721,1.0,1.0,1.0,1.01691,1.0,69.302,30.704,131.014,32.851,41.453,305.324,1.05459,322,0,,,65,24,144,31,58
2023-10-13,fri,25.7,In Session,16,0,0,,1.05321,1.02135,1.04886,1.00968,0.93469,1.05041,1.0,0.99318,1.0,1.0,1.0,1.00877,1.0,16.678,13.464,125.322,53.027,44.319,252.811,0.91957,215,0,,,12,13,107,42,41
2023-10-14,sat,27.5,In Session,17,0,0,,1.0534,1.01955,1.04886,1.00984,0.85979,1.02517,1.0,0.99013,1.0,1.0,1.0,1.01102,1.0,22.761,21.092,101.904,43.122,39.777,228.656,0.96477,231,0,,,19,14,108,54,36
2023-10-15,wkday,27.7,In Session,18,0,0,,1.05358,1.01301,1.04886,1.00994,0.90068,1.01362,1.0,0.98974,1.0,1.0,1.0,1.02582,1.0,79.341,38.051,71.59,15.952,32.31,237.244,0.89604,186,0,,,70,31,50,15,20
2023-10-16,wkday,27.0,In Session,19,0,0,,1.05377,1.00475,1.04886,1.00999,0.87403,1.01847,1.0,0.98708,1.0,1.0,1.0,1.02658,1.0,75.114,37.686,70.261,14.632,31.625,229.318,1.04928,251,0,,,81,48,78,18,26
2023-10-17,wkday,25.3,In Session,20,0,0,,1.05396,0.99536,1.04886,1.01001,0.89724,1.02968,1.0,0.98423,1.0,1.0,1.0,1.027,1.0,74.567,37.278,76.459,16.177,31.16,235.64,1.1379,295,1,,,84,54,101,22,34
2023-10-18,wkday,27.5,In Session,21,0,0,,1.05414,0.99833,1.04886,1.01006,0.93626,1.01651,1.0,0.98118,1.0,1.0,1.0,1.02702,1.0,73.443,35.468,81.321,18.208,33.854,242.294,0.99777,246,0,,,80,39,72,25,30
2023-10-19,thu,27.9,In Session,22,0,0,,1.05433,1.00532,1.04886,1.01017,1.13563,1.01599,1.0,0.97642,1.0,1.0,1.0,1.02325,1.0,69.567,30.035,123.298,31.093,40.494,294.486,1.01243,296,0,,,85,15,118,32,46
2023-10-20,fri,25.0,In Session,23,0,0,,1.05452,1.00947,1.04886,1.01033,0.92794,1.0573,1.0,0.96872,1.0,1.0,1.0,1.01113,1.0,16.736,13.177,122.569,51.594,42.298,246.374,0.99631,252,0,,,14,14,128,44,52
2023-10-21,sat,25.9,In Session,24,0,0,,1.05471,1.00515,1.04886,1.01054,0.85786,1.04366,1.0,0.96679,1.0,1.0,1.0,1.014,1.0,22.768,20.59,101.864,42.583,37.405,225.21,0.91972,214,0,,,29,22,100,30,33
2023-10-22,wkday,25.2,In Session,25,0,0,,1.05489,1.00146,1.04886,1.0108,0.89981,1.0289,1.0,0.97156,1.0,1.0,1.0,1.03338,1.0,79.542,37.252,73.119,16.011,30.088,236.011,0.96974,204,1,,,74,20,67,15,28
2023-10-23,wkday,23.9,In Session,26,0,0,,1.05508,1.00691,1.04886,1.0111,0.87271,1.03328,1.0,0.96883,1.0,1.0,1.0,1.03381,1.0,76.304,37.408,72.876,14.911,29.593,231.093,1.03763,217,0,,,68,29,78,18,24
2023-10-24,wkday,24.0,In Session,27,0,0,,1.05527,1.01243,1.04886,1.01144,0.89763,1.03445,1.0,0.96845,1.0,1.0,1.0,1.03398,1.0,76.946,37.64,77.821,16.35,30.476,239.234,0.98171,233,1,,,75,35,77,17,29
2023-10-25,wkday,24.0,In Session,28,0,0,,1.05545,0.99673,1.04886,1.01182,0.93562,1.03754,1.0,0.96755,1.0,1.0,1.0,1.03318,1.0,74.451,35.23,85.692,18.79,31.651,245.815,1.09761,266,0,,,79,36,113,17,21
2023-10-26,thu,24.6,In Session,0,0,0,,1.05564,0.98964,1.04886,1.01223,1.15019,1.04769,1.0,1.07119,1.0,1.0,1.0,1.02665,1.0,72.449,31.516,147.14,36.311,42.918,330.334,0.91456,278,0,,,68,26,107,43,34
2023-10-27,fri,23.6,In Session,1,0,0,,1.05583,1.00287,1.04886,1.01268,0.94477,1.06716,1.0,1.05593,1.0,1.0,1.0,1.01274,1.0,17.453,13.785,136.843,57.222,45.357,270.66,0.89848,262,0,,,11,10,122,66,53
2023-10-28,sat,22.9,In Session,2,0,0,,1.05602,0.99297,1.04886,1.01315,0.87083,1.06273,1.0,1.03586,1.0,1.0,1.0,1.01598,1.0,23.49,21.259,113.953,47.028,38.411,244.142,1.09521,286,0,,,34,26,139,44,43
2023-10-29,wkday,20.6,In Session,3,0,0,,1.0562,0.99467,1.04886,1.01363,0.89667,1.02991,1.0,1.01865,1.0,1.0,1.0,1.0388,1.0,82.252,38.499,80.137,17.406,30.051,248.345,0.97308,241,0,,,80,38,79,10,34
2023-10-30,wkday,20.8,In Session,4,0,0,,1.05639,0.99709,1.04886,1.01414,0.87054,1.03031,1.0,1.01254,1.0,1.0,1.0,1.03908,1.0,78.523,38.456,77.88,15.884,29.973,240.716,0.93102,215,0,,,63,49,60,17,26
2023-10-31,wkday,20.8,In Session,5,0,0,,1.05658,1.01515,1.04886,1.01465,0.896,1.03183,1.0,1.00851,1.0,1.0,1.0,1.039,1.0,80.008,39.07,83.824,17.55,31.031,251.483,0.97759,236,0,,,68,42,87,18,21
2023-11-01,wkday,20.2,In Session,6,0,0,,1.05676,1.02267,1.00313,1.01517,0.935,1.03157,1.0,1.00586,1.0,1.0,1.0,1.03791,1.0,75.645,35.721,89.497,19.586,31.135,251.583,0.98638,270,1,,,88,24,101,23,34
2023-11-02,thu,21.5,In Session,7,0,0,,1.05695,1.01902,1.00313,1.01568,1.14607,1.05144,1.0,1.00433,1.0,1.0,1.0,1.03138,1.0,70.877,29.959,137.106,33.61,37.435,308.987,0.81483,246,0,,,43,26,114,36,27
2023-11-03,fri,20.3,In Session,8,0,0,,1.05714,1.02738,1.00313,1.01619,0.93014,1.05764,1.0,1.0034,1.0,1.0,1.0,1.01471,1.0,17.12,13.214,127.548,53.28,40.243,251.405,1.10276,293,0,,,17,19,141,69,47
2023-11-04,sat,21.2,In Session,9,0,0,,1.05733,1.0233,1.00313,1.01668,0.86324,1.05859,1.0,1.00218,1.0,1.0,1.0,1.01827,1.0,23.298,20.688,108.924,44.888,35.737,233.533,1.0128,226,0,,,33,17,107,40,29
2023-11-05,wkday,20.8,Exams,10,0,0,,1.05751,1.01672,1.00313,1.01716,0.901,1.02985,1.01204,1.00113,1.0,1.0,1.0,1.04375,1.0,81.182,41.126,76.98,15.857,28.872,244.018,0.99302,257,0,,,78,40,89,19,31
2023-11-06,wkday,21.1,Exams,11,0,0,,1.0577,1.00365,1.00313,1.01761,0.87491,1.03064,1.01269,1.00076,1.0,1.0,1.0,1.04369,1.0,76.477,40.619,74.299,14.37,28.632,234.397,1.00224,242,0,,,87,40,79,12,24
2023-11-07,wkday,20.9,Exams,12,0,0,,1.05789,0.99767,1.00313,1.01803,0.89958,1.03137,1.01205,1.00051,1.0,1.0,1.0,1.04336,1.0,76.174,40.401,78.408,15.573,29.013,239.57,0.9934,255,0,,,78,51,77,16,33
2023-11-08,wkday,21.5,Exams,13,0,0,,1.05807,1.00588,1.00313,1.01843,0.93661,1.03701,1.01023,1.00035,1.0,1.0,1.0,1.04176,1.0,75.412,38.72,88.658,18.363,31.131,252.283,0.94434,226,0,,,83,29,76,15,23
2023-11-09,thu,21.8,Exams,14,0,0,,1.05826,1.00501,1.00313,1.01878,1.14013,1.05142,1.00427,1.00026,1.0,1.0,1.0,1.0347,1.0,70.868,32.598,135.362,31.479,37.054,307.361,1.00864,321,0,,,79,22,145,28,47
2023-11-10,fri,20.5,Exams,15,0,0,,1.05845,1.0022,1.00313,1.0191,0.91431,1.05876,0.99469,0.99675,1.0,1.0,1.0,1.01633,1.0,16.911,14.204,124.429,49.292,39.254,244.09,0.96703,232,0,,,12,25,103,50,42
2023-11-11,sat,20.9,Exams,16,0,0,,1.05864,1.00087,1.00313,1.01937,0.85185,1.05574,0.99932,0.99353,1.0,1.0,1.0,1.02024,1.0,23.045,22.261,105.847,41.409,34.59,227.152,1.00436,260,0,,,20,33,126,48,33
2023-11-12,wkday,20.9,Exams,17,0,0,,1.05882,0.99812,1.00313,1.0196,0.90186,1.03009,1.01206,0.9924,1.0,1.0,1.0,1.048,1.0,80.478,40.31,75.02,15.432,28.126,239.366,1.00337,234,0,,,74,30,78,18,34
2023-11-13,wkday,21.2,Exams,18,0,0,,1.05901,0.98711,1.00313,1.01978,0.87578,1.03079,1.01272,0.98979,1.0,1.0,1.0,1.04782,1.0,75.836,39.81,72.269,13.959,27.844,229.719,1.08253,262,0,,,91,52,80,15,24
2023-11-14,wkday,21.4,Exams,19,0,0,,1.0592,0.98586,1.00313,1.0199,0.90032,1.03303,1.01208,0.98705,1.0,1.0,1.0,1.04729,1.0,75.768,39.702,76.496,15.165,28.412,235.542,1.0701,249,0,,,70,40,86,21,32
2023-11-15,wkday,20.9,Exams,20,0,0,,1.05938,0.99527,1.00313,1.01998,0.93695,1.03432,1.01034,0.984,1.0,1.0,1.0,1.04564,1.0,74.983,38.02,85.792,17.764,29.908,246.466,1.07979,244,0,,,65,43,69,24,43
2023-11-16,thu,19.2,Exams,21,0,0,,1.05957,0.99054,1.00313,1.02,1.1351,1.03384,1.00454,0.97951,1.0,1.0,1.0,1.03829,1.0,70.072,31.815,127.344,29.77,34.259,293.26,1.03704,299,0,,,60,41,113,39,46
2023-11-17,fri,18.6,Term Break,22,0,0,,1.05976,0.9917,1.00313,1.02006,0.99612,1.03899,1.01052,0.97174,1.0,1.0,1.0,1.01675,1.0,15.605,5.692,121.739,55.017,36.802,234.855,1.05753,237,0,,,17,9,115,62,34
2023-11-18,sat,20.8,Term Break,23,0,0,,1.05995,0.9886,1.00313,1.02023,0.90662,1.06113,0.98471,0.96921,1.0,1.0,1.0,1.02068,1.0,21.219,8.904,106.104,47.012,33.276,216.515,0.94708,193,0,,,20,12,91,40,30
2023-11-19,wkday,20.8,Term Break,24,0,0,,1.06013,0.97854,1.00313,1.02051,0.88359,1.03539,0.911,0.97305,1.0,1.0,1.0,1.05259,1.0,73.535,16.004,74.64,17.39,26.856,208.426,0.9636,196,0,,,74,20,71,15,16
2023-11-20,wkday,18.3,Term Break,25,0,0,,1.06032,0.97,1.00313,1.02088,0.87158,0.99698,0.91301,0.97011,1.0,1.0,1.0,1.05125,0.9143,62.506,12.676,52.096,10.747,40.849,178.874,1.00427,191,0,Rain,,67,10,64,18,32
2023-11-21,wkday,20.2,Term Break,26,0,0,,1.06051,0.96458,1.00313,1.02135,0.88331,1.03287,0.91178,0.96719,1.0,1.0,1.0,1.05174,1.0,69.095,15.739,75.374,16.961,26.639,203.809,0.97147,197,0,,,77,14,64,10,32
2023-11-22,wkday,17.7,Term Break,27,0,0,,1.06069,0.96143,1.00313,1.02192,0.93109,1.00982,0.92355,0.96556,1.0,1.0,1.19654,1.04611,1.0,73.014,17.601,100.677,22.588,36.38,250.259,0.93545,219,0,,,63,12,91,17,36
2023-11-23,thu,18.4,Term Break,28,0,0,,1.06088,0.97418,1.00313,1.02257,1.18784,1.02791,0.96095,0.96257,1.0,1.0,1.20956,1.03676,1.0,69.573,15.033,158.16,39.684,44.223,326.672,1.10269,355,0,,,73,17,173,40,52
2023-11-24,fri,18.4,Term Break,29,0,0,,1.06107,0.98274,1.00313,1.0233,1.02292,1.03358,1.01115,0.95732,1.0,1.0,1.23604,1.01686,1.0,16.813,6.642,148.701,63.441,48.534,284.13,1.00366,273,0,,,19,7,135,64,48
2023-11-25,sat,20.0,Term Break,30,0,0,,1.06125,0.9879,1.00313,1.0241,0.92652,1.05233,0.98622,0.95857,1.0,1.0,1.23017,1.02057,1.0,23.089,10.503,130.773,54.757,44.052,263.174,0.99315,259,0,,,24,12,138,47,38
2023-11-26,wkday,19.4,In Session,31,0,0,,1.06144,0.99877,1.00313,1.02496,0.8963,1.02132,1.0,0.96835,1.0,1.0,1.18621,1.05145,1.0,88.015,42.953,90.021,18.446,36.142,275.577,0.97238,248,0,,,86,35,77,17,33
2023-11-27,wkday,17.1,In Session,0,0,0,,1.06163,1.01788,1.00313,1.02587,0.88078,0.98084,1.0,1.06417,1.0,1.0,1.20167,1.04739,0.91796,80.192,37.484,73.258,13.334,64.948,269.215,1.03801,281,0,Rain,,79,47,67,8,80
2023-11-28,wkday,20.9,In Session,1,0,0,,1.06182,1.02201,1.00313,1.02684,0.89702,1.03222,1.0,1.04144,1.0,1.0,0.9657,1.05362,1.0,82.275,37.777,82.115,17.293,29.649,249.108,1.13311,251,0,,,87,37,74,18,35
2023-11-29,wkday,19.9,In Session,2,0,0,,1.062,1.03129,1.00313,1.02783,0.93553,1.02941,1.0,1.02854,1.0,1.0,0.9649,1.05187,1.0,81.039,35.911,90.117,19.86,30.521,257.448,0.89972,219,0,,,73,32,75,20,19
2023-11-30,thu,21.1,In Session,3,0,0,,1.06219,1.02844,1.00313,1.02885,1.14166,1.04938,1.0,1.02115,1.0,1.0,0.96127,1.0426,1.0,75.712,29.999,137.063,33.82,36.319,312.913,0.97583,293,0,,,80,24,122,28,39
2023-12-01,fri,21.4,In Session,4,0,0,,1.06238,1.01971,0.98083,1.02988,0.91766,1.06618,1.0,1.01676,1.0,1.0,0.95285,1.01967,1.0,17.539,12.684,122.97,51.575,38.155,242.924,0.93948,239,0,,,16,16,119,48,40
2023-12-02,sat,20.3,In Session,5,0,0,,1.06257,1.02321,0.98083,1.03091,0.84965,1.05223,1.0,1.01071,1.0,1.0,0.9549,1.0245,1.0,24.001,19.968,103.828,43.134,32.981,223.911,0.95153,218,0,,,31,16,97,46,28
2023-12-03,wkday,20.1,In Session,6,0,0,,1.06275,1.01932,0.98083,1.03193,0.90151,1.02643,1.0,1.0055,1.0,1.0,0.96703,1.05839,1.0,83.738,36.142,73.397,16.043,26.725,236.045,1.07381,269,0,,,80,50,85,19,35
2023-12-04,wkday,17.3,In Session,7,0,0,,1.06294,1.01185,0.98083,1.03293,0.87683,1.00266,1.0,1.00366,1.0,1.0,0.96715,1.05903,1.0,79.245,35.874,67.482,14.055,25.357,222.013,0.99505,232,0,,,67,39,76,15,35
2023-12-05,wkday,18.6,In Session,8,0,0,,1.06313,1.00544,0.98083,1.0339,0.89845,1.01596,1.0,1.00253,1.0,1.0,1.0,1.05592,1.0,78.839,37.145,77.06,16.178,28.249,237.471,1.01005,215,0,,,72,28,76,12,27
2023-12-06,wkday,16.2,In Session,9,0,0,,1.06331,1.00322,0.98083,1.03483,0.93632,0.99169,1.0,1.00173,1.0,1.0,1.0,1.05462,1.0,77.194,35.231,81.337,18.105,28.601,240.468,1.04722,249,0,,,91,39,87,11,21
2023-12-07,thu,15.1,In Session,10,0,0,,1.0635,0.99931,0.98083,1.0357,1.13065,0.97882,1.0,1.00127,1.0,1.0,1.0,1.04563,1.0,72.286,29.574,120.17,30.296,33.181,285.506,0.97209,281,0,,,75,28,123,29,26
2023-12-08,fri,15.9,In Session,11,0,0,,1.06369,0.99559,0.98083,1.03652,0.90053,0.98765,1.0,1.00102,1.0,1.0,1.0,1.02082,1.0,17.245,12.901,113.915,48.53,36.422,229.013,0.93956,207,0,,,15,13,101,40,38
2023-12-09,sat,14.9,In Session,12,0,0,,1.06388,1.01089,0.98083,1.03727,0.83572,0.97025,1.0,1.00065,1.0,1.0,1.0,1.026,1.0,23.91,20.602,96.015,40.749,32.03,213.305,1.06593,231,0,,,27,20,112,46,26
2023-12-10,wkday,15.8,In Session,13,0,0,,1.06406,1.02335,0.98083,1.03793,0.90426,0.98699,1.0,1.00033,1.0,1.0,1.0,1.06082,1.0,84.827,37.951,71.031,15.741,26.941,236.49,0.99844,240,0,,,104,30,63,12,31
2023-12-11,wkday,17.1,In Session,14,0,0,,1.06425,1.0078,0.98083,1.03852,0.87564,1.00027,1.0,1.00022,1.0,1.0,1.0,1.05955,1.0,79.658,37.403,70.58,14.555,27.11,229.306,1.01763,246,1,,,84,38,80,14,30
2023-12-12,wkday,15.9,In Session,15,0,0,,1.06444,1.0219,0.98083,1.03901,0.90109,0.98782,1.0,0.9976,1.0,1.0,1.0,1.0592,1.0,80.774,37.882,73.542,15.706,27.473,235.377,0.99799,253,0,,,86,34,84,19,30
2023-12-13,wkday,16.1,In Session,16,0,0,,1.06462,1.01959,0.98083,1.03941,0.93651,0.99054,1.0,0.99485,1.0,1.0,1.0,1.0566,1.0,78.973,35.862,82.176,18.29,28.9,244.201,0.99309,271,0,,,82,32,107,25,25
2023-12-14,thu,15.5,In Session,17,0,0,,1.06481,1.01776,0.98083,1.03971,1.16659,0.98867,1.0,0.99101,1.0,1.0,1.0,1.04181,1.23133,73.991,36.126,184.263,30.846,33.753,358.98,1.01981,359,0,Nearby Riyadh Season event,,85,28,189,26,31
2023-12-15,fri,15.2,In Session,18,0,0,,1.065,1.0212,0.98083,1.0399,0.89225,0.97418,1.0,0.98629,1.0,1.0,1.0,1.02179,1.0,17.748,13.197,113.464,48.562,36.504,229.474,0.98408,214,0,,,16,13,106,53,26
2023-12-16,sat,15.8,In Session,19,0,0,,1.06519,1.02078,0.98083,1.03999,0.83664,0.98618,1.0,0.98363,1.0,1.0,1.0,1.02682,1.0,24.182,20.698,97.823,41.191,32.313,216.206,0.99825,217,0,,,22,19,90,52,34
2023-12-17,wkday,14.3,In Session,20,0,0,,1.06537,1.03144,0.98083,1.03999,0.90728,0.97113,1.0,0.98511,1.0,1.0,1.0,1.06383,1.0,85.477,37.963,67.493,15.122,25.964,232.019,0.87766,220,0,,,83,33,66,11,27
2023-12-18,wkday,12.0,In Session,21,0,0,,1.06556,1.02574,0.98083,1.03993,0.88278,0.94844,1.0,0.98277,1.0,1.0,1.0,1.06443,1.0,80.91,37.69,61.684,13.21,24.733,218.227,1.01148,204,0,,,74,31,59,13,27
2023-12-19,wkday,11.8,In Session,22,0,0,,1.06575,1.02617,0.98083,1.03981,0.90574,0.94593,1.0,0.98006,1.0,1.0,1.0,1.06348,1.0,80.892,37.641,65.044,14.32,25.11,223.006,1.04125,248,0,,,84,44,79,18,23
2023-12-20,wkday,13.0,In Session,23,0,0,,1.06593,1.03311,0.98083,1.03965,0.93763,0.95516,1.0,0.97674,1.0,1.0,1.0,1.06031,1.0,79.754,35.936,74.94,17.074,27.108,234.812,1.00584,219,0,,,79,28,63,25,24
2023-12-21,thu,14.4,In Session,24,0,0,,1.06612,1.0153,0.98083,1.03943,1.12541,0.96892,1.0,0.97122,1.0,1.0,1.0,1.04938,1.0,73.525,29.686,116.048,29.372,32.214,280.845,0.97314,269,0,,,91,24,100,30,24
2023-12-22,fri,15.0,In Session,25,0,0,,1.06631,1.01355,0.98083,1.03917,0.88523,0.97042,1.0,0.96216,1.0,1.0,1.0,1.02267,1.0,17.537,12.941,109.163,46.76,35.165,221.566,0.95006,183,0,,,19,7,78,44,35
2023-12-23,sat,18.0,In Session,26,0,0,,1.0665,1.02243,0.98083,1.03886,0.84186,1.02315,1.0,0.96043,1.0,1.0,1.0,1.0273,1.0,24.103,20.474,100.674,41.715,32.634,219.599,0.99222,229,0,,,30,21,101,41,36
2023-12-24,wkday,18.3,In Session,27,0,0,,1.06668,1.01682,0.98083,1.03852,0.90334,1.01243,1.0,0.96957,1.0,1.0,1.0,1.06359,1.0,83.915,37.019,71.831,15.624,26.675,235.065,1.05156,214,0,,,70,30,75,13,26
2023-12-25,wkday,16.2,In Session,28,0,0,,1.06687,1.02689,0.98083,1.03813,0.87859,0.99088,1.0,0.96979,1.0,1.0,1.0,1.06396,1.0,80.724,37.383,67.373,13.962,26.047,225.489,1.05242,221,0,,,73,52,55,18,23
2023-12-26,wkday,14.6,In Session,29,0,0,,1.06706,1.03074,0.98083,1.03771,0.90377,0.97377,1.0,0.96966,1.0,1.0,1.0,1.06369,1.0,81.037,37.518,68.868,14.836,26.026,228.285,0.99505,240,0,,,90,43,63,17,27
2023-12-27,wkday,16.1,In Session,0,0,0,,1.06724,1.02069,0.98083,1.03727,0.93564,0.99032,1.0,1.06303,1.0,1.0,1.0,1.05761,1.0,81.878,37.726,90.503,20.113,31.781,262.001,1.0679,273,0,,,82,36,102,16,37
2023-12-28,thu,16.0,In Session,1,0,0,,1.06743,1.01943,0.98083,1.0368,1.13675,0.99214,1.0,1.04663,1.0,1.0,1.0,1.04797,1.0,76.109,31.274,133.836,33.429,36.537,311.185,1.08674,341,0,,,85,31,153,38,34
2023-12-29,fri,15.6,In Session,2,0,0,,1.06762,1.02958,0.98083,1.03631,0.90398,0.98184,1.0,1.03713,1.0,1.0,1.0,1.02261,1.0,18.274,13.682,122.171,52.049,39.09,245.266,0.97426,241,0,,,15,18,109,49,50
2023-12-30,sat,14.8,In Session,3,0,0,,1.06781,1.01279,0.98083,1.0358,0.83748,0.96846,1.0,1.02365,1.0,1.0,1.0,1.02808,1.0,24.416,21.007,98.914,41.918,32.956,219.211,0.89546,185,0,,,24,16,85,38,22
2023-12-31,wkday,14.2,In Session,4,0,0,,1.06799,1.02376,0.98083,1.03529,0.90605,0.96975,1.0,1.01202,1.0,1.0,1.0,1.0658,1.0,86.151,38.43,69.547,15.573,26.741,236.443,1.06473,260,0,,,95,40,84,11,30
2024-01-01,wkday,15.0,In Session,5,0,0,,1.06818,1.00585,1.00023,1.03463,0.87808,0.97767,1.0,1.00812,1.0,1.0,1.0,1.06471,1.0,82.047,38.376,69.003,14.424,26.98,230.83,1.01561,220,0,,,76,44,59,20,21
2024-01-02,wkday,16.0,In Session,6,0,0,,1.06837,1.00496,1.00023,1.03412,0.9009,0.98896,1.0,1.00554,1.0,1.0,1.0,1.06299,1.0,81.874,38.257,74.899,15.949,27.892,238.87,0.92565,229,0,,,65,38,83,19,24
2024-01-03,wkday,18.1,In Session,7,0,0,,1.06855,1.0159,1.00023,1.03361,0.93603,1.01324,1.0,1.00387,1.0,1.0,1.0,1.05914,1.0,81.043,36.683,88.725,19.438,30.652,256.541,0.97335,237,0,,,79,27,79,22,30
2024-01-04,thu,17.2,In Session,8,0,0,,1.06874,1.01126,1.00023,1.03313,1.1362,1.00964,1.0,1.00285,1.0,1.0,1.0,1.04921,1.0,75.691,30.716,131.851,32.626,35.587,306.472,0.99681,347,0,,,93,41,144,34,35
2024-01-05,fri,18.8,In Session,9,0,0,,1.06893,1.02207,1.00023,1.03266,0.91513,1.03905,1.0,1.00227,1.0,1.0,1.0,1.02288,1.0,18.287,13.571,128.15,53.412,40.035,253.454,0.90923,246,0,,,11,9,124,68,34
2024-01-06,sat,16.5,In Session,10,0,0,,1.06912,1.03328,1.00023,1.03222,0.84156,0.99847,1.0,1.00144,1.0,1.0,1.0,1.02847,1.0,25.204,21.547,104.776,43.795,34.305,229.627,0.9526,231,0,,,23,15,100,46,47
2024-01-07,wkday,15.0,In Session,11,0,0,,1.0693,1.02592,1.00023,1.0318,0.90573,0.97842,1.0,1.00073,1.0,1.0,1.0,1.06674,1.0,87.574,38.882,71.268,15.847,27.172,240.743,1.01008,231,0,,,77,42,66,20,26
2024-01-08,wkday,11.5,In Session,12,0,0,,1.06949,1.03234,1.00023,1.03142,0.89361,0.92936,1.0,1.00049,1.0,1.0,1.0,1.06564,0.9076,75.529,31.291,48.164,9.639,41.19,205.814,1.04464,216,0,Rain,,70,26,61,16,43
2024-01-09,wkday,14.1,In Session,13,0,0,,1.06968,1.0351,1.00023,1.03108,0.90303,0.968,1.0,1.00033,1.0,1.0,1.0,1.06523,1.0,84.147,39.211,72.728,15.71,27.581,239.377,1.02407,257,0,,,91,48,71,15,32
2024-01-10,wkday,13.9,In Session,14,0,0,,1.06986,1.03168,1.00023,1.03078,0.93715,0.96464,1.0,1.00023,1.0,1.0,1.0,1.06249,1.0,82.198,37.123,80.58,18.196,28.878,246.975,1.0166,235,1,,,76,38,66,22,33
2024-01-11,thu,14.5,In Session,15,0,0,,1.07005,1.03649,1.00023,1.03053,1.12785,0.97018,1.0,0.99729,1.0,1.0,1.0,1.05154,1.0,77.448,31.347,125.036,31.56,34.608,299.999,0.94693,263,0,,,68,32,112,28,23
2024-01-12,fri,14.0,In Session,16,0,0,,1.07024,1.03803,1.00023,1.03032,0.88414,0.95158,1.0,0.99327,1.0,1.0,1.0,1.02422,1.0,18.53,13.709,114.634,49.397,37.214,233.484,1.02382,237,0,,,25,14,112,58,28
2024-01-13,sat,13.5,In Session,17,0,0,,1.07043,1.03246,1.00023,1.03017,0.82574,0.94672,1.0,0.99031,1.0,1.0,1.0,1.0299,1.0,25.11,21.389,95.534,40.851,32.176,215.059,1.11554,213,0,,,21,22,96,43,31
2024-01-14,wkday,14.6,In Session,18,0,0,,1.07061,1.02243,1.00023,1.03006,0.90695,0.9743,1.0,0.9901,1.0,1.0,1.0,1.06822,1.0,86.957,38.444,69.157,15.417,26.457,236.433,1.00569,266,0,,,95,48,74,19,30
2024-01-15,wkday,15.1,In Session,19,0,0,,1.0708,1.03142,1.00023,1.03001,0.87918,0.979,1.0,0.98753,1.0,1.0,1.0,1.06719,1.0,83.477,38.716,68.724,14.337,26.812,232.067,0.97659,207,0,,,67,34,67,20,19
2024-01-16,wkday,16.0,In Session,20,0,0,,1.07099,1.03462,1.00023,1.02999,0.90189,0.98909,1.0,0.98475,1.0,1.0,1.0,1.06545,1.0,83.672,38.772,74.74,15.896,27.799,240.879,1.06672,222,0,,,84,39,55,9,35
2024-01-17,wkday,14.8,In Session,21,0,0,,1.07117,1.05194,1.00023,1.02994,0.93722,0.97528,1.0,0.98177,1.0,1.0,1.0,1.06332,1.0,83.303,37.386,81.975,18.37,29.11,250.144,0.95383,264,0,,,90,38,87,16,33
2024-01-18,thu,16.8,In Session,22,0,0,,1.07136,1.0583,1.00023,1.02983,1.13257,1.00394,1.0,0.97676,1.0,1.0,1.0,1.0515,1.0,78.607,31.618,132.124,32.747,35.737,310.833,1.04474,309,0,,,77,33,125,39,35
2024-01-19,fri,16.7,In Session,23,0,0,,1.07155,1.05502,1.00023,1.02968,0.89618,1.00301,1.0,0.96897,1.0,1.0,1.0,1.02434,1.0,18.722,13.765,121.865,51.399,38.513,244.264,0.91876,219,0,,,18,12,121,38,30
2024-01-20,sat,15.8,In Session,24,0,0,,1.07174,1.05843,1.00023,1.02947,0.8324,0.98627,1.0,0.96721,1.0,1.0,1.0,1.03002,1.0,25.587,21.66,101.374,42.549,33.378,224.549,1.02541,267,0,,,27,19,118,54,49
2024-01-21,wkday,14.1,In Session,25,0,0,,1.07192,1.06857,1.00023,1.02922,0.90872,0.96939,1.0,0.97274,1.0,1.0,1.0,1.06988,1.0,90.32,39.684,69.494,15.546,26.699,241.743,1.03864,260,0,,,79,48,87,12,34
2024-01-22,wkday,14.8,In Session,26,0,0,,1.07211,1.06373,1.00023,1.02892,0.88059,0.97603,1.0,0.97005,1.0,1.0,1.0,1.06869,1.0,85.537,39.426,68.477,14.312,26.782,234.534,1.02386,213,0,,,83,36,53,17,24
2024-01-23,wkday,13.4,In Session,27,0,0,,1.0723,1.06795,1.00023,1.02858,0.90512,0.96131,1.0,0.96989,1.0,1.0,1.0,1.06819,1.0,85.878,39.579,70.43,15.28,26.843,238.01,0.93683,216,0,,,84,36,57,13,26
2024-01-24,wkday,14.7,In Session,28,0,0,,1.07249,1.05725,1.00023,1.0282,0.93748,0.97428,1.0,0.96875,1.0,1.0,1.0,1.06449,1.0,83.314,37.219,80.59,18.064,28.632,247.819,0.96864,217,0,,,67,33,64,23,30
2024-01-25,thu,14.3,In Session,0,0,0,,1.07267,1.05175,1.00023,1.02778,1.13334,0.96669,1.0,1.06898,1.0,1.0,1.0,1.0514,1.0,80.996,33.327,138.174,34.894,38.276,325.668,1.03486,315,0,,,85,28,119,44,39
2024-01-26,fri,15.3,In Session,1,0,0,,1.07286,1.05325,1.00023,1.02734,0.90432,0.97604,1.0,1.05535,1.0,1.0,1.0,1.02434,1.0,19.226,14.392,128.667,54.818,41.198,258.301,0.99396,241,0,,,15,10,138,40,38
2024-01-27,sat,15.2,In Session,2,0,0,,1.07305,1.07378,1.00023,1.02687,0.84019,0.9755,1.0,1.0353,1.0,1.0,1.0,1.02986,1.0,26.569,22.829,109.331,46.081,36.198,241.007,0.89772,195,0,,,22,21,87,35,30
2024-01-28,wkday,17.6,In Session,3,0,0,,1.07323,1.05937,1.00023,1.02639,0.90163,1.00602,1.0,1.01825,1.0,1.0,1.0,1.06712,1.0,91.367,40.673,80.644,17.564,29.977,260.225,0.95113,250,0,,,95,43,75,13,24
2024-01-29,wkday,18.4,In Session,4,0,0,,1.07342,1.063,1.00023,1.02588,0.87418,1.01306,1.0,1.01232,1.0,1.0,1.0,1.06608,1.0,87.067,40.622,79.577,16.205,30.187,253.659,1.01927,248,0,,,92,42,66,14,34
2024-01-30,wkday,19.4,In Session,5,0,0,,1.07361,1.07068,1.00023,1.02537,0.89825,1.02269,1.0,1.00839,1.0,1.0,1.0,1.06444,1.0,87.524,40.784,86.128,17.92,31.372,263.728,0.96296,243,0,,,82,35,80,17,29
2024-01-31,wkday,20.0,In Session,6,0,0,,1.0738,1.05967,1.00023,1.02486,0.93581,1.02991,1.0,1.0058,1.0,1.0,1.0,1.06134,1.0,84.774,38.259,95.64,20.724,32.898,272.295,1.05501,279,0,,,91,45,87,22,34
2024-02-01,thu,19.4,In Session,7,0,0,,1.07398,1.05919,0.98639,1.02434,1.14097,1.03659,1.0,1.00428,1.0,1.0,1.0,1.05088,1.0,78.369,31.708,142.312,34.71,37.979,325.078,0.98085,319,0,,,63,34,150,39,33
2024-02-02,fri,18.6,In Session,8,0,0,,1.07417,1.0669,0.98639,1.02383,0.91344,1.03607,1.0,1.00338,1.0,1.0,1.0,1.02452,1.0,18.863,13.957,131.391,54.702,40.982,259.894,0.9413,242,0,,,24,9,121,58,30
2024-02-03,sat,18.4,In Session,9,0,0,,1.07436,1.06799,0.98639,1.02334,0.84865,1.02932,1.0,1.00216,1.0,1.0,1.0,1.02981,1.0,25.735,21.936,111.448,45.914,35.934,240.967,0.86781,213,0,,,19,16,94,40,44
2024-02-04,wkday,17.4,In Session,10,0,0,,1.07454,1.05542,0.98639,1.02286,0.90285,1.00398,1.0,1.00111,1.0,1.0,1.0,1.06834,1.0,88.976,39.389,76.779,16.736,28.568,250.448,1.01843,250,0,,,101,40,69,13,27
2024-02-05,wkday,15.7,In Session,11,0,0,,1.07473,1.05391,0.98639,1.02241,0.87784,0.9854,1.0,1.00074,1.0,1.0,1.0,1.06847,1.0,84.592,39.314,71.622,14.85,27.733,238.11,1.0745,266,0,,,102,35,83,17,29
2024-02-06,wkday,17.0,In Session,12,0,0,,1.07492,1.03962,0.98639,1.02198,0.90038,1.00001,1.0,1.00051,1.0,1.0,1.0,1.06637,1.0,83.426,38.767,77.555,16.351,28.542,244.639,0.92046,227,0,,,88,41,64,12,22
2024-02-07,wkday,17.9,In Session,13,0,0,,1.07511,1.05577,0.98639,1.02159,0.93622,1.01114,1.0,1.00035,1.0,1.0,1.0,1.06291,1.0,83.014,37.391,89.832,19.652,30.987,260.876,1.04472,282,0,,,90,40,98,24,30
2024-02-08,thu,17.8,In Session,14,0,0,,1.07529,1.05345,0.98639,1.02123,1.16629,1.02376,1.0,1.00027,1.0,1.0,1.0,1.50478,1.0,77.752,50.887,221.091,54.354,47.562,451.645,1.00735,481,0,,Viral influencer video (+60% decaying),79,62,251,42,47
2024-02-09,fri,17.0,In Session,15,0,0,,1.07548,1.05004,0.98639,1.02091,0.97202,1.01319,1.0,0.99671,1.0,1.0,1.0,1.43198,1.0,18.511,20.108,182.15,76.553,47.769,345.091,1.0987,403,0,,,21,23,218,82,59
2024-02-10,sat,17.2,In Session,16,0,0,,1.07567,1.05415,0.98639,1.02064,0.88674,1.01415,1.0,0.99344,1.0,1.0,1.0,1.33076,1.0,25.312,29.248,144.038,59.757,40.242,298.597,0.9524,290,0,,,25,22,140,68,35
2024-02-11,wkday,17.2,Exams,17,0,0,,1.07585,1.0493,0.98639,1.02041,0.89633,1.00395,1.01371,0.99226,1.0,1.0,1.0,1.2409,1.0,88.09,54.514,95.531,19.8,31.471,289.406,1.01205,292,1,,,91,43,96,24,38
2024-02-12,wkday,17.0,Exams,18,0,0,,1.07604,1.04669,0.98639,1.02023,0.87317,1.00082,1.01423,0.9897,1.0,1.0,1.0,1.20102,1.0,83.6,51.584,87.599,17.082,30.298,270.163,0.98666,252,1,,,82,39,90,13,28
2024-02-13,wkday,18.3,Exams,19,0,0,,1.07623,1.03216,0.98639,1.0201,0.89826,1.0147,1.0131,0.98694,1.0,1.0,1.0,1.17097,1.0,82.358,48.783,90.439,17.957,30.385,269.923,1.0055,277,0,,,84,40,95,24,34
2024-02-14,wkday,18.6,Exams,20,0,0,,1.07642,1.02118,0.98639,1.02002,0.93595,1.01942,1.01104,0.98391,1.0,1.0,1.0,1.14713,1.0,79.779,44.366,97.142,20.1,31.197,272.585,1.06773,328,0,,,103,51,104,27,43
2024-02-15,thu,17.0,Exams,21,0,0,,1.0766,1.02345,0.98639,1.02,1.13413,1.00768,1.00501,0.97951,1.0,1.0,1.0,1.12595,1.0,74.994,36.49,139.579,32.758,35.55,319.371,1.09753,337,0,,,72,33,160,37,35
2024-02-16,fri,18.0,Exams,22,0,0,,1.07679,1.01392,0.98639,1.01994,0.90487,1.02714,0.99494,0.97238,1.0,1.0,1.0,1.09438,1.0,17.75,15.499,128.828,51.082,38.373,251.533,0.95488,238,0,,,12,11,117,55,43
2024-02-17,sat,16.7,Exams,23,0,0,,1.07698,1.01092,0.98639,1.01977,0.83778,1.00252,1.00001,0.97049,1.0,1.0,1.0,1.08519,1.0,24.108,23.899,104.271,41.223,32.609,226.111,0.88341,208,0,,,19,25,93,35,36
2024-02-18,wkday,15.9,Exams,24,0,0,,1.07717,1.01964,0.98639,1.01951,0.90688,0.9888,1.01313,0.97492,1.0,1.0,1.0,1.10333,1.0,85.01,43.275,72.397,15.142,26.311,242.135,0.93211,262,0,,,103,42,68,22,27
2024-02-19,wkday,15.8,Exams,25,0,0,,1.07735,1.00496,0.98639,1.01913,0.88095,0.98713,1.01381,0.97238,1.0,1.0,1.0,1.09737,1.0,79.698,42.219,68.591,13.489,25.676,229.672,1.00342,238,0,,,106,31,61,18,22
2024-02-20,wkday,17.7,Exams,26,0,0,,1.07754,1.01541,0.98639,1.01867,0.90285,1.0075,1.01277,0.96922,1.0,1.0,1.0,1.09161,1.0,80.42,42.304,76.375,15.214,27.141,241.453,0.99073,259,1,,,87,54,78,12,28
2024-02-21,wkday,19.2,Exams,27,0,0,,1.07773,1.02205,0.98639,1.01811,0.93762,1.02443,1.01104,0.96796,1.0,1.0,1.02356,1.08501,1.0,79.304,41.86,92.41,18.151,29.406,261.131,0.91912,261,0,,,60,36,107,15,43
2024-02-22,holiday,17.4,Exams,28,0,0,,1.07791,1.02098,0.98639,1.01746,0.88828,1.01857,0.9955,0.95929,1.0,1.08534,1.02776,1.0552,1.0,24.242,14.469,128.868,46.263,33.926,247.768,0.96989,240,0,,,27,18,116,41,38
2024-02-23,fri,16.3,Term Break,29,0,0,,1.0781,1.00226,0.98639,1.01674,0.9839,0.99814,1.00795,0.95767,1.0,1.0,1.02683,1.04791,1.0,16.223,6.143,124.88,54.06,35.345,236.652,1.07585,249,0,,,16,5,124,58,46
2024-02-24,sat,16.3,Term Break,30,0,0,,1.07829,1.01137,0.98639,1.01594,0.8888,0.99672,0.98016,0.95922,1.0,1.0,1.0,1.05063,1.0,22.311,9.343,101.974,45.818,31.335,210.782,0.89531,193,0,,,30,6,93,31,33
2024-02-25,wkday,17.9,Term Break,31,0,0,,1.07848,1.02701,0.98639,1.01508,0.88627,1.01155,0.90763,0.96802,1.0,1.0,1.0,1.0847,1.0,79.25,17.213,76.55,17.891,26.671,217.576,1.09044,243,0,,,78,22,90,25,28
2024-02-26,wkday,19.4,Term Break,32,0,0,,1.07866,1.02527,0.98639,1.01416,0.85605,1.02565,0.9067,0.96773,1.0,1.0,1.0,1.08256,1.0,75.3,17.153,76.518,16.672,27.221,212.864,0.91627,180,0,,,51,16,81,16,16
2024-02-27,wkday,17.2,Term Break,0,0,0,,1.07885,1.02999,0.98639,1.0132,0.88159,1.00399,0.91224,1.06477,1.0,1.0,1.0,1.07908,1.0,78.698,18.393,89.096,20.177,30.785,237.15,0.96811,188,0,,,63,14,65,21,25
2024-02-28,wkday,17.8,Term Break,1,0,0,,1.07904,1.0269,0.98639,1.01221,0.93019,1.01314,0.92315,1.04477,1.0,1.0,1.0,1.07579,1.0,76.17,17.15,97.775,23.023,31.746,245.863,1.06269,257,0,,,70,18,114,26,29
2024-02-29,thu,18.2,Term Break,2,0,0,,1.07922,1.02006,0.98639,1.01119,1.18109,1.02694,0.95972,1.03285,1.0,1.0,1.0,1.06537,1.0,70.561,14.189,146.514,38.654,36.877,306.794,0.92532,292,0,,,79,12,149,20,32
2024-03-01,fri,17.5,Term Break,3,0,0,,1.07941,1.00865,1.01135,1.01017,0.99787,1.02064,1.01073,1.0255,1.0,1.0,1.0,1.04119,1.0,17.026,6.245,134.308,60.516,39.635,257.73,1.04138,265,0,,,22,8,145,64,26
2024-03-02,sat,20.0,Term Break,4,0,0,,1.0796,1.01728,1.01135,1.00913,0.90988,1.05476,0.98547,1.01655,1.0,1.0,1.0,1.04516,1.0,23.336,9.844,119.495,52.56,36.221,241.455,1.04299,242,0,,,35,7,105,50,45
2024-03-03,wkday,19.8,In Session,5,0,0,,1.07979,0.99789,1.01135,1.00811,0.89942,1.02514,1.0,1.00829,1.0,1.0,1.0,1.08067,1.0,85.929,38.86,79.615,17.113,28.784,250.301,0.9545,264,0,,,84,49,80,19,32
2024-03-04,wkday,20.7,In Session,6,0,0,,1.07997,0.98891,1.01135,1.00711,0.87234,1.02984,1.0,1.00559,1.0,1.0,1.0,1.07956,1.0,80.943,38.398,77.324,15.575,28.778,241.018,0.97979,244,0,,,89,39,81,12,23
2024-03-05,wkday,22.8,In Session,7,0,0,,1.08016,0.99171,1.01135,1.00614,0.89731,1.03653,1.0,1.0038,1.0,1.0,1.0,1.07799,1.0,81.048,38.422,82.362,17.017,30.33,249.179,0.99869,255,0,,,82,39,89,14,31
2024-03-06,wkday,22.1,In Session,8,0,0,,1.08035,1.00821,1.01135,1.00521,0.93555,1.03944,1.0,1.00262,1.0,1.0,1.0,1.07535,1.0,80.65,37.045,93.523,20.159,32.094,263.471,0.92222,252,1,,,89,32,86,17,28
2024-03-07,thu,20.7,In Session,9,0,0,,1.08053,1.00294,1.01135,1.00433,1.14363,1.04764,1.0,1.00193,1.0,1.0,1.0,1.06618,1.0,75.241,30.992,140.998,34.182,36.994,318.408,0.98093,295,0,,,80,24,122,32,37
2024-03-08,fri,19.5,In Session,10,0,0,,1.08072,1.00398,1.01135,1.00351,0.91978,1.0493,1.0,1.00152,1.0,1.0,1.0,1.04168,1.0,17.996,13.559,129.452,53.568,39.464,254.04,0.95272,250,0,,,22,18,116,50,44
2024-03-09,sat,19.1,In Session,11,0,0,,1.08091,1.01209,1.01135,1.00276,0.85307,1.03945,1.0,1.00097,1.0,1.0,1.0,1.04656,1.0,24.722,21.461,110.351,45.218,34.754,236.505,1.10284,244,0,,,17,22,129,51,25
2024-03-10,wkday,20.0,In Session,12,0,0,,1.0811,1.03016,1.01135,1.00209,0.893,1.0294,1.0,1.00052,1.0,1.06014,1.0,1.07834,1.0,88.024,39.69,93.216,19.146,30.787,270.862,1.01968,293,0,,,92,27,117,23,34
2024-03-11,ramadan,19.0,In Session,13,1,0,,1.08128,1.03837,1.01135,1.0015,0.91951,1.03065,1.0,1.00044,0.77868,1.0,1.0,1.0461,1.0,21.539,15.295,106.813,24.187,40.817,208.651,0.98167,221,0,,,25,10,116,27,43
2024-03-12,ramadan,19.6,In Session,14,2,0,,1.08147,1.04057,1.01135,1.001,0.93638,1.03895,1.0,1.0003,0.81311,1.0,1.0,1.04584,1.0,22.339,15.862,114.55,26.146,43.098,221.995,0.95079,200,0,,,18,13,112,18,39
2024-03-13,ramadan,19.4,In Session,15,3,0,,1.08166,1.06618,1.01135,1.0006,0.96715,1.03763,1.0,0.99683,0.85179,1.0,1.0,1.04546,1.0,23.447,16.43,126.009,29.282,46.307,241.476,0.98137,253,0,,,17,18,136,32,50
2024-03-14,ramadan,17.4,In Session,16,4,0,,1.08185,1.05904,1.01135,1.0003,1.09364,1.01066,1.0,0.9933,0.9153,1.0,1.0,1.04443,1.0,23.429,15.706,146.687,36.099,49.097,271.019,1.04274,269,0,,,24,13,161,36,35
2024-03-15,ramadan,19.6,In Session,17,5,0,,1.08203,1.05875,1.01135,1.0001,1.05661,1.04639,1.0,0.98946,1.07014,1.0,1.0,1.03858,1.0,13.622,11.619,152.767,45.947,53.992,277.948,0.91192,241,0,,,11,5,151,34,40
2024-03-16,ramadan,21.1,In Session,18,6,0,,1.08222,1.05375,1.01135,1.00001,1.01487,1.05975,1.0,0.98604,1.06162,1.0,1.0,1.0397,1.0,15.808,14.259,148.651,44.321,53.65,276.689,0.97963,266,0,,,18,20,124,55,49
2024-03-17,ramadan,19.7,In Session,19,7,0,,1.08241,1.04406,1.01135,0.99999,0.9299,1.03977,1.0,0.98332,0.91426,1.0,1.0,1.04642,1.0,25.828,17.914,126.469,29.267,47.848,247.325,1.00793,242,0,,,22,12,129,27,52
2024-03-18,ramadan,19.9,In Session,20,8,0,,1.08259,1.03647,1.01135,0.99993,0.9196,1.04158,1.0,0.97995,0.9155,1.0,1.0,1.04632,1.0,25.12,17.752,124.179,28.009,47.468,242.529,0.98882,244,0,,,26,18,113,32,55
2024-03-19,ramadan,17.3,In Session,21,9,0,,1.08278,1.03356,1.01135,0.99982,0.93686,1.00479,1.0,0.97665,0.90862,1.0,1.0,1.04668,1.0,25.024,17.67,120.448,27.827,45.679,236.649,0.9314,233,0,,,26,18,117,18,54
2024-03-20,ramadan,16.6,In Session,22,10,0,,1.08297,1.05453,1.01135,0.99966,0.96724,0.9932,1.0,0.9732,0.91756,1.0,1.0,1.04639,1.0,25.299,17.63,125.828,29.718,46.89,245.365,0.96447,222,0,,,18,17,120,30,37
2024-03-21,ramadan,17.6,In Session,23,11,0,,1.08316,1.04992,1.01135,0.99944,1.09337,1.01417,1.0,0.96926,0.97022,1.0,1.0,1.04478,1.0,24.532,16.356,151.377,37.194,50.582,280.041,0.90579,236,0,,,25,21,117,27,46
2024-03-22,ramadan,19.7,In Session,24,12,0,,1.08334,1.04228,1.01135,0.99918,1.05539,1.0476,1.0,0.96456,1.0998,1.0,1.0,1.03886,1.0,13.725,11.642,151.203,45.447,53.434,275.451,0.9068,257,0,,,11,10,146,43,47
2024-03-23,ramadan,18.7,In Session,25,13,0,,1.08353,1.04043,1.01135,0.99888,1.01253,1.03217,1.0,0.96152,1.05054,1.0,1.0,1.04027,1.0,15.491,13.897,138.751,41.696,49.7,259.535,0.99809,264,0,,,22,12,144,38,48
2024-03-24,ramadan,19.5,In Session,26,14,0,,1.08372,1.04664,1.01135,0.99853,0.93016,1.0373,1.0,0.95988,0.90878,1.0,1.0,1.04689,1.0,25.689,17.72,123.04,28.488,46.526,241.463,1.03772,265,0,,,30,17,146,24,48
2024-03-25,ramadan,19.0,In Session,27,15,0,,1.0839,1.05299,1.01135,0.99815,0.9199,1.0305,1.0,0.95991,0.90797,1.0,1.0,1.04688,1.0,25.342,17.824,121.584,27.517,46.438,238.704,1.00223,250,0,,,23,22,125,21,59
2024-03-26,ramadan,21.1,In Session,28,16,0,,1.08409,1.05069,1.01135,0.99773,0.93664,1.05266,1.0,0.95972,0.92029,1.0,1.0,1.04637,1.0,25.281,17.781,127.308,28.924,48.257,247.551,1.04986,240,0,,,25,19,94,40,62
2024-03-27,ramadan,22.8,In Session,0,17,0,,1.08428,1.0576,1.01135,0.99729,0.96713,1.06027,1.0,1.08103,0.9578,1.0,1.0,1.04465,1.0,26.273,18.741,152.956,35.346,58.058,291.374,1.00863,274,0,,,29,29,142,25,49
2024-03-28,ramadan,25.0,In Session,1,18,0,,1.08447,1.06315,1.01135,0.99682,1.0948,1.05442,1.0,1.05517,0.99783,1.0,1.0,1.04333,1.0,25.522,17.334,172.776,42.109,62.715,320.456,0.97156,318,0,,,28,25,167,38,60
2024-03-29,ramadan,23.7,In Session,2,19,0,,1.08465,1.06734,1.01135,0.99633,1.05984,1.06538,1.0,1.03826,1.11494,1.0,1.0,1.03823,1.0,14.368,12.378,168.336,50.485,62.677,308.244,0.96232,305,0,,,8,12,168,48,69
2024-03-30,ramadan,26.3,In Session,3,20,0,,1.08484,1.05998,1.01135,0.99582,1.0146,1.04223,1.0,1.02531,1.06504,1.0,1.0,1.03911,1.0,16.086,14.628,148.138,44.762,60.56,284.173,0.97462,290,0,,,18,18,139,47,68
2024-03-31,ramadan,25.1,In Session,4,21,0,,1.08503,1.07098,1.01135,0.99531,0.93023,1.04898,1.0,1.01622,0.85952,1.0,1.0,1.04573,1.0,24.874,17.376,123.416,28.644,51.171,245.482,0.98878,257,0,,,27,20,133,26,51
2024-04-01,ramadan,27.8,In Session,5,22,0,,1.08521,1.0728,0.98043,0.99479,0.92139,1.02122,1.0,1.01084,0.85274,1.0,1.0,1.04535,1.0,23.638,16.818,111.018,25.567,51.271,228.313,1.05967,247,0,,,19,16,135,31,46
2024-04-02,ramadan,26.7,In Session,6,23,0,,1.0854,1.06532,0.98043,0.99428,0.93748,1.03398,1.0,1.00729,0.86042,1.0,1.0,1.04537,1.0,23.438,16.663,115.576,26.688,50.374,232.739,1.0416,239,0,,,22,14,107,36,60
2024-04-03,ramadan,27.3,In Session,7,24,0,,1.08559,1.06107,0.98043,0.99377,0.96781,1.02754,1.0,1.00491,0.87063,1.0,1.0,1.0449,1.0,23.131,16.232,118.26,27.896,51.517,237.036,0.97367,229,0,,,20,16,112,29,52
2024-04-04,ramadan,28.4,Term Break,8,25,0,,1.08578,1.06004,0.98043,0.99328,1.09989,1.01476,0.99845,1.00342,0.96887,1.0,1.0,1.04232,1.0,20.938,6.805,141.144,37.871,55.809,262.566,1.05668,258,0,,,21,6,128,32,71
2024-04-05,ramadan,28.7,Term Break,9,26,0,,1.08596,1.06846,0.98043,0.99281,1.0765,1.01143,1.01272,1.00236,1.07691,1.0,1.0,1.03685,1.0,11.9,4.923,136.957,45.549,58.308,257.638,0.91413,232,0,,,17,9,108,49,49
2024-04-06,ramadan,28.0,Term Break,10,27,0,,1.08615,1.07362,0.98043,0.99236,1.02739,1.02133,1.00576,1.00157,1.04262,1.0,1.0,1.03816,1.0,13.53,5.923,131.336,43.242,55.083,249.115,1.03055,270,0,,,12,4,145,37,72
2024-04-07,ramadan,29.3,Term Break,11,28,0,,1.08634,1.07018,0.98043,0.99193,0.92694,1.00318,0.98413,1.00101,0.90701,1.0,1.0,1.04425,1.0,22.252,7.496,110.395,28.395,51.528,220.066,1.07581,230,0,,,27,6,126,21,50
2024-04-08,ramadan,30.5,Term Break,12,29,0,,1.08653,1.05229,0.98043,0.99154,0.91707,0.98888,0.98234,1.00067,0.90518,1.0,1.0,1.04396,1.0,21.451,7.368,104.123,26.369,51.45,210.76,0.97827,191,0,,,17,8,96,20,50
2024-04-09,ramadan,30.6,Term Break,13,30,0,,1.08671,1.05335,0.98043,0.99119,0.93427,0.98744,0.98345,1.00045,1.15539,1.0,1.0,1.04381,1.0,27.264,9.364,135.223,34.634,66.043,272.529,0.94779,251,0,,,23,7,124,35,62
2024-04-10,eid1,30.4,Term Break,14,0,1,,1.0869,1.05822,0.98043,0.99088,1.14332,0.98236,1.03735,1.00033,1.0,0.91812,1.0,1.03423,1.0,4.637,1.947,106.373,55.685,34.933,203.575,0.87436,168,0,,,1,0,103,42,22
2024-04-11,holiday,27.8,Term Break,15,0,2,,1.08709,1.03569,0.98043,0.99061,1.06975,1.02521,1.02316,0.99661,1.0,1.18237,1.0,1.03748,1.0,11.333,4.753,137.466,68.816,42.558,264.926,0.88785,247,0,,,19,1,120,58,49
2024-04-12,holiday,29.4,Term Break,16,0,3,,1.08727,1.02294,0.98043,0.99038,1.17015,0.99896,1.03249,0.99287,1.0,1.16969,1.0,1.03615,1.0,9.839,2.982,146.345,69.966,48.62,277.752,1.07766,329,0,,,11,2,183,85,48
2024-04-13,holiday,28.7,Term Break,17,0,4,,1.08746,1.01057,0.98043,0.99021,0.98304,1.01022,1.0101,0.98953,1.0,1.01744,1.0,1.04102,1.0,15.446,5.082,109.994,49.708,37.921,218.151,1.05172,228,0,,,15,5,119,62,27
2024-04-14,wkday,25.7,Term Break,18,0,5,,1.08765,1.01964,0.98043,0.99009,0.87179,1.03328,0.9371,0.98878,1.0,0.83464,1.0,1.0758,1.0,58.381,10.153,69.375,17.043,28.428,183.379,0.99299,194,0,,,64,14,71,17,28
2024-04-15,wkday,26.1,Term Break,19,0,6,,1.08784,1.01792,0.98043,0.99002,0.84434,1.03024,0.93467,0.98591,1.0,0.83446,1.0,1.07519,1.0,55.451,10.118,66.76,15.445,28.433,176.207,0.89932,164,0,,,61,9,55,12,27
2024-04-16,wkday,26.4,Term Break,20,0,7,,1.08802,1.03199,0.98043,0.99,0.89259,1.02273,0.94114,0.98298,1.0,0.84183,1.0,1.07039,0.77138,44.932,6.656,42.706,9.316,38.326,141.936,1.01952,140,0,Sandstorm,,45,7,39,9,40
2024-04-17,wkday,25.9,Term Break,21,0,0,,1.08821,1.01883,0.98043,0.98996,0.93172,1.03219,0.92189,0.98042,1.0,1.0,1.0,1.07652,1.0,72.383,15.978,87.892,20.62,31.958,228.832,1.0326,263,0,,,79,24,105,23,32
2024-04-18,thu,26.6,Term Break,22,0,0,,1.0884,1.01243,0.98043,0.98987,1.17395,1.03265,0.95736,0.97562,1.0,1.0,1.0,1.06617,1.0,67.455,13.347,130.771,34.609,37.876,284.059,1.05227,302,0,,,72,11,157,35,27
2024-04-19,fri,25.5,Term Break,23,0,0,,1.08858,1.0042,0.98043,0.98973,0.9943,1.05544,1.00996,0.9682,1.0,1.0,1.0,1.04093,1.0,15.982,5.781,123.161,55.064,40.058,240.046,0.98708,257,0,,,12,3,142,63,37
2024-04-20,sat,28.0,Term Break,24,0,0,,1.08877,1.00691,0.98043,0.98954,0.892,1.01988,0.98048,0.96596,1.0,1.0,1.0,1.04552,1.0,21.828,9.092,98.858,44.425,36.449,210.651,1.01012,210,0,,,19,13,99,53,26
2024-04-21,wkday,26.6,In Session,25,0,0,,1.08896,1.01121,0.98043,0.9893,0.90378,1.02061,1.0,0.97198,1.0,1.0,1.0,1.08267,1.0,82.403,36.819,70.201,15.252,29.261,233.936,1.03804,197,1,,,72,31,66,9,19
2024-04-22,wkday,26.3,In Session,26,0,0,,1.08915,1.01879,0.98043,0.98902,0.87689,1.02238,1.0,0.96931,1.0,1.0,1.0,1.08181,1.0,78.97,37.021,69.196,14.098,29.24,228.525,1.03724,232,0,,,89,40,69,11,23
2024-04-23,wkday,27.0,In Session,27,0,0,,1.08933,1.02344,0.98043,0.98869,0.90154,1.01854,1.0,0.96899,1.0,1.0,1.0,1.0807,1.0,79.321,37.185,72.651,15.268,30.314,234.739,1.12105,247,0,,,90,38,75,12,32
2024-04-24,wkday,26.1,In Session,28,0,0,,1.08952,1.02129,0.98043,0.98832,0.93693,1.02655,1.0,0.96799,1.0,1.0,1.0,1.07781,1.0,77.558,35.246,82.709,18.037,31.492,245.041,0.99795,240,0,,,70,37,86,21,26
2024-04-25,thu,26.9,In Session,0,0,0,,1.08971,0.99899,0.98043,0.98792,1.14263,1.0272,1.0,1.0703,1.0,1.0,1.0,1.06618,1.0,74.129,31.031,138.355,34.063,42.139,319.717,1.02802,314,0,,,53,35,149,33,44
2024-04-26,fri,28.3,In Session,1,0,0,,1.08989,0.99191,0.98043,0.98749,0.91699,1.01604,1.0,1.05557,1.0,1.0,1.0,1.04141,1.0,17.444,13.285,120.041,50.78,45.085,246.635,1.18695,280,0,,,23,16,137,49,55
2024-04-27,sat,27.9,In Session,2,0,0,,1.09008,0.99398,0.98043,0.98702,0.85163,1.01998,1.0,1.03555,1.0,1.0,1.0,1.04653,1.0,23.691,20.713,101.579,42.347,38.789,227.119,0.87946,205,0,,,26,14,79,45,41
2024-04-28,wkday,27.4,In Session,3,0,0,,1.09027,0.97871,0.98043,0.98654,0.90338,1.01527,1.0,1.01819,1.0,1.0,1.0,0.99618,1.0,78.047,32.224,62.379,14.949,29.403,217.002,0.99539,220,0,,"Competitor opens nearby (-10% decaying, -2.5% permanent)",84,38,62,13,23
2024-04-29,wkday,28.9,In Session,4,0,0,,1.09046,0.97671,0.98043,0.98604,0.87863,1.00507,1.0,1.01218,1.0,1.0,1.0,0.99717,1.0,74.014,32.073,57.992,13.191,29.699,206.969,0.99533,238,0,,,93,37,69,12,27
2024-04-30,wkday,26.0,In Session,5,0,0,,1.09064,0.96926,0.98043,0.98554,0.90936,1.01984,1.0,1.00852,1.0,1.0,1.0,0.99731,0.91947,66.014,25.43,49.073,10.463,46.069,197.049,1.03134,181,0,Rain,,67,20,39,12,43
2024-05-01,wkday,29.7,In Session,6,0,0,,1.09083,0.95537,1.00603,0.98502,0.93721,0.99897,1.0,1.00569,1.0,1.0,1.0,0.99547,1.0,72.644,30.532,67.229,16.451,32.179,219.034,1.08738,222,0,,,68,25,71,17,41
2024-05-02,thu,30.8,In Session,7,0,0,,1.09102,0.95896,1.00603,0.98451,1.1053,0.99745,1.0,1.00417,1.0,1.0,1.0,0.99071,0.7562,54.739,16.779,60.021,15.233,50.393,197.164,1.01497,192,0,Sandstorm,,57,16,52,14,53
2024-05-03,fri,29.5,In Session,8,0,0,,1.09121,0.96142,1.00603,0.984,0.89546,0.99973,1.0,1.00337,1.0,1.0,1.0,0.95935,1.0,16.401,11.33,96.524,44.933,41.462,210.651,0.87874,170,0,,,13,5,87,36,29
2024-05-04,sat,30.5,In Session,9,0,0,,1.09139,0.96365,1.00603,0.9835,0.83279,0.98835,1.0,1.00215,1.0,1.0,1.0,0.966,1.0,22.418,17.863,80.335,37.215,37.028,194.859,1.07247,212,0,,,23,18,85,46,40
2024-05-05,wkday,31.4,In Session,10,0,0,,1.09158,0.97245,1.00603,0.98301,0.90912,0.98937,1.0,1.00109,1.0,1.0,1.0,1.0078,1.0,79.189,32.812,56.592,13.865,30.92,213.378,0.99953,204,0,,,74,35,55,13,27
2024-05-06,wkday,31.8,In Session,11,0,0,,1.09177,0.9729,1.00603,0.98255,0.8827,0.98766,1.0,1.00073,1.0,1.0,1.0,1.00772,1.0,75.469,32.868,54.787,12.633,31.09,206.847,1.02139,225,0,,,84,32,66,11,32
2024-05-07,wkday,32.2,In Session,12,0,0,,1.09195,0.9811,1.00603,0.98211,0.9055,0.98473,1.0,1.0005,1.0,1.0,1.0,1.00744,1.0,76.128,33.189,58.258,13.815,32.215,213.604,1.07211,206,0,,,79,27,57,12,31
2024-05-08,wkday,31.7,In Session,13,0,0,,1.09214,0.98722,1.00603,0.98171,0.93809,0.98545,1.0,1.00034,1.0,1.0,1.0,1.0051,1.0,75.096,31.769,66.325,16.343,33.963,223.495,0.9598,200,0,,,65,23,62,15,35
2024-05-09,thu,30.8,In Session,14,0,0,,1.09233,0.98876,1.00603,0.98134,1.12189,0.98575,1.0,1.00026,1.0,1.0,1.0,0.99359,1.0,70.635,26.833,103.714,28.483,39.867,269.532,1.01255,269,0,,,61,36,91,33,48
2024-05-10,fri,32.3,In Session,15,0,0,,1.09252,0.98291,1.00603,0.98101,0.8825,0.96709,1.0,0.99677,1.0,1.0,1.0,0.96844,1.0,16.78,11.665,92.523,43.631,43.775,208.374,0.99588,197,0,,,12,10,98,43,34
2024-05-11,sat,34.9,In Session,16,0,0,,1.0927,0.97805,1.00603,0.98072,0.82161,0.95457,1.0,0.99361,1.0,1.0,1.0,0.97527,1.0,22.753,18.233,74.853,35.354,39.481,190.674,0.92551,183,0,,,18,13,68,35,49
2024-05-12,wkday,33.6,In Session,17,0,0,,1.09289,0.99317,1.00603,0.98048,0.91156,0.97996,1.0,0.99264,1.0,1.0,1.0,1.0166,1.0,80.818,33.65,55.141,13.597,32.164,215.37,0.93136,205,0,,,59,36,55,14,41
2024-05-13,wkday,34.5,In Session,18,0,0,,1.09308,1.00494,1.00603,0.98028,0.88558,0.97809,1.0,0.99011,1.0,1.0,1.0,1.0165,1.0,77.837,34.037,53.549,12.451,32.807,210.681,1.05313,216,0,,,79,33,50,16,38
2024-05-14,wkday,35.9,In Session,19,0,0,,1.09326,0.99694,1.00603,0.98014,0.90822,0.97416,1.0,0.98747,1.0,1.0,1.0,1.01628,1.0,77.177,33.755,55.362,13.277,33.743,213.314,0.9759,216,0,,,74,43,45,15,39
2024-05-15,wkday,37.4,In Session,20,0,0,,1.09345,0.99188,1.00603,0.98004,0.93971,0.9697,1.0,0.98452,1.0,1.0,1.0,1.01431,1.0,75.212,31.894,60.656,15.232,35.933,218.928,0.95676,229,0,,,77,28,67,19,38
2024-05-16,thu,37.3,In Session,21,0,0,,1.09364,0.99978,1.00603,0.98,1.11053,0.95433,1.0,0.98008,1.0,1.0,1.0,1.00352,1.0,71.138,27.065,93.171,26.249,42.752,260.375,1.05936,262,0,,,72,19,107,24,40
2024-05-17,fri,36.9,In Session,22,0,0,,1.09383,0.99377,1.00603,0.97999,0.86809,0.94326,1.0,0.9726,1.0,1.0,1.0,0.97647,1.0,16.902,11.766,86.281,41.26,45.822,202.031,0.88598,178,0,,,20,11,82,31,34
2024-05-18,sat,36.1,In Session,23,0,0,,1.09401,0.99537,1.00603,0.97992,0.8169,0.95075,1.0,0.97069,1.0,1.0,1.0,0.98274,1.0,23.073,18.512,73.956,34.85,39.866,190.257,0.95459,169,0,,,24,14,66,30,35
2024-05-19,wkday,34.6,In Session,24,0,0,,1.0942,0.99579,1.00603,0.9798,0.91321,0.97731,1.0,0.97526,1.0,1.0,1.0,1.0242,1.0,80.745,33.658,53.564,13.187,31.925,213.078,0.96008,214,1,,,84,33,51,12,34
2024-05-20,wkday,35.3,In Session,25,0,0,,1.09439,0.99232,1.00603,0.97963,0.88698,0.97661,1.0,0.97269,1.0,1.0,1.0,1.02389,1.0,76.584,33.522,51.475,11.931,31.983,205.495,0.96456,202,0,,,70,51,42,8,31
2024-05-21,wkday,36.5,In Session,26,0,0,,1.09457,0.9899,1.00603,0.97941,0.90919,0.97362,1.0,0.96986,1.0,1.0,1.0,1.02347,1.0,76.343,33.42,53.75,12.832,32.983,209.328,1.04051,224,1,,,78,36,67,11,32
2024-05-22,wkday,35.4,In Session,27,0,0,,1.09476,1.00076,1.00603,0.97915,0.93965,0.97149,1.0,0.96895,1.0,1.0,1.0,1.02106,1.0,75.666,32.136,61.484,15.254,34.699,219.239,1.07388,240,0,,,76,38,63,16,47
2024-05-23,thu,37.3,In Session,28,0,0,,1.09495,1.0096,1.00603,0.97884,1.10949,0.95421,1.0,0.96581,1.0,1.0,1.0,1.01037,1.0,71.684,27.333,93.151,26.082,42.491,260.741,1.1027,278,0,,,77,26,112,27,36
2024-05-24,fri,35.9,In Session,29,0,0,,1.09514,1.00081,1.00603,0.97849,0.86647,0.94515,1.0,0.95887,1.0,1.0,1.0,0.98279,1.0,16.997,11.867,87.088,41.273,45.021,202.246,0.91123,197,0,,,21,8,81,40,47
2024-05-25,sat,34.8,In Session,30,0,0,,1.09532,0.99445,1.00603,0.9781,0.81695,0.9546,1.0,0.96088,1.0,1.0,1.0,0.98892,1.0,23.035,18.548,74.746,34.843,38.844,190.015,0.89173,186,0,,,26,17,73,31,39
2024-05-26,wkday,35.3,In Session,31,0,0,,1.09551,0.99783,1.00603,0.97768,0.91384,0.97573,1.0,0.97031,1.0,1.0,1.0,1.0304,1.0,80.908,33.872,53.19,13.056,32.094,213.12,0.95546,207,0,,,67,38,50,12,40
2024-05-27,wkday,32.2,In Session,0,0,0,,1.0957,0.99089,1.00603,0.97723,0.88012,0.98474,1.0,1.0599,1.0,1.0,1.0,1.0261,1.0,79.669,35.991,61.969,14.048,34.985,226.662,0.8444,171,0,,,68,27,44,5,27
2024-05-28,wkday,33.1,In Session,1,0,0,,1.09588,0.99275,1.00603,0.97676,0.90457,0.97976,1.0,1.04058,1.0,1.0,1.0,1.02626,1.0,79.13,35.578,63.075,14.753,35.262,227.799,0.95128,215,0,,,80,26,62,16,31
2024-05-29,wkday,32.9,In Session,2,0,0,,1.09607,0.9832,1.00603,0.97627,0.9382,0.97816,1.0,1.02802,1.0,1.0,1.0,1.02425,1.0,76.352,33.178,68.816,16.768,36.042,231.157,0.9782,229,1,,,77,21,77,19,35
2024-05-30,thu,34.2,In Session,3,0,0,,1.09626,0.99498,1.00603,0.97576,1.1177,0.96085,1.0,1.02066,1.0,1.0,1.0,1.01409,1.0,72.247,28.112,102.675,28.279,43.4,274.713,1.05615,292,0,,,86,24,111,26,45
2024-05-31,fri,33.7,In Session,4,0,0,,1.09645,0.99904,1.00603,0.97525,0.88302,0.95452,1.0,1.01663,1.0,1.0,1.0,0.98763,1.0,17.299,12.304,95.967,44.8,46.662,217.032,0.95646,202,0,,,16,10,81,62,33
2024-06-01,sat,33.5,In Session,5,0,0,,1.09663,0.99958,0.92722,0.97473,0.82741,0.96028,1.0,1.0106,1.0,1.0,1.0,0.99363,1.0,21.712,17.79,75.238,34.657,37.55,186.947,0.90514,163,0,,,19,12,67,36,29
2024-06-02,wkday,34.4,Exams,6,0,0,,1.09682,0.99972,0.92722,0.97422,0.91396,0.97675,1.01265,1.00536,1.0,1.0,1.0,1.0332,1.0,75.901,35.539,52.705,12.176,30.955,207.276,1.06738,241,0,,,86,42,56,18,39
2024-06-03,wkday,34.5,Exams,7,0,0,,1.09701,1.02102,0.92722,0.97371,0.88805,0.9769,1.01333,1.00361,1.0,1.0,1.0,1.03261,1.0,73.753,36.273,52.321,11.353,31.571,205.271,1.08631,230,0,,,78,51,55,17,29
2024-06-04,wkday,33.1,Exams,8,0,0,,1.09719,1.01947,0.92722,0.97322,0.9089,0.97943,1.01265,1.00245,1.0,1.0,1.0,1.03162,1.0,73.585,36.211,56.716,12.533,31.604,210.648,0.92049,190,1,,,66,42,35,11,36
2024-06-05,wkday,32.2,Exams,9,0,0,,1.09738,1.01951,0.92722,0.97275,0.93971,0.9809,1.01086,1.0017,1.0,1.0,1.0,1.02908,1.0,72.071,34.405,64.481,14.778,32.904,218.638,0.97254,194,0,,,76,27,67,8,16
2024-06-06,thu,33.6,Exams,10,0,0,,1.09757,1.02396,0.92722,0.9723,1.11217,0.96291,1.00519,1.00125,1.0,1.0,1.0,1.01907,1.0,67.917,29.108,96.173,24.947,39.857,258.002,1.01931,265,0,,,85,23,93,31,33
2024-06-07,fri,34.8,Exams,11,0,0,,1.09776,1.0365,0.92722,0.97188,0.86502,0.94685,0.99555,1.00101,1.0,1.0,1.0,0.99256,1.0,16.432,12.896,88.967,39.444,44.5,202.238,0.98384,195,0,,,18,14,91,36,36
2024-06-08,sat,35.3,Exams,12,0,0,,1.09794,1.03944,0.92722,0.9715,0.81557,0.95014,1.00055,1.00064,1.0,1.0,1.0,0.99849,1.0,22.459,20.334,75.505,33.132,39.506,190.937,0.98886,201,0,,,20,18,77,44,42
2024-06-09,wkday,36.1,Exams,13,0,0,,1.09813,1.05253,0.92722,0.97115,0.91518,0.97187,1.01285,1.00033,1.0,1.0,1.0,1.03816,1.0,79.558,37.46,54.039,12.495,33.052,216.604,0.98692,215,0,,,78,39,57,12,29
2024-06-10,wkday,36.5,Exams,14,0,0,,1.09832,1.06019,0.92722,0.97084,0.88941,0.97179,1.01352,1.00022,1.0,1.0,1.0,1.03744,1.0,76.282,37.759,52.9,11.496,33.457,211.893,0.94897,181,0,,,52,45,48,10,26
2024-06-11,wkday,34.4,Exams,15,0,0,,1.0985,1.06695,0.92722,0.97058,0.91003,0.97256,1.01288,0.99764,1.0,1.0,1.0,1.03651,1.0,76.639,37.956,57.719,12.765,33.415,218.494,1.00705,205,0,,,72,35,59,18,21
2024-06-12,wkday,35.5,Exams,16,0,0,,1.09869,1.05539,0.92722,0.97036,0.94073,0.96642,1.01127,0.99495,1.0,1.0,1.0,1.03439,1.0,74.164,35.629,62.657,14.517,35.203,222.17,0.93534,196,0,,,73,24,56,11,32
2024-06-13,thu,34.8,Exams,17,0,0,,1.09888,1.03983,0.92722,0.97019,1.10941,0.95356,1.00543,0.99155,1.0,1.0,1.0,1.02402,1.0,68.474,29.53,94.649,24.536,40.622,257.811,0.97802,276,0,,,72,32,87,34,51
2024-06-14,fri,34.3,Summer Vacation,18,0,0,,1.09907,1.03714,0.92722,0.97008,0.96732,0.94135,0.92323,0.98596,1.0,1.0,1.0,0.99648,1.0,14.345,2.341,88.144,36.689,43.614,185.133,1.08072,212,0,,,23,2,121,32,34
2024-06-15,holiday,37.1,Summer Vacation,19,0,0,0.0,1.09925,1.02541,0.92722,0.97001,0.83022,0.94644,0.88835,0.98328,1.0,0.77742,1.0,1.00541,1.0,17.373,2.906,53.774,17.857,35.23,127.141,1.01266,142,0,,,18,4,69,15,36
2024-06-16,eid1,34.8,Summer Vacation,20,0,0,1.0,1.09944,1.03346,0.92722,0.97,1.09997,0.93416,0.94927,0.97809,1.0,0.73455,1.0,0.99105,1.0,3.883,0.732,58.913,27.269,30.579,121.375,1.02024,121,0,,,6,0,47,27,41
2024-06-17,holiday,36.4,Summer Vacation,21,0,0,2.0,1.09963,1.02489,0.92722,0.96996,1.0344,0.92277,0.9318,0.97488,1.0,1.09317,1.0,0.99503,1.0,9.606,1.812,85.694,39.844,40.456,177.411,1.02394,158,0,,,9,0,84,31,34
2024-06-18,holiday,35.1,Summer Vacation,22,0,0,3.0,1.09981,1.01592,0.92722,0.96986,0.99988,0.92857,0.93045,0.97154,1.0,1.06547,1.0,0.9973,1.0,11.398,1.794,82.129,36.679,39.327,171.328,1.00963,174,0,,,9,1,71,42,51
2024-06-19,holiday,36.8,Summer Vacation,23,0,0,4.0,1.1,1.02059,0.92722,0.96971,0.94668,0.92722,0.92157,0.96847,1.0,0.96323,1.0,1.00067,1.0,13.323,1.981,70.152,30.391,38.284,154.131,0.97115,164,0,,,19,1,67,42,35
2024-06-20,thu,36.7,Summer Vacation,24,0,0,5.0,1.10019,1.01792,0.92722,0.96952,1.17209,0.93165,0.8717,0.96943,1.0,0.87266,1.0,1.02581,1.0,46.439,4.697,79.025,19.36,35.754,185.273,1.05047,200,0,,,46,5,87,23,39
2024-06-21,fri,37.2,Summer Vacation,25,0,0,6.0,1.10038,1.01109,0.92722,0.96927,0.98727,0.92076,0.92226,0.96102,1.0,0.89205,1.0,0.99925,1.0,10.996,2.038,72.379,30.144,38.693,154.251,1.09309,176,0,,,15,3,79,29,50
2024-06-22,sat,37.0,Summer Vacation,26,0,0,7.0,1.10056,1.00677,0.92722,0.96898,0.891,0.9235,0.8871,0.95881,1.0,0.88803,1.0,1.00527,1.0,14.88,3.185,61.108,25.104,33.695,137.972,0.96347,137,0,,,19,3,73,17,25
2024-06-23,wkday,36.8,Summer Vacation,27,0,0,,1.10075,1.00292,0.92722,0.96865,0.89994,0.94804,0.81798,0.96839,1.0,1.0,1.0,1.05256,1.0,64.69,6.414,48.183,10.386,30.444,160.117,1.09092,183,0,,,72,7,56,11,37
2024-06-24,wkday,34.5,Summer Vacation,28,0,0,,1.10094,0.99351,0.92722,0.96828,0.86996,0.94979,0.81545,0.96816,1.0,1.0,1.0,1.05156,1.0,60.865,6.357,47.625,9.548,29.316,153.711,0.99333,165,0,,,75,6,35,10,39
2024-06-25,wkday,34.6,Summer Vacation,29,0,0,,1.10112,0.99347,0.92722,0.96787,0.89555,0.94522,0.81902,0.96778,1.0,1.0,1.0,1.05012,1.0,60.683,6.359,50.374,10.353,30.004,157.773,0.94487,161,0,,,63,11,45,8,34
2024-06-26,wkday,37.6,Summer Vacation,30,0,0,,1.10131,0.99691,0.92722,0.96743,0.94019,0.93527,0.83044,0.96695,1.0,1.0,1.0,1.04655,1.0,59.485,6.065,54.67,11.818,32.933,164.97,0.97368,151,0,,,52,2,54,8,35
2024-06-27,thu,36.4,Summer Vacation,0,0,0,,1.1015,1.00501,0.92722,0.96697,1.17019,0.91558,0.87499,1.07204,1.0,1.0,1.0,1.03009,1.0,58.407,5.506,96.536,23.316,44.274,228.039,1.06631,250,0,,,76,4,94,23,53
2024-06-28,fri,37.4,Summer Vacation,1,0,0,,1.10169,1.01948,0.92722,0.96648,0.97568,0.90247,0.92367,1.05667,1.0,1.0,1.0,1.00297,1.0,13.994,2.41,87.665,36.015,48.064,188.148,0.94772,174,0,,,12,1,79,39,43
2024-06-29,sat,37.6,Summer Vacation,2,0,0,,1.10187,1.02124,0.92722,0.96598,0.87967,0.90414,0.88874,1.03669,1.0,1.0,1.0,1.00927,1.0,18.931,3.758,73.007,29.591,41.671,166.957,1.01619,178,0,,,18,5,79,38,38
2024-06-30,wkday,39.1,Summer Vacation,3,0,0,,1.10206,1.00152,0.92722,0.96547,0.89841,0.92912,0.81857,1.01907,1.0,1.0,1.0,1.05317,1.0,64.46,6.658,49.809,10.616,33.6,165.143,0.97092,153,0,,,50,2,54,13,34
2024-07-01,wkday,38.7,Summer Vacation,4,0,0,,1.10225,1.00286,1.01588,0.96496,0.87078,0.92789,0.8083,1.01295,1.0,1.0,1.05655,1.05095,1.0,68.986,8.232,56.043,10.806,39.497,183.563,0.97955,207,0,,,81,11,62,13,40
2024-07-02,wkday,37.8,Summer Vacation,5,0,0,,1.10243,1.004,1.01588,0.96444,0.89631,0.9215,0.81219,1.00877,1.0,1.0,1.05591,1.04983,1.0,68.674,8.169,59.21,11.673,39.688,187.415,1.04814,212,0,,,90,15,57,12,38
2024-07-03,wkday,37.5,Summer Vacation,6,0,0,,1.10262,1.00146,1.01588,0.96393,0.94081,0.9146,0.82339,1.00604,1.0,1.0,1.05304,1.04614,1.0,66.363,7.784,64.874,13.418,41.862,194.301,1.05212,202,0,,,61,8,63,18,52
2024-07-04,thu,39.5,Summer Vacation,7,0,0,,1.10281,1.00417,1.01588,0.96344,1.16203,0.8934,0.86794,1.00439,1.0,1.0,1.04534,1.03405,1.0,62.624,6.288,96.31,22.641,50.088,237.95,1.03477,245,0,,,58,9,99,21,58
2024-07-05,fri,40.1,Summer Vacation,8,0,0,,1.103,0.99396,1.01588,0.96296,0.96388,0.87907,0.92175,1.00345,1.0,1.0,1.0,1.00606,1.0,14.261,2.508,84.762,34.301,50.139,185.97,0.99802,195,0,,,12,3,79,34,67
2024-07-06,sat,38.9,Summer Vacation,9,0,0,,1.10318,0.99912,1.01588,0.9625,0.87342,0.87939,0.88582,1.00223,1.0,1.0,1.0,1.0123,1.0,19.45,3.96,72.401,28.839,43.672,168.323,1.21151,225,0,,,18,8,105,35,59
2024-07-07,wkday,38.0,Summer Vacation,10,0,0,,1.10337,0.99172,1.01588,0.96206,0.89982,0.9054,0.80737,1.00117,1.0,1.0,1.05475,1.05475,1.0,69.484,8.1,54.064,10.995,37.997,180.64,1.02333,198,0,,,85,7,62,9,35
2024-07-08,wkday,38.5,Summer Vacation,11,0,0,,1.10356,0.98882,1.01588,0.96166,0.87231,0.90413,0.80371,1.00079,1.0,1.0,1.05479,1.05338,1.0,65.214,8.115,52.172,9.945,38.396,173.843,1.02346,181,0,,,66,8,54,16,37
2024-07-09,wkday,35.5,Summer Vacation,12,0,0,,1.10374,0.98797,1.01588,0.9613,0.89715,0.89805,0.808,1.00053,1.0,1.0,1.06385,1.05231,1.0,65.728,8.127,57.025,10.849,37.87,179.6,1.13797,190,0,,,76,7,59,10,38
2024-07-10,wkday,35.2,Summer Vacation,13,0,0,,1.10393,0.99405,1.01588,0.96097,0.9412,0.89093,0.81911,1.00037,1.0,1.0,1.05401,1.04861,1.0,63.835,7.807,63.319,12.659,39.583,187.204,0.93766,174,0,,,66,8,55,17,28
2024-07-11,thu,36.4,Summer Vacation,14,0,0,,1.10412,0.99172,1.01588,0.96069,1.16345,0.86741,0.86491,1.00027,1.0,1.0,1.04945,1.03645,1.0,59.847,6.292,94.095,21.335,47.0,228.569,0.96491,196,0,,,54,6,81,27,28
2024-07-12,fri,36.3,Summer Vacation,15,0,0,,1.10431,0.98025,1.01588,0.96045,0.96215,0.85302,0.92037,0.99669,1.0,1.0,1.0,1.00862,1.0,13.6,2.47,81.802,32.2,46.911,176.982,1.01031,185,0,,,14,5,73,34,59
2024-07-13,sat,37.5,Summer Vacation,16,0,0,,1.10449,0.99333,1.01588,0.96026,0.87133,0.85414,0.88355,0.99333,1.0,1.0,1.0,1.01477,1.0,18.699,3.928,69.39,27.01,42.29,161.317,1.0264,184,0,,,23,6,75,27,53
2024-07-14,wkday,37.8,Summer Vacation,17,0,0,,1.10468,1.01399,1.01588,0.96012,0.9013,0.88338,0.80433,0.99209,1.0,1.0,1.05424,1.0569,1.0,68.564,8.229,52.577,10.46,38.693,178.523,1.03739,177,0,,,79,7,50,9,32
2024-07-15,wkday,36.8,Summer Vacation,18,0,0,,1.10487,1.00126,1.01588,0.96003,0.87368,0.88208,0.79993,0.98934,1.0,1.0,1.05386,1.05593,1.0,63.996,8.175,50.682,9.426,37.541,169.82,1.06243,172,0,,,67,7,48,9,41
2024-07-16,wkday,38.1,Summer Vacation,19,0,0,,1.10505,1.00334,1.01588,0.96,0.89908,0.87704,0.80324,0.98651,1.0,1.0,1.05068,1.0548,1.0,63.907,8.176,53.016,10.204,38.401,173.703,1.1071,197,0,,,72,7,66,13,39
2024-07-17,wkday,39.0,Summer Vacation,20,0,0,,1.10524,1.00216,1.01588,0.96002,0.94272,0.87171,0.8163,0.98334,1.0,1.0,1.05533,1.05088,1.0,62.247,7.787,58.782,11.662,41.416,181.894,1.06307,167,0,,,70,7,53,13,24
2024-07-18,thu,37.6,Summer Vacation,21,0,0,,1.10543,0.99393,1.01588,0.96009,1.1602,0.84869,0.86399,0.97892,1.0,1.0,1.04937,1.03902,1.0,58.045,6.119,88.449,19.658,47.347,219.618,0.98242,238,0,,,70,2,96,14,56
2024-07-19,fri,37.6,Summer Vacation,22,0,0,,1.10562,0.99428,1.01588,0.96022,0.95517,0.8343,0.91898,0.97184,1.0,1.0,1.0,1.01093,1.0,13.42,2.483,78.252,30.426,47.158,171.739,1.0327,161,0,,,4,3,78,34,42
2024-07-20,sat,38.0,Summer Vacation,23,0,0,,1.1058,0.994,1.01588,0.96039,0.86686,0.83895,0.88138,0.9694,1.0,1.0,1.0,1.01711,1.0,18.255,3.896,66.151,25.413,41.547,155.262,0.95647,136,0,,,17,3,64,21,31
2024-07-21,wkday,37.6,Summer Vacation,24,0,0,,1.10599,0.98389,1.01588,0.96062,0.90255,0.871,0.80169,0.97337,1.0,1.0,1.05195,1.05936,1.0,64.894,7.896,48.829,9.646,36.52,167.784,0.99414,167,0,,,64,7,54,8,34
2024-07-22,wkday,38.1,Summer Vacation,25,0,0,,1.10618,0.99692,1.01588,0.96089,0.87552,0.8722,0.79771,0.97056,1.0,1.0,1.05499,1.05855,1.0,62.781,8.064,48.198,8.908,36.903,164.854,1.0672,167,0,,,72,6,52,9,28
2024-07-23,wkday,36.8,Summer Vacation,26,0,0,,1.10636,0.99408,1.01588,0.9612,0.89982,0.86842,0.80144,0.96752,1.0,1.0,1.05457,1.05725,1.0,62.458,8.038,51.584,9.695,36.725,168.5,0.94628,172,0,,,66,4,54,16,32
2024-07-24,wkday,37.5,Summer Vacation,27,0,0,,1.10655,1.00237,1.01588,0.96156,0.94291,0.86484,0.81293,0.96672,1.0,1.0,1.05465,1.05384,1.0,61.996,7.82,57.342,11.352,39.644,178.154,1.00539,187,0,,,61,7,72,11,36
2024-07-25,thu,35.5,Summer Vacation,0,0,0,,1.10674,0.99247,1.01588,0.96195,1.16818,0.84675,0.86676,1.07232,1.0,1.0,1.0491,1.03875,1.0,60.135,6.594,100.254,22.273,51.771,241.026,1.00805,255,0,,,51,7,106,25,66
2024-07-26,fri,36.1,Summer Vacation,1,0,0,,1.10693,0.98104,1.01588,0.96237,0.97272,0.83421,0.92119,1.05667,1.0,1.0,1.0,1.01228,1.0,13.644,2.578,85.78,33.129,50.169,185.301,0.99212,186,0,,,20,2,79,41,44
2024-07-27,sat,35.4,Summer Vacation,2,0,0,,1.10711,0.97634,1.01588,0.96283,0.87882,0.84264,0.88433,1.0367,1.0,1.0,1.0,1.0183,1.0,18.452,3.997,72.103,27.484,42.777,164.813,1.00779,183,0,,,25,4,72,31,51
2024-07-28,wkday,37.0,Summer Vacation,3,0,0,,1.1073,0.98136,1.01588,0.9633,0.90003,0.87322,0.80282,1.01921,1.0,1.0,1.05434,1.05978,1.0,67.037,8.31,53.178,10.426,38.33,177.281,1.01921,155,0,,,66,3,39,9,38
2024-07-29,wkday,35.1,Summer Vacation,4,0,0,,1.10749,0.97078,1.01588,0.96379,0.87182,0.87823,0.80099,1.013,1.0,1.0,1.05686,1.05859,1.0,62.884,8.156,52.294,9.532,37.214,170.079,1.0352,178,0,,,80,6,55,6,31
2024-07-30,wkday,34.4,Summer Vacation,5,0,0,,1.10767,0.96854,1.01588,0.9643,0.89694,0.87949,0.80422,1.0088,1.0,1.0,1.05502,1.05747,1.0,62.926,8.18,55.462,10.512,37.36,174.441,0.9639,194,0,,,82,6,58,16,32
2024-07-31,wkday,37.1,Summer Vacation,6,0,0,,1.10786,0.96431,1.01588,0.96481,0.94209,0.8741,0.81808,1.00605,1.0,1.0,1.05479,1.05421,1.0,61.629,7.667,60.317,11.871,40.154,181.637,1.01045,188,0,,,51,9,67,12,49
2024-08-01,thu,36.6,Summer Vacation,7,0,0,,1.10805,0.95745,0.95756,0.96533,1.16248,0.85864,0.86553,1.00439,1.0,1.0,1.04766,1.04246,1.0,54.679,5.722,85.137,19.256,44.29,209.084,1.05454,214,0,,,57,6,82,22,47
2024-08-02,fri,36.9,Summer Vacation,8,0,0,,1.10824,0.9521,0.95756,0.96584,0.96326,0.84864,0.92035,1.00345,1.0,1.0,1.0,1.01448,1.0,12.586,2.31,76.04,29.746,44.12,164.803,1.05341,187,0,,,12,0,88,36,51
2024-08-03,sat,37.8,Summer Vacation,9,0,0,,1.10842,0.95147,0.95756,0.96635,0.87316,0.85699,0.884,1.00223,1.0,1.0,1.0,1.02044,1.0,17.228,3.63,64.634,25.101,39.209,149.803,1.08219,172,0,,,23,7,66,28,48
2024-08-04,wkday,39.4,Summer Vacation,10,0,0,,1.10861,0.95271,0.95756,0.96683,0.90085,0.89288,0.80437,1.00117,1.0,1.0,1.05299,1.06233,1.0,62.882,7.542,48.296,9.743,35.298,163.761,1.05028,178,0,,,66,7,52,11,42
2024-08-05,wkday,36.3,Summer Vacation,11,0,0,,1.1088,0.94966,0.95756,0.9673,0.87183,0.89631,0.80265,1.00079,1.0,1.0,1.05912,1.06076,1.0,59.531,7.525,48.866,9.038,34.559,159.518,0.92904,149,0,,,52,11,53,4,29
2024-08-06,wkday,36.0,Summer Vacation,12,0,0,,1.10898,0.94328,0.95756,0.96775,0.89684,0.89751,0.80743,1.00054,1.0,1.0,1.05518,1.05942,1.0,59.259,7.435,51.742,9.917,34.844,163.197,1.01756,148,0,,,43,7,68,5,25
2024-08-07,wkday,38.3,Summer Vacation,13,0,0,,1.10917,0.95632,0.95756,0.96816,0.94157,0.89626,0.82129,1.00037,1.0,1.0,1.05483,1.05624,1.0,59.594,7.122,57.839,11.669,38.001,174.226,1.02777,167,0,,,52,6,56,8,45
2024-08-08,thu,37.9,Summer Vacation,14,0,0,,1.10936,0.95992,0.95756,0.96855,1.16332,0.88102,0.86749,1.00027,1.0,1.0,1.0515,1.04421,1.0,56.756,5.769,88.676,20.254,45.01,216.466,1.03629,210,0,,,58,10,82,19,41
2024-08-09,fri,36.4,Summer Vacation,15,0,0,,1.10954,0.95857,0.95756,0.96889,0.96423,0.87468,0.92109,0.99669,1.0,1.0,1.0,1.01624,1.0,13.11,2.333,79.695,31.666,44.061,170.864,1.00167,157,0,,,11,5,69,28,44
2024-08-10,sat,38.6,Summer Vacation,16,0,0,,1.10973,0.96237,0.95756,0.96919,0.87284,0.88259,0.88543,0.99333,1.0,1.0,1.0,1.02217,1.0,18.02,3.676,67.342,26.643,39.844,155.526,1.03499,167,0,,,17,2,75,28,45
2024-08-11,wkday,37.7,Summer Vacation,17,0,0,,1.10992,0.96832,0.95756,0.96945,0.89966,0.91575,0.80636,0.9921,1.0,1.0,1.04958,1.06423,1.0,65.475,7.66,51.124,10.39,34.925,169.574,0.91879,152,0,,,68,6,34,14,30
2024-08-12,wkday,38.9,Summer Vacation,18,0,0,,1.11011,0.97425,0.95756,0.96966,0.8722,0.9215,0.80404,0.98934,1.0,1.0,1.05867,1.06297,1.0,63.204,7.762,50.612,9.581,35.962,167.121,0.98301,195,0,,,64,18,59,7,47
2024-08-13,wkday,37.6,Summer Vacation,19,0,0,,1.11029,0.97877,0.95756,0.96982,0.89732,0.92178,0.81028,0.98653,1.0,1.0,1.05535,1.06214,1.0,63.948,7.613,54.049,10.556,36.148,172.315,0.99066,171,0,,,70,1,57,13,30
2024-08-14,wkday,37.3,Summer Vacation,20,0,0,,1.11048,0.98108,0.95756,0.96993,0.94103,0.92086,0.82254,0.98339,1.0,1.0,1.05989,1.05861,1.0,63.305,7.321,61.01,12.484,38.062,182.183,1.10136,211,0,,,62,12,73,14,50
2024-08-15,thu,39.1,Summer Vacation,21,0,0,,1.11067,0.98705,0.95756,0.96999,1.16243,0.90619,0.86765,0.97894,1.0,1.0,1.04573,1.04631,1.0,59.577,5.912,91.763,21.352,45.247,223.851,0.89396,181,0,,,55,0,68,19,39
2024-08-16,fri,38.8,Summer Vacation,22,0,0,,1.11085,0.9895,0.95756,0.97001,0.9597,0.89884,0.92136,0.97182,1.0,1.0,1.0,1.01783,1.0,13.881,2.387,82.087,33.301,45.714,177.369,1.08294,194,0,,,10,1,93,40,50
2024-08-17,sat,39.0,Summer Vacation,23,0,0,,1.11104,0.99342,0.95756,0.97016,0.87003,0.90735,0.88609,0.96937,1.0,1.0,1.0,1.02391,1.0,19.062,3.76,70.225,28.223,40.344,161.615,0.94126,154,0,,,17,6,74,18,39
2024-08-18,wkday,40.0,In Session,24,0,0,,1.11123,0.99144,0.95756,0.97047,0.9185,0.95062,1.0,0.97527,1.0,1.0,1.09974,1.05982,1.0,77.952,45.968,52.766,12.096,36.44,225.223,0.99169,232,0,,,87,37,49,12,47
2024-08-19,wkday,40.0,In Session,25,0,0,,1.11142,0.98038,0.95756,0.97092,0.89436,0.95416,1.0,0.97275,1.0,1.0,1.09751,1.05921,1.0,73.81,45.237,50.618,10.905,35.549,216.118,0.9477,195,0,,,66,44,39,9,37
2024-08-20,wkday,37.9,In Session,26,0,0,,1.1116,0.97761,0.95756,0.97153,0.9142,0.95253,1.0,0.96994,1.0,1.0,1.09796,1.0586,1.0,74.098,44.749,54.25,12.074,35.402,220.572,0.95586,207,0,,,75,45,41,9,37
2024-08-21,wkday,37.6,In Session,27,0,0,,1.11179,0.97654,0.95756,0.97229,0.94151,0.95024,1.0,0.96904,1.0,1.0,1.09602,1.05611,1.0,72.753,42.537,61.304,14.147,37.267,228.008,0.94869,224,0,,,59,41,62,21,41
2024-08-22,thu,36.1,In Session,28,0,0,,1.11198,0.95714,0.95756,0.97317,1.10175,0.93625,1.0,0.96588,1.0,1.0,1.07431,1.04714,1.0,67.318,33.725,92.864,23.862,41.987,259.756,1.1776,335,0,,,95,37,113,34,56
2024-08-23,fri,35.7,In Session,29,0,0,,1.11216,0.95705,0.95756,0.97419,0.8525,0.9257,1.0,0.95907,1.0,1.0,1.01097,1.02016,1.0,15.625,13.613,82.625,37.374,42.186,191.423,0.99359,197,0,,,18,23,77,42,37
2024-08-24,sat,35.9,In Session,30,0,0,,1.11235,0.94886,0.95756,0.97532,0.80909,0.93423,1.0,0.9612,1.0,1.0,1.01826,1.02575,1.0,21.206,21.242,69.94,31.33,36.949,180.667,0.98228,176,0,,,17,21,72,34,32
2024-08-25,wkday,35.4,In Session,31,0,0,,1.11254,0.96052,0.95756,0.97655,0.91722,0.96354,1.0,0.97037,1.0,1.0,1.09932,1.06189,1.0,77.783,44.886,53.938,12.338,33.159,222.104,0.98511,217,0,,,61,45,58,15,38
2024-08-26,wkday,34.0,In Session,32,0,0,,1.11272,0.97204,0.95756,0.97787,0.89109,0.96833,1.0,0.97022,1.0,1.0,1.09831,1.06118,1.0,75.679,44.565,54.475,11.644,33.056,219.419,1.1533,248,0,,,81,56,61,12,38
2024-08-27,wkday,36.1,In Session,0,0,0,,1.11291,0.98413,0.95756,0.97927,0.91007,0.96356,1.0,1.06011,1.0,1.0,1.09638,1.05736,1.0,79.602,49.157,65.076,14.345,40.063,248.242,0.9972,256,0,,,77,48,63,12,56
2024-08-28,wkday,35.6,In Session,1,0,0,,1.1131,0.97752,0.95756,0.98073,0.93978,0.96211,1.0,1.04146,1.0,1.0,1.09054,1.05561,1.0,77.173,45.49,70.36,16.58,40.663,250.266,0.99389,232,0,,,81,34,51,19,47
2024-08-29,thu,35.4,In Session,2,0,0,,1.11329,0.97978,0.95756,0.98223,1.10823,0.94872,1.0,1.03066,1.0,1.0,1.07206,1.0469,1.0,72.687,36.504,106.491,27.743,47.177,290.601,1.05556,303,0,,,88,35,110,25,45
2024-08-30,fri,34.2,In Session,3,0,0,,1.11347,0.97288,0.95756,0.98376,0.87023,0.94313,1.0,1.02468,1.0,1.0,1.01044,1.02079,1.0,16.637,14.529,94.695,42.812,45.794,214.467,1.06143,239,0,,,18,13,111,49,48
2024-08-31,sat,34.4,In Session,4,0,0,,1.11366,0.96463,0.95756,0.98531,0.82042,0.94888,1.0,1.01569,1.0,1.0,1.01755,1.02624,1.0,22.503,22.582,79.318,35.501,39.781,199.685,0.9365,162,0,,,16,14,73,32,27
2024-09-01,wkday,32.1,In Session,5,0,0,,1.11385,0.96665,1.03089,0.98685,0.90907,0.97918,1.0,1.0081,1.0,1.0,1.0,1.06498,1.0,85.067,37.498,63.441,14.743,33.963,234.713,0.98202,255,0,,,97,36,66,17,39
2024-09-02,wkday,33.7,In Session,6,0,0,,1.11403,0.96687,1.03089,0.98838,0.88419,0.97416,1.0,1.00543,1.0,1.0,1.0,1.06431,1.0,81.162,37.504,59.981,13.23,34.596,226.473,0.97456,243,0,,,85,31,76,14,37
2024-09-03,wkday,34.7,In Session,7,0,0,,1.11422,0.96446,1.03089,0.98986,0.90713,0.9706,1.0,1.00368,1.0,1.0,1.0,1.06326,1.0,81.108,37.43,62.626,14.257,35.689,231.11,0.97973,219,0,,,87,37,56,13,26
2024-09-04,wkday,34.9,In Session,8,0,0,,1.11441,0.95573,1.03089,0.9913,0.93933,0.9675,1.0,1.00254,1.0,1.0,1.0,1.06048,1.0,78.918,35.268,69.239,16.472,37.377,237.275,0.92604,220,0,,,60,40,53,17,50
2024-09-05,thu,35.4,In Session,9,0,0,,1.1146,0.95617,1.03089,0.99267,1.11583,0.95282,1.0,1.00188,1.0,1.0,1.0,1.05,1.0,74.264,29.747,105.218,28.178,44.628,282.035,1.02657,274,0,,,61,45,110,15,43
2024-09-06,fri,36.7,In Session,10,0,0,,1.11478,0.96348,1.03089,0.99396,0.87604,0.93884,1.0,1.00151,1.0,1.0,1.0,1.02198,1.0,17.929,13.13,97.605,44.647,49.702,223.013,1.04951,215,0,,,22,14,96,40,43
2024-09-07,sat,36.2,In Session,11,0,0,,1.11497,0.9644,1.03089,0.99515,0.82352,0.94646,1.0,1.00096,1.0,1.0,1.0,1.02761,1.0,24.515,20.679,83.727,37.812,43.551,210.285,0.94318,208,0,,,24,19,90,35,40
2024-09-08,wkday,35.9,In Session,12,0,0,,1.11516,0.97148,1.03089,0.99623,0.91202,0.97194,1.0,1.00049,1.0,1.0,1.0,1.06667,1.0,86.579,37.921,60.413,14.336,35.797,235.047,0.97059,247,0,,,99,36,60,18,34
2024-09-09,wkday,34.5,In Session,13,0,0,,1.11534,0.95987,1.03089,0.9972,0.88484,0.97524,1.0,1.00033,1.0,1.0,1.0,1.06551,1.0,81.595,37.512,59.328,13.156,34.793,226.384,0.97343,219,0,,,81,43,53,10,32
2024-09-10,wkday,34.7,In Session,14,0,0,,1.11553,0.95357,1.03089,0.99803,0.90713,0.97345,1.0,1.00022,1.0,1.0,1.0,1.0643,1.0,81.17,37.307,62.536,14.252,35.453,230.718,0.9762,250,1,,,86,37,70,18,39
2024-09-11,wkday,35.2,In Session,15,0,0,,1.11572,0.95479,1.03089,0.99873,0.9394,0.96938,1.0,0.99756,1.0,1.0,1.0,1.06156,1.0,79.654,35.455,69.359,16.536,37.551,238.555,0.98301,205,0,,,62,37,56,16,34
2024-09-12,thu,35.1,In Session,16,0,0,,1.1159,0.95829,1.03089,0.99928,1.11573,0.95621,1.0,0.99439,1.0,1.0,1.0,1.05105,1.0,75.043,29.935,106.099,28.4,44.491,283.967,0.99154,277,0,,,60,36,109,31,41
2024-09-13,fri,34.5,In Session,17,0,0,,1.11609,0.95599,1.03089,0.99968,0.87727,0.94875,1.0,0.9898,1.0,1.0,1.0,1.02298,1.0,17.897,13.05,99.054,44.974,47.73,222.704,1.04299,220,0,,,16,13,100,47,44
2024-09-14,sat,34.1,In Session,18,0,0,,1.11628,0.95979,1.03089,0.99992,0.82407,0.95623,1.0,0.987,1.0,1.0,1.0,1.02861,1.0,24.49,20.561,84.961,38.06,41.818,209.89,1.00027,231,0,,,27,18,94,38,54
2024-09-15,wkday,34.8,In Session,19,0,0,,1.11647,0.97254,1.03089,1.0,0.91212,0.97523,1.0,0.98762,1.0,1.0,1.0,1.06786,1.0,86.794,37.823,60.572,14.317,34.851,234.357,1.03391,256,0,,,109,28,69,11,39
2024-09-16,wkday,32.0,In Session,20,0,0,,1.11665,0.96283,1.03089,1.00003,0.88341,0.98546,1.0,0.98499,1.0,1.0,1.0,1.06644,1.0,81.775,37.387,61.263,13.392,33.18,226.997,0.94682,210,0,,,80,36,62,9,23
2024-09-17,wkday,34.1,In Session,21,0,0,,1.11684,0.96267,1.03089,1.0001,0.9075,0.9762,1.0,0.98234,1.0,1.0,1.0,1.06561,1.0,81.702,37.325,62.363,14.173,34.707,230.27,1.00472,247,1,,,89,41,62,21,34
2024-09-18,wkday,34.9,In Session,22,0,0,,1.11703,0.97972,1.03089,1.00023,0.93958,0.97114,1.0,0.97923,1.0,1.0,1.0,1.06289,1.0,81.43,36.034,69.898,16.642,37.484,241.488,1.04353,249,0,,,81,42,65,24,37
2024-09-19,thu,34.7,In Session,23,0,0,,1.11721,0.97217,1.03089,1.00042,1.1145,0.95872,1.0,0.97424,1.0,1.0,1.0,1.0523,1.0,75.806,30.068,105.798,28.266,43.836,283.774,1.06756,311,0,,,96,27,114,34,40
2024-09-20,fri,34.3,In Session,24,0,0,,1.1174,0.97741,1.03089,1.00065,0.87276,0.95066,1.0,0.96569,1.0,1.0,1.0,1.02392,1.0,18.214,13.207,99.273,45.02,47.501,223.216,0.98368,218,0,,,23,12,88,44,51
2024-09-21,sat,34.4,In Session,25,0,0,,1.11759,0.9726,1.03089,1.00092,0.83019,0.95432,1.0,0.96395,1.0,1.0,1.06091,1.02868,1.0,24.701,22.275,90.452,39.816,43.581,220.824,1.09529,239,0,,,29,26,110,33,41
2024-09-22,wkday,36.0,In Session,26,0,0,,1.11777,0.97776,1.03089,1.00124,0.90569,0.9688,1.0,0.96933,1.0,1.03629,1.04545,1.0649,1.0,86.863,40.662,70.984,15.946,36.441,250.896,0.94486,236,1,,,72,42,65,16,41
2024-09-23,holiday,35.3,In Session,27,0,0,,1.11796,0.97131,1.03089,1.0016,0.89158,0.94128,1.0,0.95918,1.0,1.1462,1.0619,1.02701,1.0,24.67,13.339,115.75,49.174,48.28,251.212,0.91177,236,0,,,22,12,111,45,46
2024-09-24,wkday,33.2,In Session,28,0,0,,1.11815,0.9736,1.03089,1.002,0.90567,0.97868,1.0,0.96928,1.0,1.0,1.04584,1.06416,1.0,82.478,40.544,68.133,15.117,35.86,242.132,1.06058,269,1,,,95,43,77,20,34
2024-09-25,wkday,30.5,In Session,29,0,0,,1.11834,0.96527,1.03089,1.00243,0.93844,0.99256,1.0,0.96853,1.0,1.0,1.0,1.06304,1.0,80.191,35.384,74.254,17.199,34.496,241.524,1.05752,257,0,,,81,44,89,18,25
2024-09-26,thu,32.0,In Session,0,0,0,,1.11852,0.97673,1.03089,1.00288,1.12738,0.97404,1.0,1.06906,1.0,1.0,1.0,1.05023,1.0,79.358,32.257,126.426,33.25,48.199,319.49,0.94229,275,0,,,64,28,116,31,36
2024-09-27,fri,32.6,In Session,1,0,0,,1.11871,0.98392,1.03089,1.00336,0.89561,0.96295,1.0,1.05527,1.0,1.0,1.0,1.02388,1.0,18.964,14.025,113.992,51.182,51.772,249.936,0.99188,249,0,,,24,13,115,53,44
2024-09-28,sat,31.2,In Session,2,0,0,,1.1189,0.97971,1.03089,1.00385,0.83857,0.97983,1.0,1.03532,1.0,1.0,1.0,1.0293,1.0,25.617,21.751,97.929,43.047,43.746,232.09,1.01465,236,0,,,21,20,102,50,43
2024-09-29,wkday,32.2,In Session,3,0,0,,1.11908,0.96997,1.03089,1.00436,0.90832,0.98432,1.0,1.01803,1.0,1.0,1.0,1.06782,1.0,88.483,38.928,66.776,15.545,35.464,245.197,1.04173,245,0,,,100,40,69,15,21
2024-09-30,wkday,32.3,In Session,4,0,0,,1.11927,0.97375,1.03089,1.00488,0.88228,0.98429,1.0,1.01213,1.0,1.0,1.0,1.06694,1.0,84.435,38.939,64.747,14.171,35.364,237.656,0.92656,216,0,,,76,29,61,10,40
2024-10-01,wkday,32.5,In Session,5,0,0,,1.11946,0.97604,0.95379,1.00539,0.90532,0.98229,1.0,1.00823,1.0,1.0,1.0,1.06582,1.0,78.222,36.033,63.212,14.222,33.437,225.126,1.00518,221,0,,,93,21,58,15,34
2024-10-02,wkday,31.1,In Session,6,0,0,,1.11964,0.98285,0.95379,1.0059,0.93811,0.98835,1.0,1.0057,1.0,1.0,1.0,1.06267,1.0,77.155,34.428,73.167,17.016,34.749,236.515,1.05584,224,0,,,64,22,70,24,44
2024-10-03,thu,31.5,In Session,7,0,0,,1.11983,0.97922,0.95379,1.00641,1.12319,0.97867,1.0,1.00421,1.0,1.0,1.0,1.0522,1.0,72.157,28.869,110.009,28.817,41.179,281.03,1.06554,294,0,,,80,27,114,34,39
2024-10-04,fri,30.0,In Session,8,0,0,,1.12002,0.9758,0.95379,1.00689,0.89641,0.99242,1.0,1.00337,1.0,1.0,1.0,1.02478,1.0,17.198,12.584,105.808,46.599,43.686,225.875,1.01756,239,0,,,17,17,106,43,56
2024-10-05,sat,29.5,In Session,9,0,0,,1.1202,0.9879,0.95379,1.00736,0.83911,0.99951,1.0,1.00215,1.0,1.0,1.0,1.03008,1.0,23.749,20.023,92.41,40.072,38.641,214.896,1.1112,233,0,,,31,15,104,45,38
2024-10-06,wkday,27.6,In Session,10,0,0,,1.12039,0.97806,0.95379,1.0078,0.90377,1.01395,1.0,1.00111,1.0,1.0,1.0,1.06755,1.0,82.329,36.054,68.579,15.409,30.502,232.872,1.01256,248,0,,,81,43,72,14,38
2024-10-07,wkday,30.3,In Session,11,0,0,,1.12058,0.98262,0.95379,1.00821,0.88058,0.9954,1.0,1.00074,1.0,1.0,1.0,1.06736,1.0,78.81,36.237,62.626,13.502,31.779,222.954,1.02106,227,0,,,78,42,68,7,32
2024-10-08,wkday,30.4,In Session,12,0,0,,1.12077,1.00589,0.95379,1.00859,0.90379,0.99423,1.0,1.0005,1.0,1.0,1.0,1.06608,1.0,80.715,37.112,67.962,15.055,33.306,234.15,0.89256,173,0,,,63,15,51,12,32
2024-10-09,wkday,30.2,In Session,13,0,0,,1.12095,0.99801,0.95379,1.00893,0.93786,0.99471,1.0,1.00035,1.0,1.0,1.0,1.0631,1.0,78.518,34.997,75.776,17.494,34.759,241.544,0.98477,214,1,,,61,30,73,13,37
2024-10-10,thu,29.6,In Session,14,0,0,,1.12114,0.99337,0.95379,1.00923,1.12777,0.99714,1.0,1.00026,1.0,1.0,1.0,1.05225,1.0,73.401,29.348,116.981,30.188,40.706,290.625,1.06819,302,0,,,88,25,113,28,48
2024-10-11,fri,29.7,In Session,15,0,0,,1.12133,0.99852,0.95379,1.00948,0.89654,0.99645,1.0,0.99676,1.0,1.0,1.0,1.02533,1.0,17.631,12.888,108.825,47.793,44.383,231.52,0.93053,215,0,,,18,15,85,47,50
2024-10-12,sat,30.9,In Session,16,0,0,,1.12151,0.99856,0.95379,1.00968,0.83312,0.98316,1.0,0.99358,1.0,1.0,1.0,1.03081,1.0,24.026,20.224,89.61,39.266,39.546,212.672,0.90497,194,0,,,16,26,80,30,42
2024-10-13,wkday,30.6,In Session,17,0,0,,1.1217,0.99261,0.95379,1.00984,0.908,0.9933,1.0,0.99255,1.0,1.0,1.0,1.06927,1.0,83.523,36.497,63.77,14.661,31.925,230.377,1.10636,267,0,,,107,42,71,12,35
2024-10-14,wkday,31.9,In Session,18,0,0,,1.12189,1.00616,0.95379,1.00994,0.88299,0.98636,1.0,0.99002,1.0,1.0,1.0,1.06859,1.0,80.565,36.939,60.941,13.29,32.799,224.533,0.90145,203,0,,,68,43,56,8,28
2024-10-15,wkday,28.5,In Session,19,0,0,,1.12207,1.00794,0.95379,1.00999,0.90241,1.0077,1.0,0.98721,1.0,1.0,1.0,1.06639,1.0,80.636,36.945,70.425,15.362,31.995,235.363,1.12288,268,0,POS offline 13:00-16:30 (manual entry),,96,37,82,19,34
2024-10-16,wkday,28.5,In Session,20,0,0,,1.12226,1.0123,0.95379,1.01001,0.93744,1.00805,1.0,0.98418,1.0,1.0,1.0,1.06351,1.0,79.292,35.192,78.768,17.935,33.757,244.944,1.02143,266,0,,,92,46,75,19,34
2024-10-17,thu,28.0,In Session,21,0,0,,1.12245,1.01126,0.95379,1.01006,1.13038,1.01458,1.0,0.97963,1.0,1.0,1.0,1.05269,1.0,74.296,29.558,121.262,30.89,39.567,295.572,1.09911,315,0,,,81,27,127,40,40
2024-10-18,fri,28.6,In Session,22,0,0,,1.12263,1.02486,0.95379,1.01017,0.89698,1.01175,1.0,0.97241,1.0,1.0,1.0,1.02594,1.0,17.99,13.085,112.228,48.842,43.786,235.931,0.95109,247,0,,,15,20,123,37,52
2024-10-19,sat,27.2,In Session,23,0,0,,1.12282,1.01151,0.95379,1.01033,0.8421,1.02859,1.0,0.97033,1.0,1.0,1.0,1.03117,1.0,24.194,20.264,97.496,41.503,37.179,220.636,0.97634,230,0,,,28,26,99,38,39
2024-10-20,wkday,25.1,In Session,24,0,0,,1.12301,1.01442,0.95379,1.01054,0.90258,1.02872,1.0,0.97451,1.0,1.0,1.0,1.06868,1.0,84.86,36.896,72.694,16.067,29.522,240.038,1.00616,205,0,,,76,29,58,17,25
2024-10-21,wkday,24.1,In Session,25,0,0,,1.1232,1.01581,0.95379,1.0108,0.87505,1.0321,1.0,0.97183,1.0,1.0,1.0,1.06761,1.0,80.874,36.895,71.849,14.858,29.042,233.518,0.94853,232,0,,,67,30,84,18,33
2024-10-22,wkday,23.2,In Session,26,0,0,,1.12338,1.01577,0.95379,1.0111,0.89909,1.03522,1.0,0.96885,1.0,1.0,1.0,1.06628,1.0,80.82,36.843,76.761,16.257,29.202,239.883,1.03358,249,0,,,81,32,92,18,26
2024-10-23,wkday,24.0,In Session,27,0,0,,1.12357,1.00649,0.95379,1.01144,0.93622,1.03684,1.0,0.96795,1.0,1.0,1.0,1.0633,1.0,78.522,34.701,84.405,18.699,30.88,247.207,1.01055,244,0,,,73,37,81,17,36
2024-10-24,thu,22.8,In Session,28,0,0,,1.12376,0.9929,0.95379,1.01182,1.13889,1.05209,1.0,0.96469,1.0,1.0,1.0,1.05244,1.0,72.76,28.845,128.464,31.874,35.512,297.455,0.97701,290,0,,,65,30,117,38,40
2024-10-25,fri,21.6,In Session,29,0,0,,1.12394,0.99839,0.95379,1.01223,0.91352,1.06656,1.0,0.9584,1.0,1.0,1.0,1.02647,1.0,17.506,12.698,120.522,50.831,38.154,239.711,1.06837,282,0,,,24,21,138,51,48
2024-10-26,sat,23.1,In Session,30,0,0,,1.12413,1.00027,0.95379,1.01268,0.8495,1.06159,1.0,0.96026,1.0,1.0,1.0,1.03151,1.0,23.932,20.005,102.599,42.813,34.413,223.762,1.00514,209,0,,,25,19,95,39,31
2024-10-27,wkday,23.3,In Session,0,0,0,,1.12432,1.00539,0.95379,1.01315,0.89675,1.03537,1.0,1.06133,1.0,1.0,1.0,1.06627,1.0,87.706,39.111,83.863,18.411,32.416,261.506,0.9459,241,0,,,87,34,82,13,25
2024-10-28,wkday,22.4,In Session,1,0,0,,1.1245,1.02309,0.95379,1.01363,0.87082,1.03481,1.0,1.04124,1.0,1.0,1.0,1.06588,1.0,84.32,39.262,81.43,16.774,31.69,253.478,0.96189,233,0,,,71,37,78,19,28
2024-10-29,wkday,19.8,In Session,2,0,0,,1.12469,1.02421,0.95379,1.01414,0.89692,1.0258,1.0,1.02787,1.0,1.0,1.0,1.0655,1.0,83.976,38.954,83.86,17.805,30.623,255.218,0.99799,266,0,,,91,37,85,19,34
2024-10-30,wkday,22.2,In Session,3,0,0,,1.12488,1.03014,0.95379,1.01465,0.93522,1.0393,1.0,1.01932,1.0,1.0,1.0,1.06219,1.0,82.503,37.005,94.488,20.857,33.261,268.113,1.05413,264,0,,,80,37,95,14,38
2024-10-31,thu,23.6,In Session,4,0,0,,1.12506,1.02776,0.95379,1.01517,1.14275,1.0512,1.0,1.01425,1.0,1.0,1.0,1.05168,1.0,77.121,30.976,141.646,35.19,39.834,324.767,0.97563,329,0,,,84,31,141,39,34
2024-11-01,fri,22.7,In Session,5,0,0,,1.12525,1.01658,0.99245,1.01568,0.9248,1.06897,1.0,1.01126,1.0,1.0,1.0,1.02637,1.0,18.96,13.917,135.885,57.309,43.754,269.825,0.97416,269,0,,,16,12,144,64,33
2024-11-02,sat,22.5,In Session,6,0,0,,1.12544,1.01736,0.99245,1.01619,0.85717,1.06246,1.0,1.00721,1.0,1.0,1.0,1.03139,1.0,25.861,21.858,115.552,48.164,38.294,249.729,0.9837,245,0,,,32,19,111,42,41
2024-11-03,wkday,23.6,Exams,7,0,0,,1.12563,1.01739,0.99245,1.01668,0.90277,1.03332,1.01176,1.00371,1.0,1.0,1.0,1.06773,1.0,90.506,43.69,81.658,17.037,31.776,264.667,1.04986,286,0,,,98,51,93,19,25
2024-11-04,wkday,23.8,Exams,8,0,0,,1.12581,1.02635,0.99245,1.01716,0.87661,1.03262,1.01243,1.00249,1.0,1.0,1.0,1.06675,1.0,86.966,44.066,80.116,15.714,32.112,258.974,1.02984,256,0,,,88,43,77,19,29
2024-11-05,wkday,23.5,Exams,9,0,0,,1.126,1.02067,0.99245,1.01761,0.90072,1.03465,1.01179,1.00169,1.0,1.0,1.0,1.06544,1.0,86.508,43.825,84.859,17.075,32.484,264.752,1.03756,277,0,,,93,51,83,18,32
2024-11-06,wkday,22.7,Exams,10,0,0,,1.12619,1.01582,0.99245,1.01803,0.93692,1.0386,1.01002,1.00117,1.0,1.0,1.0,1.06257,1.0,84.407,41.446,94.885,19.899,33.685,274.321,0.96379,271,1,,,86,33,87,24,41
2024-11-07,thu,22.3,Exams,11,0,0,,1.12637,1.01935,0.99245,1.01843,1.13747,1.05189,1.00415,1.00086,1.0,1.0,1.0,1.05219,1.0,79.546,35.035,145.515,34.263,39.84,334.199,0.9749,327,0,,,77,30,131,32,57
2024-11-08,fri,23.7,Exams,12,0,0,,1.12656,1.02758,0.99245,1.01878,0.90895,1.0657,0.99462,1.00068,1.0,1.0,1.0,1.02678,1.0,19.184,15.458,135.443,54.36,44.564,269.009,1.02215,264,0,,,22,18,133,46,45
2024-11-09,sat,23.3,Exams,13,0,0,,1.12675,1.0328,0.99245,1.0191,0.84786,1.06062,0.99918,1.00044,1.0,1.0,1.0,1.03177,1.0,26.304,24.424,116.419,46.143,39.197,252.488,1.00595,250,0,,,31,25,118,50,26
2024-11-10,wkday,22.8,Exams,14,0,0,,1.12693,1.03029,0.99245,1.01937,0.90268,1.03397,1.01175,1.00023,1.0,1.0,1.0,1.06814,1.0,91.878,44.318,83.103,17.307,31.769,268.374,0.93112,274,0,,,101,48,70,15,40
2024-11-11,wkday,21.7,Exams,15,0,0,,1.12712,1.03037,0.99245,1.0196,0.8763,1.03218,1.01244,0.9976,1.0,1.0,1.0,1.0673,1.0,87.444,44.255,80.942,15.83,31.151,259.622,0.95134,266,0,,,92,42,91,11,30
2024-11-12,wkday,22.6,Exams,16,0,0,,1.12731,1.02607,0.99245,1.01978,0.90074,1.03508,1.01181,0.99494,1.0,1.0,1.0,1.06595,1.0,87.011,44.003,85.276,17.127,32.024,265.442,0.95358,265,0,,,82,47,87,15,34
2024-11-13,wkday,21.6,Exams,17,0,0,,1.12749,1.03019,0.99245,1.0199,0.93698,1.03682,1.01008,0.9921,1.0,1.0,1.0,1.06323,1.0,85.542,41.905,95.416,20.0,33.284,276.148,0.89736,229,0,,,75,38,68,16,32
2024-11-14,thu,22.5,Exams,18,0,0,,1.12768,1.04007,0.99245,1.01998,1.1363,1.05181,1.00422,0.98834,1.0,1.0,1.0,1.05276,1.0,81.004,35.57,146.472,34.485,40.23,337.761,0.97211,291,0,,,70,24,128,36,33
2024-11-15,fri,20.7,Term Break,19,0,0,,1.12787,1.03898,0.99245,1.02,0.99864,1.06522,1.0117,0.98237,1.0,1.0,1.0,1.0265,1.0,17.979,6.349,140.547,63.866,42.371,271.111,1.0216,270,0,,,13,4,148,63,42
2024-11-16,sat,21.7,Term Break,20,0,0,,1.12805,1.03934,0.99245,1.02006,0.90412,1.06627,0.98539,0.97953,1.0,1.0,1.0,1.03136,1.0,24.503,9.964,119.926,53.799,37.727,245.92,1.05153,247,0,,,25,12,130,46,34
2024-11-17,wkday,22.4,Term Break,21,0,0,,1.12824,1.03558,0.99245,1.02023,0.88413,1.04011,0.91216,0.98123,1.0,1.0,1.0,1.0703,1.0,85.385,18.024,84.89,20.028,30.968,239.295,0.9799,226,1,,,83,18,84,17,24
2024-11-18,wkday,23.7,Term Break,22,0,0,,1.12843,1.03309,0.99245,1.02051,0.85594,1.03883,0.9093,0.97847,1.0,1.0,1.0,1.06946,1.0,81.068,17.955,81.66,18.143,31.378,230.203,1.12107,241,1,,,80,18,92,20,31
2024-11-19,wkday,25.0,Term Break,23,0,0,,1.12862,1.02519,0.99245,1.02088,0.88452,1.03517,0.91237,0.97552,1.0,1.0,1.0,1.0681,1.0,80.401,17.794,84.299,19.324,32.321,234.139,0.83599,205,1,,,76,10,64,17,38
2024-11-20,wkday,22.2,Term Break,24,0,0,,1.1288,1.03338,0.99245,1.02135,0.93083,1.04459,0.92388,0.97198,1.0,1.0,1.0,1.06442,1.0,79.384,17.018,97.209,23.091,32.878,249.58,0.95262,219,1,,,78,9,73,27,32
2024-11-21,thu,20.9,Term Break,25,0,0,,1.12899,1.03288,0.99245,1.02192,1.17719,1.05323,0.95956,0.96639,1.0,1.0,1.0,1.05255,1.0,74.457,14.308,147.304,39.337,38.09,313.496,0.95175,276,0,,,67,15,128,30,36
2024-11-22,fri,19.3,Term Break,26,0,0,,1.12918,1.03483,0.99245,1.02257,0.98926,1.04954,1.01069,0.95763,1.0,1.0,1.0,1.02708,1.0,17.833,6.265,134.533,61.4,40.354,260.385,0.99613,290,0,,,27,7,164,60,32
2024-11-23,sat,19.8,Term Break,27,0,0,,1.12936,1.03215,0.99245,1.0233,0.89787,1.05171,0.98402,0.95905,1.0,1.0,1.0,1.03207,1.0,24.276,9.828,115.232,51.885,35.725,236.947,0.91368,219,0,,,23,6,109,48,33
2024-11-24,wkday,18.6,In Session,28,0,0,,1.12955,1.02785,0.99245,1.0241,0.90318,1.01508,1.0,0.9696,1.0,1.0,1.0,1.07135,1.0,91.07,39.583,77.255,17.078,28.6,253.587,0.95103,240,0,,,89,41,73,11,26
2024-11-25,wkday,18.0,In Session,29,0,0,,1.12974,1.02444,0.99245,1.02496,0.87652,1.00917,1.0,0.96959,1.0,1.0,1.0,1.07062,1.0,86.534,39.493,74.3,15.484,28.267,244.079,0.98608,242,0,,,80,30,84,17,31
2024-11-26,wkday,17.6,In Session,30,0,0,,1.12992,1.02413,0.99245,1.02587,0.90083,1.00624,1.0,0.96925,1.0,1.0,1.0,1.06942,1.0,86.602,39.525,78.318,16.799,28.735,249.98,0.95676,241,1,,,79,40,84,12,26
2024-11-27,wkday,17.9,In Session,0,0,0,,1.13011,1.02015,0.99245,1.02684,0.93474,1.01038,1.0,1.06541,1.0,1.0,1.19436,1.05868,1.0,95.157,47.237,125.366,26.448,46.774,340.982,1.11488,393,1,,,119,50,139,32,53
2024-11-28,thu,19.6,In Session,1,0,0,,1.1303,1.01367,0.99245,1.02783,1.15632,1.03882,1.0,1.0483,1.0,1.0,1.20737,1.04864,1.0,88.095,39.01,190.943,44.856,55.104,418.009,1.08562,446,0,,,90,39,213,57,47
2024-11-29,fri,19.7,In Session,2,0,0,,1.13048,1.01545,0.99245,1.02885,0.95644,1.0496,1.0,1.03764,1.0,1.0,1.23524,1.02598,1.0,21.004,16.952,175.197,69.964,59.035,342.153,0.9795,345,0,,,26,23,183,56,57
2024-11-30,sat,19.5,In Session,3,0,0,,1.13067,1.01558,0.99245,1.02988,0.87945,1.04255,1.0,1.02417,1.0,1.0,1.22744,1.03053,1.0,28.566,26.5,147.112,58.12,51.194,311.493,1.09123,335,0,,,33,23,169,50,60
2024-12-01,wkday,18.9,In Session,4,0,0,,1.13086,1.02634,1.04185,1.03091,0.89505,1.01752,1.0,1.0127,1.0,1.0,1.18649,1.06488,1.0,105.914,50.953,109.392,22.789,43.695,332.744,1.05367,351,0,,,127,50,118,10,46
2024-12-02,wkday,20.4,In Session,5,0,0,,1.13104,1.0137,1.04185,1.03193,0.86849,1.02803,1.0,1.00857,1.0,1.0,1.18855,1.06346,1.0,99.567,50.236,107.093,20.843,43.955,321.694,1.06852,358,0,,,124,65,114,22,33
2024-12-03,wkday,20.7,In Session,6,0,0,,1.13123,1.01274,1.04185,1.03293,0.89883,1.03064,1.0,1.00558,1.0,1.0,0.96639,1.06905,1.0,92.099,40.797,86.381,18.464,30.977,268.719,1.0727,288,0,,,90,47,91,24,36
2024-12-04,wkday,22.5,In Session,7,0,0,,1.13142,1.0074,1.04185,1.0339,0.93584,1.03895,1.0,1.00386,1.0,1.0,0.96519,1.06571,1.0,89.81,38.546,96.312,21.463,33.321,279.452,1.15509,311,0,,,94,44,102,23,48
2024-12-05,thu,21.6,In Session,8,0,0,,1.1316,1.01626,1.04185,1.03483,1.13873,1.05093,1.0,1.00285,1.0,1.0,0.96162,1.05483,1.0,85.098,32.751,148.231,37.098,39.295,342.474,0.96356,317,0,,,91,32,122,39,33
2024-12-06,fri,20.5,In Session,9,0,0,,1.13179,1.00253,1.04185,1.0357,0.90923,1.05991,1.0,1.00227,1.0,1.0,0.95306,1.02846,1.0,20.088,14.141,135.258,57.667,41.436,268.59,0.99341,272,0,,,22,14,144,50,42
2024-12-07,sat,19.4,In Session,10,0,0,,1.13198,1.00086,1.04185,1.03652,0.8431,1.04295,1.0,1.00145,1.0,1.0,0.95514,1.03387,1.0,27.367,22.198,113.522,48.022,35.801,246.909,0.95974,245,0,,,27,14,122,43,39
2024-12-08,wkday,19.6,In Session,11,0,0,,1.13216,0.99431,1.04185,1.03727,0.90267,1.02308,1.0,1.00074,1.0,1.0,0.96742,1.07221,1.0,95.228,40.122,80.681,17.934,29.2,263.165,0.98613,249,0,,,84,45,82,12,26
2024-12-09,wkday,19.9,In Session,12,0,0,,1.13235,0.99403,1.04185,1.03793,0.87507,1.02458,1.0,1.0005,1.0,1.0,0.967,1.07107,1.0,90.732,40.137,79.042,16.49,29.34,255.742,0.93755,262,0,,,95,41,70,24,32
2024-12-10,wkday,19.5,In Session,13,0,0,,1.13254,1.00919,1.04185,1.03852,0.89817,1.02336,1.0,1.00034,1.0,1.0,1.0,1.06792,1.0,92.178,42.474,89.313,18.96,32.557,275.482,0.96366,263,1,,,75,56,86,12,34
2024-12-11,wkday,17.2,In Session,14,0,0,,1.13272,1.01693,1.04185,1.03901,0.93599,1.0035,1.0,1.00023,1.0,1.0,1.0,1.066,1.0,91.083,40.684,96.195,21.588,33.381,282.931,0.99861,318,0,,,92,44,125,18,39
2024-12-12,thu,20.1,In Session,15,0,0,,1.13291,1.02043,1.04185,1.03941,1.17733,1.05297,1.0,0.99712,1.0,1.0,1.0,1.04777,1.23756,85.749,41.198,232.243,38.45,41.413,439.054,0.97385,404,0,Nearby Riyadh Season event,,79,40,216,39,30
2024-12-13,fri,16.6,In Session,16,0,0,,1.1331,1.02653,1.04185,1.03971,0.90054,1.00129,1.0,0.99324,1.0,1.0,1.0,1.02871,1.0,20.614,15.088,135.075,58.143,42.72,271.639,1.01653,284,0,,,22,14,158,57,33
2024-12-14,sat,16.5,In Session,17,0,0,,1.13329,1.02174,1.04185,1.0399,0.83923,0.99864,1.0,0.99023,1.0,1.0,1.0,1.03404,1.0,27.956,23.564,113.843,48.477,37.228,251.069,1.07101,276,0,,,28,21,130,54,43
2024-12-15,wkday,13.7,In Session,18,0,0,,1.13347,1.03174,1.04185,1.03999,0.91731,0.95106,1.0,0.99,1.0,1.0,1.0,1.07167,0.90494,88.847,34.554,56.922,12.16,46.819,239.302,0.95953,234,0,Rain,,90,47,43,12,42
2024-12-16,wkday,16.6,In Session,19,0,0,,1.13366,1.02899,1.04185,1.03999,0.87709,0.99517,1.0,0.98744,1.0,1.0,1.0,1.07137,1.0,93.677,43.003,79.386,16.691,30.503,263.261,0.9991,277,0,,,96,37,74,27,43
2024-12-17,wkday,17.9,In Session,20,0,0,,1.13385,1.03633,1.04185,1.03993,0.89991,1.00928,1.0,0.98462,1.0,1.0,1.0,1.06931,1.0,94.249,43.234,87.264,18.674,31.943,275.364,0.9768,271,1,,,88,46,84,24,29
2024-12-18,wkday,20.8,In Session,21,0,0,,1.13403,1.02639,1.04185,1.03981,0.93575,1.03429,1.0,0.98133,1.0,1.0,1.0,1.06517,1.0,91.381,40.604,100.517,22.183,34.751,289.436,1.09085,321,0,,,98,48,122,24,29
2024-12-19,thu,19.5,In Session,22,0,0,,1.13422,1.01643,1.04185,1.03965,1.13817,1.03727,1.0,0.97656,1.0,1.0,1.0,1.0548,1.0,84.859,33.798,149.199,37.127,39.845,344.828,0.98476,347,0,,,75,37,162,31,42
2024-12-20,fri,19.4,In Session,23,0,0,,1.13441,1.00901,1.04185,1.03943,0.91014,1.04738,1.0,0.96886,1.0,1.0,1.0,1.02858,1.0,20.121,14.65,137.157,58.065,42.76,272.754,1.06802,301,0,,,21,15,151,68,46
2024-12-21,sat,18.6,In Session,24,0,0,,1.13459,1.00563,1.04185,1.03917,0.84392,1.03212,1.0,0.96701,1.0,1.0,1.0,1.03393,1.0,27.312,22.9,114.42,48.066,36.893,249.591,0.98652,289,0,,,41,26,123,43,56
2024-12-22,wkday,17.1,In Session,25,0,0,,1.13478,1.00823,1.04185,1.03886,0.90465,1.00096,1.0,0.97233,1.0,1.0,1.0,1.07277,1.0,95.719,41.659,78.868,17.584,29.436,263.266,0.95354,240,0,,,94,34,60,25,27
2024-12-23,wkday,18.8,In Session,26,0,0,,1.13497,1.02054,1.04185,1.03852,0.87578,1.01624,1.0,0.96948,1.0,1.0,1.0,1.07091,1.0,92.155,42.081,80.423,16.676,30.481,261.816,1.00602,250,0,,,93,43,65,22,27
2024-12-24,wkday,19.3,In Session,27,0,0,,1.13515,1.02658,1.04185,1.03813,0.89962,1.02152,1.0,0.96903,1.0,1.0,1.0,1.06928,1.0,92.682,42.323,86.663,18.408,31.58,271.656,0.99032,284,0,,,102,35,90,27,30
2024-12-25,wkday,18.6,In Session,28,0,0,,1.13534,1.03279,1.04185,1.03771,0.93619,1.01799,1.0,0.96818,1.0,1.0,1.0,1.06653,1.0,91.357,40.441,96.256,21.413,33.128,282.596,0.95191,269,0,,,84,35,93,20,37
2024-12-26,thu,15.6,In Session,0,0,0,,1.13553,1.03219,1.04185,1.03727,1.1367,0.98619,1.0,1.06933,1.0,1.0,1.0,1.05472,1.0,89.21,36.377,156.112,39.804,42.691,364.194,0.99234,346,0,,,84,40,142,32,48
2024-12-27,fri,14.8,In Session,1,0,0,,1.13571,1.02536,1.04185,1.0368,0.90122,0.96658,1.0,1.05529,1.0,1.0,1.0,1.0289,1.0,21.002,15.581,137.462,59.98,44.241,278.266,1.03899,331,0,,,28,13,165,75,50
2024-12-28,sat,13.2,In Session,2,0,0,,1.1359,1.01741,1.04185,1.03631,0.83112,0.94178,1.0,1.03512,1.0,1.0,1.0,1.03475,1.0,28.242,24.054,109.36,47.766,36.888,246.31,1.0697,257,0,,,36,23,113,49,36
2024-12-29,wkday,11.2,In Session,3,0,0,,1.13609,1.01414,1.04185,1.0358,0.90922,0.94206,1.0,1.01763,1.0,1.0,1.0,1.07494,1.0,98.11,43.295,73.367,17.088,28.677,260.537,1.06996,286,0,,,97,60,88,16,25
2024-12-30,wkday,12.0,In Session,4,0,0,,1.13627,1.01423,1.04185,1.03529,0.88125,0.94805,1.0,1.0119,1.0,1.0,1.0,1.07361,1.0,93.168,43.095,72.123,15.702,28.822,252.91,0.98245,236,0,,,90,35,61,23,27
2024-12-31,wkday,13.1,In Session,5,0,0,,1.13646,1.01278,1.04185,1.03477,0.9034,0.9577,1.0,1.00813,1.0,1.0,1.0,1.0717,1.0,92.838,42.892,78.015,17.3,29.798,260.843,1.08979,273,0,,,83,51,81,22,36
2025-01-01,wkday,13.2,In Session,6,0,0,,1.13665,1.02433,1.00939,1.03463,0.93694,0.95701,1.0,1.00562,1.0,1.0,1.0,1.06868,1.0,89.049,39.851,85.314,19.734,30.717,264.664,1.0699,263,0,,,79,40,80,24,40
2025-01-02,thu,14.4,In Session,7,0,0,,1.13683,1.01722,1.00939,1.03412,1.12762,0.96884,1.0,1.00419,1.0,1.0,1.0,1.05699,1.0,82.923,33.271,132.955,34.219,36.794,320.161,1.00493,327,0,,,98,37,138,25,29
2025-01-03,fri,15.7,In Session,8,0,0,,1.13702,1.01861,1.00939,1.03361,0.8969,0.98403,1.0,1.00337,1.0,1.0,1.0,1.02922,1.0,19.839,14.558,128.037,55.468,40.832,258.735,0.92617,250,0,,,19,10,141,51,29
2025-01-04,sat,14.9,In Session,9,0,0,,1.13721,1.02395,1.00939,1.03313,0.83375,0.97051,1.0,1.00214,1.0,1.0,1.0,1.03475,1.0,27.178,22.977,107.175,46.188,35.594,239.111,1.02732,237,0,,,34,27,98,35,43
2025-01-05,wkday,14.9,In Session,10,0,0,,1.13739,1.0172,1.00939,1.03266,0.90579,0.97749,1.0,1.00109,1.0,1.0,1.0,1.07342,1.0,94.445,41.473,75.835,17.188,28.899,257.839,1.03442,281,0,,,104,37,99,12,29
2025-01-06,wkday,11.3,In Session,11,0,0,,1.13758,1.01708,1.00939,1.03222,0.89186,0.92664,1.0,1.00074,1.0,1.0,1.10235,1.06902,0.90626,84.955,38.131,57.958,11.414,48.652,241.11,1.02467,248,0,Rain,,97,40,57,11,43
2025-01-07,wkday,14.9,In Session,12,0,0,,1.13777,1.01885,1.00939,1.0318,0.90202,0.97687,1.0,1.0005,1.0,1.0,1.0,1.07096,1.0,90.026,41.502,78.63,17.192,29.548,256.898,1.16044,277,0,,,98,34,84,25,36
2025-01-08,wkday,14.5,In Session,13,0,0,,1.13795,1.024,1.00939,1.03142,0.9367,0.9717,1.0,1.00034,1.0,1.0,1.0,1.06816,1.0,88.648,39.614,87.355,20.0,31.09,266.707,0.98692,272,1,,,93,35,98,25,21
2025-01-09,thu,13.2,In Session,14,0,0,,1.13814,1.02099,1.00939,1.03108,1.12386,0.95228,1.0,1.00025,1.0,1.0,1.0,1.05788,1.0,82.958,33.254,128.532,33.388,35.942,314.074,1.13284,357,0,,,80,40,163,34,40
2025-01-10,fri,12.3,Term Break,15,0,0,,1.13833,1.02138,1.00939,1.03078,0.95735,0.92101,1.00631,0.99671,1.0,1.0,1.0,1.02912,1.0,18.433,6.536,121.392,58.133,38.329,242.822,1.09276,286,0,,,27,11,140,59,49
2025-01-11,sat,13.3,Term Break,16,0,0,,1.13851,1.02218,1.00939,1.03053,0.87697,0.9412,0.97801,0.99339,1.0,1.0,1.0,1.03441,1.0,25.124,10.259,105.569,49.61,34.206,224.768,0.95375,203,0,,,15,9,102,54,23
2025-01-12,wkday,13.6,Term Break,17,0,0,,1.1387,1.00499,1.00939,1.03032,0.89113,0.95981,0.90336,0.99229,1.0,1.0,1.0,1.07592,1.0,86.355,18.303,74.282,18.316,27.55,224.806,1.04441,242,0,,,92,17,82,23,28
2025-01-13,wkday,14.3,Term Break,18,0,0,,1.13889,0.99893,1.00939,1.03017,0.85862,0.96652,0.89935,0.98944,1.0,1.0,1.10138,1.07181,1.0,85.739,20.882,83.302,18.519,30.916,239.358,1.17857,266,0,,,90,26,98,25,27
2025-01-14,wkday,14.3,Term Break,19,0,0,,1.13907,0.99154,1.00939,1.03006,0.88761,0.96716,0.90536,0.98679,1.0,1.0,1.0,1.07293,1.0,80.965,17.991,76.775,18.162,27.903,221.795,1.07962,254,0,,,100,19,91,17,27
2025-01-15,wkday,16.2,Term Break,20,0,0,,1.13926,0.99521,1.00939,1.03001,0.9314,0.99188,0.91896,0.98351,1.0,1.0,1.0,1.06795,1.0,79.559,17.125,90.222,21.95,30.354,239.21,0.96607,211,0,,,72,14,73,23,29
2025-01-16,thu,15.8,Term Break,21,0,0,,1.13945,0.98653,1.00939,1.02999,1.16841,0.98954,0.95507,0.97894,1.0,1.0,1.0,1.05577,1.0,73.964,14.27,134.594,36.89,35.311,295.029,1.03529,327,0,,,86,18,153,45,25
2025-01-17,fri,15.9,Term Break,22,0,0,,1.13963,0.96151,1.00939,1.02994,0.97426,0.98899,1.00868,0.97187,1.0,1.0,1.0,1.02871,1.0,17.221,6.074,121.997,56.82,37.328,239.44,0.87651,211,0,,,19,3,102,50,37
2025-01-18,sat,15.2,Term Break,23,0,0,,1.13982,0.97666,1.00939,1.02983,0.88179,0.97565,0.97958,0.96954,1.0,1.0,1.0,1.03421,1.0,23.828,9.678,103.231,47.789,32.86,217.386,1.03038,207,0,,,27,12,93,44,31
2025-01-19,wkday,18.2,In Session,24,0,0,,1.14001,0.98046,1.00939,1.02968,0.90326,1.0116,1.0,0.97471,1.0,1.0,1.0,1.07251,1.0,89.922,39.18,76.173,16.859,28.216,250.35,1.01646,228,0,,,79,35,72,25,17
2025-01-20,wkday,18.7,In Session,25,0,0,,1.14019,0.97607,1.00939,1.02947,0.87391,1.01601,1.0,0.97167,1.0,1.0,1.10508,1.0686,1.0,89.414,44.768,84.829,16.975,31.583,267.57,1.02007,269,1,,,98,31,90,13,37
2025-01-21,wkday,16.9,In Session,26,0,0,,1.14038,0.97088,1.00939,1.02922,0.90145,0.99901,1.0,0.96935,1.0,1.0,1.0,1.07091,1.0,84.601,38.645,75.319,16.217,27.757,242.538,1.1026,268,0,,,102,38,76,20,32
2025-01-22,wkday,14.7,In Session,27,0,0,,1.14057,0.97631,1.00939,1.02892,0.93714,0.9744,1.0,0.96878,1.0,1.0,1.0,1.06919,1.0,83.363,36.914,79.93,18.268,28.387,246.862,0.94557,223,0,,,75,36,63,17,32
2025-01-23,thu,15.5,In Session,28,0,0,,1.14075,0.97644,1.00939,1.02858,1.12723,0.98513,1.0,0.96535,1.0,1.0,1.0,1.05761,1.0,78.257,31.085,124.618,31.788,34.101,299.848,0.99651,329,0,,,80,38,125,41,45
2025-01-24,fri,14.9,In Session,29,0,0,,1.14094,0.97053,1.00939,1.0282,0.88228,0.96876,1.0,0.95875,1.0,1.0,1.0,1.03002,1.0,18.597,13.515,113.475,49.457,36.472,231.516,1.01275,220,0,,,11,13,113,46,37
2025-01-25,sat,14.6,In Session,30,0,0,,1.14113,0.97592,1.00939,1.02778,0.82557,0.96551,1.0,0.96078,1.0,1.0,1.0,1.0356,1.0,25.494,21.351,96.407,41.636,32.106,216.994,1.06041,278,0,,,38,29,114,54,43
2025-01-26,wkday,16.0,In Session,31,0,0,,1.14131,0.95579,1.00939,1.02734,0.90619,0.98951,1.0,0.96998,1.0,1.0,1.0,1.07403,1.0,87.365,38.009,69.85,15.692,26.32,237.236,0.92344,218,0,,,76,38,64,16,24
2025-01-27,wkday,15.0,In Session,0,0,0,,1.1415,0.94699,1.00939,1.02687,0.8736,0.97697,1.0,1.0607,1.0,1.0,1.10531,1.06811,1.0,90.089,46.285,85.535,17.557,32.783,272.25,1.02941,279,0,,,97,40,88,17,37
2025-01-28,wkday,13.8,In Session,1,0,0,,1.14169,0.9596,1.00939,1.02639,0.90143,0.96436,1.0,1.04041,1.0,1.0,1.0,1.07068,1.0,86.162,40.193,76.12,16.784,28.9,248.159,0.94827,247,0,,,87,32,78,20,30
2025-01-29,wkday,14.7,In Session,2,0,0,,1.14187,0.96137,1.00939,1.02588,0.93623,0.97374,1.0,1.02806,1.0,1.0,1.0,1.06748,1.0,84.072,37.873,85.601,19.563,30.399,257.509,1.04121,277,0,,,104,40,76,27,30
2025-01-30,thu,15.9,In Session,3,0,0,,1.14206,0.97414,1.00939,1.02537,1.13353,0.99084,1.0,1.02091,1.0,1.0,1.0,1.0561,1.0,79.63,32.095,134.876,34.296,36.758,317.655,0.90366,295,0,,,75,25,130,34,31
2025-01-31,fri,18.0,In Session,4,0,0,,1.14225,0.98344,1.00939,1.02486,0.91342,1.02656,1.0,1.01674,1.0,1.0,1.0,1.02905,1.0,19.166,14.109,132.169,56.326,41.341,263.111,0.94214,240,0,,,12,11,130,52,35
2025-02-01,sat,15.3,In Session,5,0,0,,1.14243,0.99959,1.03799,1.02434,0.83697,0.97751,1.0,1.01064,1.0,1.0,1.0,1.03489,1.0,27.26,23.097,109.413,46.99,36.18,242.939,0.96183,232,0,,,26,29,101,47,29
2025-02-02,wkday,14.4,In Session,6,0,0,,1.14262,1.00442,1.03799,1.02383,0.90619,0.97214,1.0,1.0054,1.0,1.0,1.0,1.07393,1.0,95.724,42.1,76.214,17.337,29.178,260.554,0.98945,251,0,,,94,32,76,18,31
2025-02-03,wkday,16.7,In Session,7,0,0,,1.14281,1.00415,1.03799,1.02334,0.8743,0.9963,1.0,1.00372,1.0,1.0,1.10504,1.0688,1.0,95.591,48.322,89.739,18.182,33.826,285.659,1.02007,293,0,,,108,47,85,23,30
2025-02-04,wkday,17.2,In Session,8,0,0,,1.14299,0.99534,1.03799,1.02286,0.89974,1.0022,1.0,1.0025,1.0,1.0,1.0,1.06983,1.0,90.165,41.601,83.747,17.992,30.783,264.288,0.95838,227,0,,,80,28,71,20,28
2025-02-05,wkday,17.5,In Session,9,0,0,,1.14318,1.00525,1.03799,1.02241,0.93591,1.00687,1.0,1.00173,1.0,1.0,1.0,1.06664,1.0,89.185,39.879,95.055,21.274,32.888,278.282,1.00198,282,0,,,88,37,98,23,36
2025-02-06,thu,16.8,In Session,10,0,0,,1.14337,1.01276,1.03799,1.02198,1.13434,1.00405,1.0,1.00128,1.0,1.0,1.0,1.05613,1.0,84.309,33.812,143.595,36.268,38.804,336.788,1.05579,356,0,,,84,31,166,47,28
2025-02-07,fri,17.7,In Session,11,0,0,,1.14355,1.01327,1.03799,1.02159,0.90865,1.02138,1.0,1.00102,1.0,1.0,1.0,1.02927,1.0,20.163,14.793,136.526,58.287,42.777,272.547,0.95712,272,0,,,16,11,149,62,34
2025-02-08,sat,18.1,In Session,12,0,0,,1.14374,1.02616,1.03799,1.02123,0.84754,1.02498,1.0,1.00065,1.0,1.0,1.0,1.03433,1.0,27.837,23.533,118.736,49.99,38.343,258.439,0.95234,213,0,,,18,11,111,39,34
2025-02-09,wkday,16.9,Exams,13,0,0,,1.14392,1.02621,1.03799,1.02091,0.90613,0.99878,1.01236,1.00033,1.0,1.0,1.0,1.072,1.0,97.413,47.057,82.349,17.457,30.769,275.045,1.00318,279,0,,,95,48,87,21,28
2025-02-10,wkday,19.3,Exams,14,0,0,,1.14411,1.02845,1.03799,1.02064,0.8754,1.02067,1.0133,1.00023,1.0,1.0,1.10634,1.06709,1.0,97.611,54.224,96.41,18.273,35.857,302.374,0.96154,277,0,,,103,42,88,15,29
2025-02-11,wkday,19.7,Exams,15,0,0,,1.1443,1.02108,1.03799,1.02041,0.90111,1.02421,1.01198,0.99758,1.0,1.0,1.0,1.0683,1.0,92.184,46.72,89.381,17.997,32.564,278.847,1.00263,268,0,,,92,46,77,19,34
2025-02-12,wkday,18.5,Exams,16,0,0,,1.14448,1.02333,1.03799,1.02023,0.9372,1.0168,1.01038,0.99483,1.0,1.0,1.0,1.06594,1.0,90.435,44.397,97.778,20.665,33.646,286.92,0.88644,269,1,,,108,33,81,19,28
2025-02-13,thu,18.6,Exams,17,0,0,,1.14467,1.02383,1.03799,1.0201,1.13287,1.0273,1.00445,0.99135,1.0,1.0,1.0,1.05543,1.0,84.846,37.336,149.033,35.357,39.82,346.392,0.92751,338,0,,,66,48,145,41,38
2025-02-14,fri,18.0,Exams,18,0,0,,1.14486,1.02649,1.03799,1.02002,0.89446,1.02595,0.99476,0.98629,1.0,1.0,1.0,1.02946,1.0,20.321,16.347,136.939,55.435,42.828,271.87,0.9273,253,0,,,17,21,118,49,48
2025-02-15,sat,16.9,Exams,19,0,0,,1.14504,1.02312,1.03799,1.02,0.83204,1.0051,0.99971,0.98369,1.0,1.0,1.0,1.03491,1.0,27.592,25.559,112.949,45.527,36.778,248.404,0.94976,267,0,,,32,24,117,40,54
2025-02-16,wkday,17.1,Exams,20,0,0,,1.14523,1.01285,1.03799,1.01994,0.90677,1.0008,1.01242,0.98501,1.0,1.0,1.0,1.07242,1.0,95.503,45.923,79.818,16.896,29.773,267.913,0.95815,250,1,,,87,41,76,14,32
2025-02-17,wkday,16.4,Exams,21,0,0,,1.14542,1.02137,1.03799,1.01977,0.87924,0.99309,1.01393,0.98228,1.0,1.0,1.10538,1.0691,1.0,96.198,53.155,87.641,16.904,33.122,287.02,0.92528,276,1,,,104,50,76,17,29
2025-02-18,wkday,16.5,Exams,22,0,0,,1.1456,1.03467,1.03799,1.01951,0.90427,0.99464,1.01261,0.97974,1.0,1.0,1.0,1.07047,1.0,92.696,46.73,82.63,16.946,30.552,269.554,0.89582,226,0,,,78,30,76,16,26
2025-02-19,wkday,17.3,Exams,23,0,0,,1.14579,1.02859,1.03799,1.01913,0.93772,1.00436,1.01069,0.97641,1.0,1.0,1.0,1.06715,1.0,90.187,44.04,93.243,19.849,32.305,279.625,0.99297,286,0,,,86,46,108,18,28
2025-02-20,thu,16.7,Exams,24,0,0,,1.14598,1.0342,1.03799,1.01867,1.12619,1.00237,1.00483,0.97112,1.0,1.0,1.0,1.05689,1.0,85.006,37.207,140.44,33.719,37.981,334.353,1.10415,359,1,,,80,49,162,35,33
2025-02-21,fri,17.1,Term Break,25,0,0,,1.14616,1.03878,1.03799,1.01811,0.98431,1.01347,1.00891,0.9612,1.0,1.0,1.02663,1.02875,1.0,18.959,6.94,144.21,63.391,41.555,275.055,0.99756,266,0,,,9,6,125,79,47
2025-02-22,holiday,17.2,Term Break,26,0,0,,1.14635,1.03007,1.03799,1.01746,0.93329,1.01698,1.0083,0.95835,1.0,1.12039,1.02671,1.03246,1.0,25.596,6.473,145.887,60.711,37.968,276.635,1.02831,286,0,,,22,2,154,68,40
2025-02-23,holiday,16.7,Term Break,27,0,0,,1.14654,1.02534,1.03799,1.01674,0.90718,1.00573,0.99833,0.9588,1.0,1.02201,1.02582,1.0337,1.0,25.464,7.514,125.457,54.67,35.688,248.793,1.01056,257,0,,,31,9,141,48,28
2025-02-24,wkday,16.6,Term Break,28,0,0,,1.14672,1.0203,1.03799,1.01594,0.85703,0.99557,0.90192,0.96779,1.0,1.0,1.1019,1.07129,1.0,88.633,21.461,89.52,19.544,32.47,251.626,1.08927,291,1,,,105,29,105,19,33
2025-02-25,wkday,16.4,Term Break,29,0,0,,1.14691,1.00449,1.03799,1.01508,0.88645,0.99369,0.90766,0.96787,1.0,1.0,1.0,1.07244,1.0,83.047,18.36,81.671,19.0,29.062,231.14,0.94531,229,0,,,79,25,77,22,26
2025-02-26,wkday,18.5,Term Break,30,0,0,,1.1471,1.00915,1.03799,1.01416,0.93114,1.02036,0.92125,0.96664,1.0,1.0,1.0,1.06741,1.0,81.704,17.51,96.135,23.03,31.805,250.184,1.01711,256,0,,,88,22,87,23,36
2025-02-27,thu,19.2,Term Break,0,0,0,,1.14728,1.00672,1.03799,1.0132,1.18382,1.03946,0.96228,1.0731,1.0,1.0,1.0,1.05235,1.0,79.596,15.713,169.022,45.32,43.37,353.022,1.10125,398,0,,,97,25,180,41,55
2025-02-28,fri,20.6,Term Break,1,0,0,,1.14747,0.9949,1.03799,1.01221,1.04283,1.06747,1.01691,1.0572,1.0,1.10964,1.0,1.02716,1.0,18.632,6.692,176.876,76.779,48.577,327.556,0.99901,299,0,,,21,6,162,71,39
2025-03-01,ramadan,20.5,Term Break,2,1,0,,1.14766,0.98932,0.99134,1.01119,1.03097,1.0582,1.00944,1.03847,0.95929,1.0,1.0,1.02556,1.0,12.586,5.411,133.378,43.832,47.096,242.303,0.96441,240,0,,,8,5,140,43,44
2025-03-02,ramadan,20.9,In Session,3,2,0,,1.14784,0.97371,0.99134,1.01017,0.92945,1.05074,1.0,1.02418,0.81205,1.0,1.0,1.03276,1.0,22.652,15.447,112.941,26.63,43.947,221.617,1.00482,250,0,,,32,14,118,29,57
2025-03-03,ramadan,19.0,In Session,4,3,0,,1.14803,0.993,0.99134,1.00913,0.91934,1.03011,1.0,1.01618,0.83375,1.0,1.0,1.03301,1.0,23.344,16.205,114.162,26.421,44.588,224.721,1.04884,224,0,,,17,14,120,28,45
2025-03-04,ramadan,18.1,In Session,5,4,0,,1.14821,0.99156,0.99134,1.00811,0.9364,1.01747,1.0,1.01085,0.86162,1.0,1.0,1.03303,1.0,24.016,16.651,117.802,27.685,45.442,231.595,1.05324,250,0,,,21,19,139,23,48
2025-03-05,ramadan,19.6,In Session,6,5,0,,1.1484,0.98765,0.99134,1.00711,0.96698,1.03953,1.0,1.00733,0.90783,1.0,1.0,1.03224,1.0,24.436,16.72,129.36,30.7,48.599,249.815,0.99941,239,0,,,24,11,133,25,46
2025-03-06,ramadan,18.9,In Session,7,6,0,,1.14859,0.9971,0.99134,1.00614,1.09413,1.03464,1.0,1.00499,0.98009,1.0,1.0,1.03069,1.0,24.758,16.211,157.148,39.188,53.376,290.682,1.0402,320,0,,,37,19,167,40,57
2025-03-07,ramadan,19.4,In Session,8,7,0,,1.14877,1.00197,0.99134,1.00521,1.05671,1.04318,1.0,1.00347,1.10269,1.0,1.0,1.02525,1.0,14.019,11.684,154.327,47.484,55.745,283.259,0.93897,259,0,,,13,10,138,44,54
2025-03-08,ramadan,21.0,In Session,9,8,0,,1.14896,1.01,0.99134,1.00433,1.01513,1.05852,1.0,1.0023,1.06196,1.0,1.0,1.02639,1.0,15.981,14.094,148.14,45.157,54.603,277.975,1.06749,305,0,,,22,15,154,55,59
2025-03-09,ramadan,20.9,In Session,10,9,0,,1.14915,1.00418,0.99134,1.00351,0.92966,1.0506,1.0,1.00147,0.91851,1.0,1.0,1.03303,1.0,26.202,17.779,128.381,30.269,49.953,252.584,1.11234,277,0,,,35,16,144,30,52
2025-03-10,ramadan,20.4,In Session,11,10,0,,1.14933,0.99061,0.99134,1.00276,0.91935,1.04608,1.0,1.00099,0.91834,1.0,1.0,1.03294,1.0,25.33,17.524,124.748,28.721,48.851,245.174,0.98063,220,0,,,29,17,113,28,33
2025-03-11,ramadan,20.6,In Session,12,11,0,,1.14952,1.00036,0.99134,1.00209,0.93626,1.04854,1.0,1.00066,0.92438,1.0,1.0,1.0327,1.0,25.563,17.684,129.191,30.044,49.876,252.359,0.88131,214,0,,,27,12,118,21,36
2025-03-12,ramadan,20.4,In Session,13,12,0,,1.14971,0.99574,0.99134,1.0015,0.96701,1.048,1.0,1.00045,0.93722,1.0,1.0,1.03221,1.0,25.228,17.236,134.112,31.744,50.52,258.84,0.9562,244,0,,,20,15,125,27,57
2025-03-13,ramadan,21.3,In Session,14,13,0,,1.14989,0.99031,0.99134,1.001,1.09465,1.05967,1.0,1.0003,0.98648,1.0,1.0,1.03042,1.0,24.455,15.997,158.881,39.327,54.493,293.153,0.95151,277,0,,,22,8,180,26,41
2025-03-14,ramadan,23.5,In Session,15,14,0,,1.15008,0.99017,0.99134,1.0006,1.05759,1.06547,1.0,0.99666,1.10751,1.0,1.0,1.02498,1.0,13.777,11.466,152.928,46.88,57.952,283.003,0.91418,273,0,,,14,11,149,34,65
2025-03-15,ramadan,23.3,In Session,16,15,0,,1.15027,0.98715,0.99134,1.0003,1.01487,1.06423,1.0,0.99313,1.06247,1.0,1.0,1.0263,1.0,15.529,13.668,142.665,43.512,54.519,269.894,1.1395,294,0,,,13,20,159,50,52
2025-03-16,ramadan,24.7,In Session,17,16,0,,1.15045,0.99207,0.99134,1.0001,0.93034,1.05125,1.0,0.99005,0.91729,1.0,1.0,1.0329,1.0,25.729,17.414,122.7,29.073,51.395,246.31,0.97792,244,0,,,21,16,115,29,63
2025-03-17,ramadan,21.4,In Session,18,17,0,,1.15064,0.99326,0.99134,1.00001,0.91949,1.05332,1.0,0.98667,0.91792,1.0,1.0,1.03299,1.0,25.235,17.403,123.711,28.429,48.852,243.63,0.96189,234,0,,,19,8,121,31,55
2025-03-18,ramadan,22.1,In Session,19,18,0,,1.15082,0.9855,0.99134,0.99999,0.93645,1.05687,1.0,0.98326,0.92377,1.0,1.0,1.03272,1.0,25.013,17.236,125.429,29.121,49.228,246.027,1.05933,270,0,,,27,16,136,37,54
2025-03-19,ramadan,22.9,In Session,20,19,0,,1.15101,0.97075,0.99134,0.99993,0.96719,1.05901,1.0,0.97979,0.93696,1.0,1.0,1.03217,1.0,24.415,16.604,128.376,30.341,49.928,249.665,0.9899,233,0,,,22,17,126,29,39
2025-03-20,ramadan,22.4,Term Break,21,20,0,,1.1512,0.9669,0.99134,0.99982,1.10262,1.0676,1.00143,0.97551,0.9719,1.0,1.0,1.02966,1.0,20.486,6.449,146.201,38.96,48.959,261.055,1.18644,308,0,,,24,7,177,39,61
2025-03-21,ramadan,23.2,Term Break,22,21,0,,1.15138,0.96997,0.99134,0.99966,1.07975,1.06954,1.01549,0.97121,1.07863,1.0,1.0,1.02459,1.0,11.582,4.639,141.427,46.656,51.181,255.487,1.10545,267,0,,,7,4,153,56,47
2025-03-22,ramadan,23.5,Term Break,23,22,0,,1.15157,0.96597,0.99134,0.99944,1.02889,1.0673,1.00808,0.96789,1.0429,1.0,1.0,1.0258,1.0,13.043,5.525,131.254,43.13,48.45,241.403,0.99511,251,0,,,14,3,129,50,55
2025-03-23,ramadan,23.5,Term Break,24,23,0,,1.15176,0.96016,0.99134,0.99918,0.92508,1.06095,0.98777,0.96565,0.91106,1.0,1.0,1.03222,1.0,21.371,6.962,113.503,28.843,44.267,214.947,1.08964,252,0,,,24,9,135,31,53
2025-03-24,ramadan,23.9,Term Break,25,24,0,,1.15194,0.96041,0.99134,0.99888,0.91439,1.05923,0.98686,0.96221,0.91182,1.0,1.0,1.03208,1.0,20.937,6.949,111.506,27.669,44.356,211.417,0.91012,186,0,,,22,8,103,21,32
2025-03-25,ramadan,23.8,Term Break,26,25,0,,1.15213,0.95898,0.99134,0.99853,0.93216,1.06018,0.988,0.95869,0.91627,1.0,1.0,1.03191,1.0,20.878,6.924,113.732,28.512,44.434,214.48,0.9523,232,0,,,17,10,122,29,54
2025-03-26,ramadan,22.7,Term Break,27,26,0,,1.15232,0.94466,0.99134,0.99815,0.96522,1.06338,0.99123,0.95852,0.92831,1.0,1.0,1.03145,1.0,20.396,6.681,118.087,30.048,43.987,219.199,0.89102,208,0,,,17,4,116,26,45
2025-03-27,ramadan,23.5,Term Break,0,27,0,,1.1525,0.94648,0.99134,0.99773,1.10353,1.06683,1.00333,1.08403,0.98824,1.0,1.0,1.02883,1.0,20.738,6.679,159.03,42.452,54.464,283.363,0.99506,295,0,,,18,8,167,53,49
2025-03-28,ramadan,26.1,Term Break,1,28,0,,1.15269,0.94334,0.99134,0.99729,1.08124,1.04748,1.01551,1.05786,1.08612,1.0,1.0,1.02405,1.0,11.558,4.713,143.767,48.005,56.64,264.683,1.03315,283,0,,,19,4,151,47,62
2025-03-29,ramadan,27.5,Term Break,2,29,0,,1.15288,0.93976,0.99134,0.99682,1.02864,1.02841,1.00707,1.03841,1.32895,1.0,1.0,1.02525,1.0,16.452,7.074,161.887,54.319,68.097,307.828,1.02008,309,0,,,19,2,149,47,92
2025-03-30,eid1,28.4,Term Break,3,0,1,,1.15306,0.95193,0.99134,0.99633,1.14844,1.01582,1.03882,1.02656,1.0,0.92467,1.0,1.0219,1.0,4.548,1.871,109.168,57.551,33.879,207.017,1.11328,244,0,,,8,1,121,70,44
2025-03-31,holiday,29.7,Term Break,4,0,2,,1.15325,0.95783,0.99134,0.99582,1.06581,0.99441,1.02246,1.01744,1.0,1.17774,1.0,1.02482,1.0,11.407,4.683,130.2,67.68,44.486,258.457,0.96548,258,0,,,4,7,138,62,47
2025-04-01,holiday,27.5,Term Break,5,0,3,,1.15343,0.95373,1.02402,0.99531,1.03629,1.02954,1.0202,1.01161,1.0,1.13779,1.0,1.02629,1.0,14.049,4.801,135.59,64.605,44.14,263.185,0.91318,240,0,,,10,6,120,60,44
2025-04-02,holiday,28.3,Term Break,6,0,4,,1.15362,0.95055,1.02402,0.99479,0.985,1.01651,1.01112,1.00767,1.0,1.01812,1.0,1.02859,1.0,16.31,5.251,115.976,53.456,40.258,231.252,1.02989,251,0,,,14,8,128,60,41
2025-04-03,thu,26.6,Term Break,7,0,5,,1.15381,0.9503,1.02402,0.99428,1.19687,1.03453,0.979,1.0046,1.0,0.86377,1.0,1.04883,1.0,53.516,8.316,124.45,35.574,38.933,260.789,1.00026,256,0,,,66,11,108,36,35
2025-04-04,fri,28.6,Term Break,8,0,6,,1.15399,0.9553,1.02402,0.99377,1.05057,1.0127,1.02112,1.00349,1.0,0.90308,1.0,1.02618,1.0,12.853,3.653,110.491,54.506,43.629,225.132,0.90456,196,0,,,18,2,76,54,46
2025-04-05,sat,28.0,Term Break,9,0,7,,1.15418,0.96241,1.02402,0.99328,0.94302,1.02079,1.00153,1.00228,1.0,0.89153,1.0,1.03048,1.0,17.645,5.778,96.186,46.689,38.306,204.605,1.00971,226,0,,,21,5,101,47,52
2025-04-06,wkday,28.1,In Session,10,0,0,,1.15437,0.96532,1.02402,0.99281,0.90436,1.01041,1.0,1.00111,1.0,1.0,1.0,1.07175,1.0,88.76,38.996,73.222,16.456,33.099,250.534,0.99784,264,0,,,109,32,67,25,31
2025-04-07,wkday,25.3,In Session,11,0,0,,1.15455,0.95294,1.02402,0.99236,0.87448,1.02801,1.0,1.00075,1.0,1.0,1.0,1.06997,1.0,83.412,38.475,75.167,15.582,31.404,244.041,1.09516,279,0,,,91,52,79,19,38
2025-04-08,wkday,25.5,In Session,12,0,0,,1.15474,0.94883,1.02402,0.99193,0.89905,1.02811,1.0,1.00051,1.0,1.0,1.0,1.06861,1.0,83.021,38.292,79.173,16.869,32.034,249.388,0.95108,270,0,,,88,42,82,26,32
2025-04-09,wkday,25.6,In Session,13,0,0,,1.15492,0.94248,1.02402,0.99154,0.93618,1.02991,1.0,1.00035,1.0,1.0,1.0,1.06562,1.0,80.791,36.121,87.682,19.512,33.58,257.686,1.05209,259,0,,,82,36,86,22,33
2025-04-10,thu,27.4,In Session,14,0,0,,1.15511,0.94667,1.02402,0.99119,1.13402,1.02124,1.0,1.00026,1.0,1.0,1.0,1.05543,1.0,76.163,30.545,128.989,32.616,40.987,309.3,1.00637,312,0,,,78,31,135,27,41
2025-04-11,fri,27.0,In Session,15,0,0,,1.1553,0.94691,1.02402,0.99088,0.90993,1.03417,1.0,0.99675,1.0,1.0,1.0,1.029,1.0,18.194,13.339,120.832,51.813,44.14,248.318,0.98903,243,0,,,23,9,124,47,40
2025-04-12,sat,27.7,In Session,16,0,0,,1.15548,0.95064,1.02402,0.99061,0.84424,1.02243,1.0,0.99354,1.0,1.0,1.0,1.03421,1.0,24.876,21.001,101.141,43.09,39.217,229.325,1.0816,237,0,,,27,21,110,48,31
2025-04-13,wkday,26.1,In Session,17,0,0,,1.15567,0.97182,1.02402,0.99038,0.90249,1.02373,1.0,0.99244,1.0,1.0,1.0,1.07148,1.0,88.899,38.958,76.3,16.91,31.959,253.026,0.96865,229,0,,,85,41,63,12,28
2025-04-14,wkday,26.3,In Session,18,0,0,,1.15586,0.98347,1.02402,0.99021,0.87608,1.0224,1.0,0.98984,1.0,1.0,1.0,1.07054,1.0,85.582,39.349,74.714,15.577,32.308,247.531,0.99697,266,1,,,93,41,83,18,31
2025-04-15,wkday,25.4,In Session,19,0,0,,1.15604,0.98488,1.02402,0.99009,0.89953,1.02846,1.0,0.98709,1.0,1.0,1.0,1.06902,1.0,85.611,39.333,80.68,17.181,32.535,255.34,0.92378,235,0,,,80,39,83,13,20
2025-04-16,wkday,26.4,In Session,20,0,0,,1.15623,0.98927,1.02402,0.99002,0.93668,1.02442,1.0,0.98407,1.0,1.0,1.0,1.0663,1.0,84.184,37.465,88.377,19.761,34.812,264.599,1.10891,267,0,,,97,47,83,16,24
2025-04-17,thu,29.4,In Session,21,0,0,,1.15642,0.98925,1.02402,0.99,1.12663,0.99927,1.0,0.97972,1.0,1.0,1.0,1.05658,1.0,78.951,31.493,124.498,31.97,42.835,309.747,0.86222,253,0,,,64,21,101,27,40
2025-04-18,fri,28.6,In Session,22,0,0,,1.1566,0.98226,1.02402,0.98996,0.89711,1.01174,1.0,0.9724,1.0,1.0,1.0,1.02924,1.0,18.727,13.657,117.128,50.828,45.566,245.906,0.91353,229,0,,,14,10,108,48,49
2025-04-19,sat,27.0,In Session,23,0,0,,1.15679,0.98274,1.02402,0.98987,0.84288,1.03103,1.0,0.97032,1.0,1.0,1.0,1.03443,1.0,25.522,21.432,103.619,43.922,39.102,233.597,0.92101,227,0,,,26,25,101,45,30
2025-04-20,wkday,26.5,In Session,24,0,0,,1.15697,0.97277,1.02402,0.98973,0.90396,1.02109,1.0,0.9746,1.0,1.0,1.0,1.07218,1.0,88.323,38.498,73.718,16.378,31.327,248.244,1.09969,294,1,,,113,47,85,11,38
2025-04-21,wkday,27.2,In Session,25,0,0,,1.15716,0.96725,1.02402,0.98954,0.89398,1.01471,1.0,0.97194,1.0,1.0,1.0,1.07123,0.76741,66.834,24.834,42.03,8.081,40.728,182.508,1.07063,187,0,Sandstorm,,68,28,39,10,42
2025-04-22,wkday,28.7,In Session,26,0,0,,1.15735,0.96627,1.02402,0.9893,0.90339,1.00616,1.0,0.96925,1.0,1.0,1.0,1.07051,1.0,83.356,38.091,71.234,15.516,32.524,240.72,0.94237,239,0,,,72,41,85,11,30
2025-04-23,wkday,27.5,In Session,27,0,0,,1.15753,0.963,1.02402,0.98902,0.93732,1.01599,1.0,0.96821,1.0,1.0,1.0,1.06712,1.0,81.402,36.059,81.861,18.443,33.618,251.383,1.11261,317,0,,,102,46,108,21,40
2025-04-24,thu,29.0,In Session,28,0,0,,1.15772,0.9616,1.02402,0.98869,1.12639,1.00357,1.0,0.96516,1.0,1.0,1.0,1.05683,1.0,76.294,30.317,119.933,30.7,40.61,297.852,1.03692,309,0,,,86,29,123,32,39
2025-04-25,fri,28.8,In Session,29,0,0,,1.15791,0.97315,1.02402,0.98832,0.89317,1.00889,1.0,0.9586,1.0,1.0,1.0,1.02938,1.0,18.459,13.42,113.582,49.366,44.542,239.369,1.01059,240,0,,,19,12,103,62,44
2025-04-26,sat,29.1,In Session,30,0,0,,1.15809,0.96621,1.02402,0.98792,0.83395,1.00448,1.0,0.96056,1.0,1.0,1.0,1.03474,1.0,24.986,20.933,95.277,41.033,39.065,221.295,1.15969,237,0,,,23,28,109,41,36
2025-04-27,wkday,29.9,In Session,0,0,0,,1.15828,0.97279,1.02402,0.98749,0.9035,0.9977,1.0,1.06029,1.0,1.0,1.0,1.07058,1.0,91.637,40.954,76.416,17.418,37.112,263.538,0.96548,232,0,,,74,32,76,16,34
2025-04-28,wkday,28.6,In Session,1,0,0,,1.15846,0.97276,1.02402,0.98702,0.87641,1.00705,1.0,1.04073,1.0,1.0,1.0,1.06967,1.0,86.488,40.359,75.038,15.906,35.467,253.259,1.07465,290,0,,,108,43,83,20,36
2025-04-29,wkday,29.6,In Session,2,0,0,,1.15865,0.9597,1.02402,0.98654,0.90192,0.9997,1.0,1.02755,1.0,1.0,1.0,1.06899,1.0,84.799,39.42,75.135,16.482,35.56,251.397,1.00594,256,0,,,80,56,70,14,36
2025-04-30,wkday,29.1,In Session,3,0,0,,1.15884,0.96259,1.02402,0.98604,0.9372,1.00326,1.0,1.01905,1.0,1.0,1.0,1.06612,1.0,82.996,37.304,84.229,19.211,36.864,260.604,0.97995,259,0,,,86,38,76,27,32
2025-05-01,thu,28.8,In Session,4,0,0,,1.15902,0.97663,1.05022,0.98554,1.13136,1.00584,1.0,1.01408,1.0,1.0,1.0,1.0556,1.0,80.828,32.532,133.623,34.149,44.883,326.015,1.01076,359,0,,,81,41,148,34,55
2025-05-02,fri,29.7,In Session,5,0,0,,1.15921,0.98575,1.05022,0.98502,0.89959,0.99641,1.0,1.01119,1.0,1.0,1.0,1.029,1.0,19.467,14.318,121.843,53.334,49.528,258.49,0.96001,236,0,,,14,17,111,44,50
2025-05-03,sat,30.9,In Session,6,0,0,,1.15939,0.97278,1.05022,0.98451,0.83538,0.98307,1.0,1.00713,1.0,1.0,1.0,1.03437,1.0,26.156,22.151,98.911,43.201,43.509,233.928,1.04384,245,0,,,32,22,109,45,37
2025-05-04,wkday,32.0,In Session,7,0,0,,1.15958,0.97602,1.05022,0.984,0.90888,0.98536,1.0,1.00364,1.0,1.0,1.0,1.07283,1.0,91.744,40.34,68.77,15.922,36.122,252.897,0.90266,239,0,,,78,36,68,14,43
2025-05-05,wkday,32.6,In Session,8,0,0,,1.15977,0.97768,1.05022,0.9835,0.88305,0.98298,1.0,1.00245,1.0,1.0,1.0,1.07184,1.0,87.447,40.359,66.224,14.463,36.386,244.878,0.99383,251,1,,,94,38,61,15,43
2025-05-06,wkday,35.2,In Session,9,0,0,,1.15995,0.98394,1.05022,0.98301,0.90724,0.97365,1.0,1.00165,1.0,1.0,1.0,1.07079,1.0,87.945,40.579,67.802,15.41,38.62,250.356,0.96136,234,0,,,72,29,74,20,39
2025-05-07,wkday,35.4,In Session,10,0,0,,1.16014,0.97971,1.05022,0.98255,0.93938,0.96998,1.0,1.00114,1.0,1.0,1.0,1.06787,1.0,85.768,38.357,75.189,17.852,40.599,257.765,0.9731,270,0,,,94,39,66,22,49
2025-05-08,thu,36.1,In Session,11,0,0,,1.16033,0.97608,1.05022,0.98211,1.11557,0.95425,1.0,1.00084,1.0,1.0,1.0,1.05736,1.0,80.183,32.163,113.396,30.312,48.33,304.384,0.99364,321,0,,,88,35,115,32,51
2025-05-09,fri,34.6,In Session,12,0,0,,1.16051,0.96831,1.05022,0.98171,0.87963,0.94898,1.0,1.00068,1.0,1.0,1.0,1.02907,1.0,19.015,13.953,106.535,48.153,51.124,238.78,0.96614,229,0,,,28,11,94,46,50
2025-05-10,sat,34.5,In Session,13,0,0,,1.1607,0.96299,1.05022,0.98134,0.82584,0.95472,1.0,1.00043,1.0,1.0,1.0,1.03457,1.0,25.779,21.799,90.339,40.347,44.666,222.931,1.09655,225,0,,,31,25,92,41,36
2025-05-11,wkday,33.4,In Session,14,0,0,,1.16088,0.97594,1.05022,0.98101,0.91034,0.97945,1.0,1.00022,1.0,1.0,1.0,1.0732,1.0,91.42,40.157,66.416,15.512,36.514,250.019,1.01206,243,0,,,100,44,53,13,33
2025-05-12,wkday,31.2,In Session,15,0,0,,1.16107,0.97629,1.05022,0.98072,0.89706,1.00112,1.0,0.99762,1.0,1.0,1.0,1.07072,0.7775,69.588,26.058,40.56,8.042,45.976,190.224,1.11314,214,0,Sandstorm,,80,32,39,10,53
2025-05-13,wkday,29.9,In Session,16,0,0,,1.16126,0.98098,1.05022,0.98048,0.90352,0.99758,1.0,0.995,1.0,1.0,1.0,1.07009,1.0,87.295,40.201,74.269,16.33,35.569,253.664,1.09901,274,1,,,82,52,83,17,40
2025-05-14,wkday,31.2,In Session,17,0,0,,1.16144,0.97731,1.05022,0.98028,0.93836,0.9877,1.0,0.99222,1.0,1.0,1.0,1.06753,1.0,85.128,37.974,79.734,18.484,37.86,259.18,0.93834,240,0,,,80,44,57,13,46
2025-05-15,thu,29.8,In Session,18,0,0,,1.16163,0.98869,1.05022,0.98014,1.12633,0.995,1.0,0.98847,1.0,1.0,1.0,1.05655,1.0,80.755,32.289,127.041,32.724,44.409,317.218,0.91726,305,0,,,82,31,105,35,52
2025-05-16,fri,31.2,In Session,19,0,0,,1.16182,0.9893,1.05022,0.98004,0.88691,0.97748,1.0,0.98284,1.0,1.0,1.0,1.02927,1.0,19.302,14.109,113.826,50.402,49.013,246.653,1.05551,273,0,,,16,17,136,51,53
2025-05-17,sat,31.2,In Session,20,0,0,,1.162,0.97855,1.05022,0.98,0.83021,0.97993,1.0,0.98037,1.0,1.0,1.0,1.03472,1.0,26.008,21.892,95.552,41.826,42.505,227.783,0.8913,199,0,,,29,16,82,35,37
2025-05-18,wkday,31.5,In Session,21,0,0,,1.16219,0.97267,1.05022,0.97999,0.90957,0.98806,1.0,0.98252,1.0,1.0,1.0,1.07344,1.0,90.391,39.495,66.998,15.457,34.574,246.915,0.98189,265,0,,,93,45,65,22,40
2025-05-19,wkday,30.4,In Session,22,0,0,,1.16237,0.98327,1.05022,0.97992,0.88179,0.99474,1.0,0.97987,1.0,1.0,1.0,1.0721,1.0,86.934,39.853,67.613,14.536,34.322,243.258,1.04029,247,0,,,84,42,81,10,30
2025-05-20,wkday,29.2,In Session,23,0,0,,1.16256,0.97719,1.05022,0.9798,0.92598,1.00255,1.0,0.97909,1.0,1.0,1.0,1.08315,0.76706,81.493,32.818,45.349,7.827,23.853,191.339,1.05847,214,0,Power outage 18:40-21:30,,86,48,53,7,20
2025-05-21,wkday,30.1,In Session,24,0,0,,1.16275,0.98599,1.05022,0.97963,0.93824,0.9954,1.0,0.97374,1.0,1.0,1.0,1.06781,1.0,85.236,37.821,80.505,18.506,36.662,258.731,0.92064,228,1,,,80,37,61,19,31
2025-05-22,thu,30.1,In Session,25,0,0,,1.16293,0.98634,1.05022,0.97941,1.12364,0.99187,1.0,0.96817,1.0,1.0,1.0,1.05716,1.0,79.948,31.798,122.43,31.609,43.308,309.093,0.94161,301,0,,,101,21,112,28,39
2025-05-23,fri,32.0,In Session,26,0,0,,1.16312,0.98094,1.05022,0.97915,0.87854,0.96878,1.0,0.95875,1.0,1.0,1.0,1.02948,1.0,18.989,13.808,107.859,48.028,47.801,236.485,1.05245,262,0,,,16,21,123,60,42
2025-05-24,sat,32.9,In Session,27,0,0,,1.1633,0.97858,1.05022,0.97884,0.82242,0.96462,1.0,0.96079,1.0,1.0,1.0,1.03504,1.0,25.827,21.642,89.961,39.831,42.445,219.706,1.07061,239,0,,,31,28,90,44,46
2025-05-25,wkday,32.1,In Session,28,0,0,,1.16349,0.98392,1.05022,0.97849,0.91094,0.98495,1.0,0.97005,1.0,1.0,1.0,1.07401,1.0,90.865,39.556,65.541,15.183,34.554,245.698,0.95417,223,0,,,76,32,72,14,29
2025-05-26,wkday,30.8,In Session,29,0,0,,1.16368,0.99193,1.05022,0.9781,0.88283,0.99218,1.0,0.96983,1.0,1.0,1.0,1.07255,1.0,87.217,39.869,66.418,14.321,34.243,242.068,0.98739,241,0,,,86,33,71,12,39
2025-05-27,wkday,29.7,In Session,0,0,0,,1.16386,0.99156,1.05022,0.97768,0.90077,0.99869,1.0,1.0613,1.0,1.0,1.0,1.06811,1.0,90.734,42.594,82.784,18.171,39.35,273.633,0.98094,287,1,,,86,47,81,20,53
2025-05-28,wkday,31.2,In Session,1,0,0,,1.16405,0.98186,1.05022,0.97723,0.93768,0.98712,1.0,1.04211,1.0,1.0,1.0,1.06611,1.0,87.254,39.488,85.782,19.882,40.75,273.156,1.03512,275,0,,,78,46,91,18,42
2025-05-29,thu,31.7,In Session,2,0,0,,1.16423,0.98597,1.05022,0.97676,1.12517,0.9763,1.0,1.03106,1.0,1.0,1.0,1.05608,1.0,81.738,33.059,127.465,33.3,47.899,323.461,0.92752,293,0,,,94,26,116,25,32
2025-05-30,fri,32.1,Term Break,3,0,0,,1.16442,0.981,1.05022,0.97627,0.97285,0.9648,1.00626,1.02539,1.0,1.0,1.0,1.02808,1.0,18.007,6.431,120.102,57.619,51.386,253.545,1.00939,254,0,,,12,8,113,61,60
2025-05-31,sat,31.4,Term Break,4,0,0,,1.16461,0.97693,1.05022,0.97576,0.88603,0.97472,0.9789,1.01641,1.0,1.0,1.0,1.03333,1.0,24.376,10.016,102.549,48.393,44.221,229.556,0.98072,218,0,,,23,13,89,47,46
2025-06-01,wkday,31.6,Term Break,5,0,0,,1.16479,0.96974,0.99045,0.97525,0.89197,0.98413,0.90578,1.00852,1.0,1.0,1.0,1.07363,1.0,79.683,16.992,67.699,16.825,33.747,214.946,1.08703,251,0,,,99,21,74,26,31
2025-06-02,wkday,30.8,Term Break,6,0,0,,1.16498,0.9667,0.99045,0.97473,0.86275,0.98965,0.90387,1.00575,1.0,1.0,1.0,1.07245,1.0,75.518,16.899,66.803,15.506,33.148,207.873,1.00356,205,0,,,86,12,56,18,33
2025-06-03,wkday,31.2,Term Break,7,0,0,,1.16516,0.97246,0.99045,0.97422,0.88945,0.98588,0.90715,1.0039,1.0,1.0,1.0,1.07102,1.0,75.864,16.971,70.479,16.845,34.161,214.32,1.1063,208,0,,,70,15,67,20,36
2025-06-04,wkday,31.3,Term Break,8,0,0,,1.16535,0.9767,0.99045,0.97371,0.93346,0.98332,0.91755,1.00269,1.0,1.0,1.0,1.06749,1.0,74.585,16.172,78.734,19.655,36.144,225.289,0.99392,212,0,,,67,11,80,19,35
2025-06-05,holiday,31.8,Term Break,9,0,0,0.0,1.16554,0.98068,0.99045,0.97322,0.83771,0.97443,0.96943,1.00218,1.0,0.76603,1.0,1.0355,1.0,20.612,7.514,70.818,26.797,37.223,162.964,1.01329,169,0,,,20,4,89,33,23
2025-06-06,eid1,31.1,Term Break,10,0,0,1.0,1.16572,0.9744,0.99045,0.97275,1.2811,0.97288,1.03994,1.00162,1.0,0.76474,1.0,1.02055,1.0,3.334,1.187,89.417,47.88,36.978,178.795,1.02958,208,0,,,5,1,111,56,35
2025-06-07,holiday,31.1,Term Break,11,0,0,2.0,1.16591,0.97615,0.99045,0.9723,1.04996,0.97185,1.01883,1.00106,1.0,1.09736,1.0,1.02533,1.0,11.378,4.668,114.311,60.497,42.75,233.604,0.9025,216,0,,,7,7,98,55,49
2025-06-08,holiday,34.4,Term Break,12,0,0,3.0,1.16609,0.97911,0.99045,0.97188,1.00853,0.94063,1.01366,1.0007,1.0,1.06026,1.0,1.02677,1.0,13.684,4.68,102.895,53.684,44.7,219.643,0.97977,239,0,,,10,3,133,55,38
2025-06-09,holiday,34.6,Term Break,13,0,0,4.0,1.16628,0.98735,0.99045,0.9715,0.95615,0.94334,1.00382,1.00046,1.0,0.95692,1.0,1.0291,1.0,16.085,5.19,89.871,45.325,43.016,199.487,1.04369,209,0,,,13,6,90,55,45
2025-06-10,wkday,37.5,Term Break,14,0,0,5.0,1.16647,0.96925,0.99045,0.97115,0.88951,0.96135,0.9025,1.00024,1.0,0.86378,1.0,1.06758,1.0,60.102,15.153,56.958,14.007,32.926,179.147,1.04652,196,0,,,67,15,72,9,33
2025-06-11,wkday,36.7,Term Break,15,0,0,6.0,1.16665,0.96727,0.99045,0.97084,0.93345,0.95734,0.91335,0.99738,1.0,0.86605,1.0,1.06428,1.0,58.662,14.336,63.594,16.288,34.173,187.054,0.99407,197,0,,,70,11,63,21,32
2025-06-12,thu,35.8,Term Break,16,0,0,7.0,1.16684,0.96403,0.99045,0.97058,1.16154,0.94327,0.95039,0.99405,1.0,0.87414,1.0,1.05303,1.0,54.775,12.008,97.082,27.84,39.778,231.483,1.02618,217,0,,,46,12,98,29,32
2025-06-13,fri,35.0,Term Break,17,0,0,,1.16702,0.95944,0.99045,0.97036,0.95684,0.93726,1.00358,0.98957,1.0,1.0,1.0,1.02825,1.0,16.261,5.798,100.389,48.788,47.157,218.393,0.89973,191,0,,,11,6,81,46,47
2025-06-14,sat,34.0,Term Break,18,0,0,,1.16721,0.95579,0.99045,0.97019,0.87457,0.9462,0.97537,0.98655,1.0,1.0,1.0,1.03372,1.0,22.043,9.059,85.985,41.099,40.67,198.856,1.01612,212,0,,,26,14,91,39,42
2025-06-15,wkday,34.2,Exams,19,0,0,,1.1674,0.94861,0.99045,0.97008,0.91468,0.97125,1.01322,0.98767,1.0,1.0,1.0,1.07296,1.0,82.152,39.885,58.032,12.874,32.983,225.927,0.93038,208,0,,,80,39,50,8,31
2025-06-16,wkday,33.9,Exams,20,0,0,,1.16758,0.96138,0.99045,0.97001,0.88873,0.97178,1.01389,0.98513,1.0,1.0,1.0,1.0718,1.0,79.113,40.349,57.351,11.929,33.176,221.918,0.94145,225,1,,,75,39,56,17,38
2025-06-17,wkday,33.1,Exams,21,0,0,,1.16777,0.95111,0.99045,0.97,0.91003,0.972,1.01327,0.9824,1.0,1.0,1.0,1.07047,1.0,78.083,39.848,60.803,12.919,33.09,224.742,0.91459,181,0,,,65,24,50,10,32
2025-06-18,wkday,33.3,Exams,22,0,0,,1.16795,0.93631,0.99045,0.96996,0.94072,0.96737,1.01159,0.9793,1.0,1.0,1.0,1.06773,1.0,75.139,37.2,66.287,14.707,34.304,227.638,1.05185,240,0,,,71,51,62,17,39
2025-06-19,thu,34.8,Exams,23,0,0,,1.16814,0.92145,0.99045,0.96986,1.10867,0.94734,1.00585,0.97438,1.0,1.0,1.0,1.05772,1.0,69.228,30.772,96.698,24.258,40.632,261.588,0.95896,250,0,,,78,23,90,24,35
2025-06-20,fri,34.3,Exams,24,0,0,,1.16833,0.93772,0.99045,0.96971,0.85886,0.93708,0.99608,0.96583,1.0,1.0,1.0,1.0294,1.0,16.797,13.674,91.711,39.001,44.491,205.675,0.96039,182,0,,,11,9,94,31,37
2025-06-21,sat,33.8,Exams,25,0,0,,1.16851,0.95364,0.99045,0.96952,0.81243,0.94408,1.00116,0.96432,1.0,1.0,1.0,1.03498,1.0,23.219,21.811,79.571,33.332,39.412,197.344,0.98133,198,0,,,20,18,82,39,39
2025-06-22,wkday,34.5,Exams,26,0,0,,1.1687,0.95699,0.99045,0.96927,0.91679,0.96317,1.01462,0.97022,1.0,1.0,1.06585,1.07146,1.0,83.832,44.804,59.305,12.68,35.8,236.422,0.95528,218,0,,,78,48,48,12,32
2025-06-23,wkday,36.9,Exams,27,0,0,,1.16888,0.95124,0.99045,0.96898,0.89289,0.95961,1.01531,0.97019,1.0,1.0,1.06225,1.07052,1.0,79.234,44.114,55.54,11.31,36.307,226.505,1.09012,222,0,,,58,48,55,10,51
2025-06-24,wkday,38.2,Exams,28,0,0,,1.16907,0.95334,0.99045,0.96865,0.91404,0.95517,1.0149,0.96979,1.0,1.0,1.06526,1.06889,1.0,78.886,44.627,59.396,12.198,37.432,232.539,1.01548,247,0,,,76,51,57,14,49
2025-06-25,wkday,39.2,Exams,29,0,0,,1.16926,0.94912,0.99045,0.96828,0.94272,0.95029,1.01304,0.96893,1.0,1.0,1.06499,1.0663,1.0,77.129,41.9,65.0,14.085,40.216,238.329,0.97715,224,0,,,67,54,53,10,40
2025-06-26,thu,39.0,Exams,0,0,0,,1.16944,0.95099,0.99045,0.96787,1.11149,0.92832,1.00617,1.06829,1.0,1.0,1.0512,1.0546,1.0,75.272,36.461,111.517,27.499,53.783,304.532,1.00568,329,0,,,76,35,123,36,59
2025-06-27,fri,37.5,Summer Vacation,1,0,0,,1.16963,0.95698,0.99045,0.96743,0.97804,0.9074,0.92364,1.0567,1.0,1.0,1.0,1.02741,1.0,15.234,2.661,97.52,39.339,51.963,206.717,1.04482,219,0,,,22,1,92,37,67
2025-06-28,sat,37.7,Summer Vacation,2,0,0,,1.16981,0.95412,0.99045,0.96697,0.88139,0.90935,0.88858,1.03672,1.0,1.0,1.0,1.03305,1.0,20.514,4.127,80.822,32.185,44.829,182.476,0.98583,183,0,,,19,7,80,19,58
2025-06-29,wkday,38.4,Summer Vacation,3,0,0,,1.17,0.94256,0.99045,0.96648,0.89708,0.93465,0.81003,1.01926,1.0,1.0,1.05497,1.07351,1.0,72.242,8.412,59.325,11.992,39.182,191.153,1.02342,180,0,,,75,6,66,3,30
2025-06-30,wkday,36.5,Summer Vacation,4,0,0,,1.17019,0.94413,0.99045,0.96598,0.87007,0.93352,0.80548,1.01294,1.0,1.0,1.05259,1.07312,1.0,68.842,8.412,56.976,10.852,38.12,183.202,0.95489,161,0,,,46,15,51,11,38
2025-07-01,wkday,35.2,Summer Vacation,5,0,0,,1.17037,0.93976,1.03464,0.96547,0.89517,0.92948,0.81012,1.00879,1.0,1.0,1.05598,1.0714,1.0,71.117,8.691,63.656,12.31,39.756,195.53,0.97314,212,0,,,71,10,75,10,46
2025-07-02,wkday,37.5,Summer Vacation,6,0,0,,1.17056,0.94509,1.03464,0.96496,0.94082,0.92027,0.82446,1.00605,1.0,1.0,1.05675,1.06763,1.0,69.69,8.131,69.554,14.069,43.284,204.728,0.99191,226,0,,,64,16,81,13,52
2025-07-03,thu,37.2,Summer Vacation,7,0,0,,1.17074,0.93696,1.03464,0.96444,1.16587,0.89902,0.86877,1.0044,1.0,1.0,1.04756,1.05596,1.0,64.659,6.499,103.41,23.707,49.639,247.915,1.08253,273,0,,,81,8,103,28,53
2025-07-04,fri,36.2,Summer Vacation,8,0,0,,1.17093,0.93797,1.03464,0.96393,0.96748,0.8861,0.92157,1.00345,1.0,1.0,1.0,1.02773,1.0,14.886,2.642,92.23,36.529,49.446,195.733,1.00215,189,0,,,10,1,98,34,46
2025-07-05,sat,36.0,Summer Vacation,9,0,0,,1.17112,0.94345,1.03464,0.96344,0.87615,0.88779,0.8858,1.00223,1.0,1.0,1.0,1.03336,1.0,20.311,4.173,78.639,30.692,43.592,177.408,1.07286,200,0,,,23,8,74,40,55
2025-07-06,wkday,36.3,Summer Vacation,10,0,0,,1.1713,0.94665,1.03464,0.96296,0.89868,0.91198,0.80548,1.00117,1.0,1.0,1.04893,1.07427,1.0,72.881,8.691,58.46,11.715,38.747,190.494,0.98142,184,0,,,68,6,57,10,43
2025-07-07,wkday,36.1,Summer Vacation,11,0,0,,1.17149,0.94789,1.03464,0.9625,0.87084,0.90964,0.80395,1.00079,1.0,1.0,1.05517,1.07271,1.0,69.119,8.629,57.624,10.636,39.03,185.037,1.00655,180,0,,,61,10,57,11,41
2025-07-08,wkday,36.6,Summer Vacation,12,0,0,,1.17167,0.94688,1.03464,0.96206,0.89698,0.9036,0.80631,1.00053,1.0,1.0,1.05032,1.07165,1.0,69.063,8.642,59.63,11.515,39.593,188.442,0.92406,155,0,,,57,7,61,7,23
2025-07-09,wkday,37.7,Summer Vacation,13,0,0,,1.17186,0.95389,1.03464,0.96166,0.94149,0.89549,0.81903,1.00037,1.0,1.0,1.05446,1.06757,1.0,67.791,8.313,66.747,13.322,42.866,199.038,0.94938,179,0,,,57,10,64,14,34
2025-07-10,thu,37.2,Summer Vacation,14,0,0,,1.17204,0.95009,1.03464,0.9613,1.16328,0.87444,0.86591,1.00027,1.0,1.0,1.04594,1.05577,1.0,63.223,6.597,99.184,22.461,50.731,242.196,0.98461,226,0,,,59,6,86,22,53
2025-07-11,fri,35.7,Summer Vacation,15,0,0,,1.17223,0.95014,1.03464,0.96097,0.9649,0.86066,0.92047,0.99669,1.0,1.0,1.0,1.02763,1.0,14.545,2.662,89.593,34.776,49.327,190.903,1.01342,217,0,,,18,4,100,48,47
2025-07-12,sat,37.7,Summer Vacation,16,0,0,,1.17242,0.94748,1.03464,0.96069,0.87271,0.85987,0.88354,0.99333,1.0,1.0,1.0,1.03315,1.0,19.666,4.163,74.174,28.541,44.177,170.721,1.03113,183,0,,,17,4,78,44,40
2025-07-13,wkday,38.3,Summer Vacation,17,0,0,,1.1726,0.93654,1.03464,0.96045,0.90054,0.88907,0.80367,0.99206,1.0,1.0,1.05831,1.07358,1.0,69.647,8.513,54.552,10.738,39.697,183.148,0.93466,169,0,,,65,6,49,9,40
2025-07-14,wkday,37.1,Summer Vacation,18,0,0,,1.17279,0.93654,1.03464,0.96026,0.87368,0.88737,0.7987,0.98934,1.0,1.0,1.0543,1.07295,1.0,66.152,8.541,52.57,9.725,38.641,175.629,0.92747,173,0,,,75,3,49,13,33
2025-07-15,wkday,37.9,Summer Vacation,19,0,0,,1.17297,0.94157,1.03464,0.96012,0.89885,0.88115,0.80406,0.98649,1.0,1.0,1.05323,1.07148,1.0,66.172,8.444,55.908,10.521,39.385,180.43,1.01477,190,0,,,70,6,63,11,40
2025-07-16,wkday,38.8,Summer Vacation,20,0,0,,1.17316,0.94047,1.03464,0.96003,0.94243,0.87464,0.81702,0.9833,1.0,1.0,1.05515,1.06729,1.0,64.06,8.021,61.926,12.16,42.136,188.304,1.01407,201,0,,,58,10,79,14,40
2025-07-17,thu,39.1,Summer Vacation,21,0,0,,1.17335,0.94699,1.03464,0.96,1.16008,0.85239,0.863,0.97892,1.0,1.0,1.0484,1.05601,1.0,60.878,6.511,92.862,20.676,49.897,230.824,1.02142,221,0,,,63,8,70,20,60
2025-07-18,fri,39.4,Summer Vacation,22,0,0,,1.17353,0.94941,1.03464,0.96002,0.95654,0.83798,0.91908,0.97183,1.0,1.0,1.0,1.02739,1.0,14.051,2.625,82.48,31.765,50.175,181.096,1.0485,188,0,,,14,3,78,37,56
2025-07-19,sat,40.0,Summer Vacation,23,0,0,,1.17372,0.95326,1.03464,0.96009,0.86809,0.84285,0.88143,0.96938,1.0,1.0,1.0,1.03309,1.0,19.174,4.135,69.957,26.609,44.484,164.359,1.03007,185,0,,,24,8,83,25,45
2025-07-20,wkday,40.1,Summer Vacation,24,0,0,,1.1739,0.948,1.03464,0.96022,0.90206,0.87384,0.80176,0.97325,1.0,1.0,1.05684,1.07377,1.0,68.332,8.447,52.665,10.12,39.321,178.884,1.07659,181,0,,,68,9,53,14,37
2025-07-21,wkday,38.7,Summer Vacation,25,0,0,,1.17409,0.95141,1.03464,0.96039,0.87536,0.87351,0.79652,0.97048,1.0,1.0,1.05784,1.073,1.0,65.399,8.574,51.13,9.241,38.836,173.179,1.12432,186,0,,,66,8,48,8,56
2025-07-22,wkday,37.7,Summer Vacation,26,0,0,,1.17427,0.94118,1.03464,0.96062,0.89969,0.8691,0.80061,0.96742,1.0,1.0,1.05686,1.07151,1.0,64.381,8.438,53.71,10.047,38.686,175.262,0.87707,151,0,,,59,8,41,13,30
2025-07-23,wkday,39.7,Summer Vacation,27,0,0,,1.17446,0.95282,1.03464,0.96089,0.94308,0.8655,0.81336,0.96665,1.0,1.0,1.05183,1.0681,1.0,64.077,8.121,59.645,11.709,41.754,185.306,0.9898,213,0,,,72,6,64,17,54
2025-07-24,thu,37.7,Summer Vacation,28,0,0,,1.17465,0.95769,1.03464,0.9612,1.15898,0.844,0.86174,0.96382,1.0,1.0,1.04974,1.05638,1.0,60.733,6.523,91.645,20.278,49.103,228.281,1.05608,270,0,,,78,6,105,32,49
2025-07-25,fri,37.5,Summer Vacation,29,0,0,,1.17483,0.97208,1.03464,0.96156,0.95342,0.83091,0.91823,0.95772,1.0,1.0,1.0,1.02761,1.0,14.246,2.674,83.334,31.836,49.579,181.669,0.99083,185,0,,,13,2,81,44,45
2025-07-26,sat,36.8,Summer Vacation,30,0,0,,1.17502,0.98151,1.03464,0.96195,0.86653,0.83783,0.88037,0.95917,1.0,1.0,1.0,1.03345,1.0,19.64,4.246,72.14,27.211,43.705,166.943,1.07572,168,0,,,24,3,69,31,41
2025-07-27,wkday,37.0,Summer Vacation,0,0,0,,1.1752,0.98308,1.03464,0.96237,0.89775,0.86985,0.80458,1.06387,1.0,1.0,1.05473,1.07158,1.0,74.304,9.403,61.854,12.054,44.465,202.079,1.04072,198,0,,,71,11,60,15,41
2025-07-28,wkday,36.6,Summer Vacation,1,0,0,,1.17539,0.97766,1.03464,0.96283,0.87107,0.87244,0.8022,1.04314,1.0,1.0,1.05273,1.07088,1.0,69.452,9.11,59.088,10.708,42.661,191.019,0.9896,175,0,,,62,7,52,5,49
2025-07-29,wkday,37.0,Summer Vacation,2,0,0,,1.17557,0.99953,1.03464,0.9633,0.89741,0.87223,0.80521,1.02926,1.0,1.0,1.05838,1.06958,1.0,70.959,9.337,62.993,11.747,44.748,199.784,1.04855,222,0,,,77,14,67,13,51
2025-07-30,wkday,38.4,Summer Vacation,3,0,0,,1.17576,0.99296,1.03464,0.96379,0.94226,0.86905,0.81768,1.02009,1.0,1.0,1.05517,1.06658,1.0,69.22,8.771,68.754,13.345,46.241,206.331,0.97422,223,0,,,74,5,75,15,54
2025-07-31,thu,38.2,Summer Vacation,4,0,0,,1.17595,0.99667,1.03464,0.9643,1.16337,0.85167,0.86457,1.01461,1.0,1.0,1.04805,1.05512,1.0,65.264,7.054,103.217,23.005,54.739,253.28,0.90972,245,0,,,63,5,101,22,54
2025-08-01,fri,38.0,Summer Vacation,5,0,0,,1.17613,0.99867,0.94874,0.96481,0.96489,0.84172,0.92022,1.01144,1.0,1.0,1.0,1.02724,1.0,13.909,2.605,84.734,32.69,50.025,183.963,0.89062,169,0,,,14,2,78,26,49
2025-08-02,sat,34.3,Summer Vacation,6,0,0,,1.17632,0.98541,0.94874,0.96533,0.87725,0.85738,0.88394,1.00742,1.0,1.0,1.0,1.0331,1.0,18.771,4.034,73.91,27.917,41.375,166.007,1.03313,167,0,,,23,2,79,21,42
2025-08-03,wkday,34.2,Summer Vacation,7,0,0,,1.1765,0.99136,0.94874,0.96584,0.89174,0.89055,0.80094,1.00404,1.0,1.0,1.05394,0.96104,1.0,54.672,7.891,51.913,10.062,36.958,161.496,1.01277,179,0,,Road works start (drive-thru access reduced),61,11,56,11,40
2025-08-04,wkday,36.1,Summer Vacation,8,0,0,,1.17669,0.98252,0.94874,0.96635,0.86652,0.89194,0.79965,1.00272,1.0,1.0,1.05434,0.96158,1.0,51.865,7.707,49.437,9.081,37.209,155.299,0.89614,136,0,,,44,7,43,6,36
2025-08-05,wkday,38.4,Summer Vacation,9,0,0,,1.17687,0.98998,0.94874,0.96683,0.8933,0.8931,0.8044,1.00184,1.0,1.0,1.05854,0.9618,1.0,52.591,7.807,52.488,10.061,39.572,162.519,0.92779,147,0,,,47,7,41,8,44
2025-08-06,wkday,35.6,Summer Vacation,10,0,0,,1.17706,0.98354,0.94874,0.9673,0.94006,0.89218,0.8183,1.00126,1.0,1.0,1.0584,0.96151,1.0,51.574,7.388,59.714,11.793,40.194,170.663,1.00731,169,0,,,47,10,74,8,30
2025-08-07,thu,34.4,Summer Vacation,11,0,0,,1.17725,0.99016,0.94874,0.96775,1.17819,0.88175,0.86741,1.00091,1.0,1.0,1.04628,0.96101,1.0,48.863,5.966,92.345,20.561,46.922,214.657,1.08528,274,0,,,68,9,98,23,76
2025-08-08,fri,34.9,Summer Vacation,12,0,0,,1.17743,0.99814,0.94874,0.96816,1.00773,0.87413,0.9228,1.0007,1.0,1.0,1.0,0.96384,1.0,11.461,2.418,83.242,32.384,47.815,177.32,0.9985,173,0,,,15,1,91,37,29
2025-08-09,sat,36.6,Summer Vacation,13,0,0,,1.17762,0.9969,0.94874,0.96855,0.90619,0.8785,0.88688,1.00046,1.0,1.0,1.0,0.9637,1.0,15.689,3.797,69.952,27.135,42.928,159.501,1.01876,171,0,,,12,4,74,29,52
2025-08-10,wkday,38.6,Summer Vacation,14,0,0,,1.1778,0.99912,0.94874,0.96889,0.89241,0.91158,0.8053,1.00025,1.0,1.0,1.05847,0.96137,1.0,57.063,7.882,52.427,10.498,39.532,167.402,0.97784,159,0,,,53,8,47,4,47
2025-08-11,wkday,36.3,Summer Vacation,15,0,0,,1.17799,1.00878,0.94874,0.96919,0.86556,0.91509,0.80156,0.99739,1.0,1.0,1.05479,0.96128,1.0,54.987,7.974,52.597,9.788,38.172,163.519,0.93639,156,0,,,49,5,49,11,42
2025-08-12,wkday,37.6,Summer Vacation,16,0,0,,1.17817,0.98877,0.94874,0.96945,0.89263,0.91688,0.80707,0.9945,1.0,1.0,1.05409,0.96147,1.0,54.025,7.747,53.962,10.437,39.128,165.299,0.99829,154,0,,,46,8,48,9,43
2025-08-13,wkday,38.6,Summer Vacation,17,0,0,,1.17836,0.983,0.94874,0.96966,0.93991,0.9154,0.82025,0.99144,1.0,1.0,1.05808,0.96152,1.0,52.75,7.399,60.706,12.123,41.042,174.02,0.9089,172,0,,,48,12,55,14,43
2025-08-14,thu,38.3,Summer Vacation,18,0,0,,1.17855,0.97924,0.94874,0.96982,1.17414,0.90127,0.86826,0.98768,1.0,1.0,1.04459,0.96124,1.0,49.911,5.854,89.811,20.719,48.049,214.344,0.93144,193,0,,,43,3,87,20,40
2025-08-15,fri,38.2,Summer Vacation,19,0,0,,1.17873,0.97393,0.94874,0.96993,1.00311,0.89492,0.92312,0.98227,1.0,1.0,1.0,0.96403,1.0,11.507,2.344,80.547,32.205,47.768,174.371,1.0381,171,0,,,19,1,67,33,51
2025-08-16,sat,36.5,Summer Vacation,20,0,0,,1.17892,0.96998,0.94874,0.96999,0.90428,0.9041,0.88774,0.97934,1.0,1.0,1.0,0.96329,1.0,15.677,3.662,69.215,27.315,40.866,156.735,0.98069,139,0,,,14,1,66,22,36
2025-08-17,wkday,36.6,Summer Vacation,21,0,0,,1.1791,0.97342,0.94874,0.97001,0.89201,0.93392,0.80534,0.98068,1.0,1.0,1.05497,0.96073,1.0,56.856,7.664,52.181,10.528,36.513,163.741,0.94932,172,0,,,64,5,53,8,42
2025-08-18,wkday,36.6,Summer Vacation,22,0,0,,1.17929,1.00084,0.94874,0.97016,0.865,0.93796,0.80375,0.97775,1.0,1.0,1.05565,0.96109,1.0,55.467,7.81,52.624,10.001,37.566,163.468,0.92436,139,0,,,46,9,42,3,39
2025-08-19,wkday,35.2,Summer Vacation,23,0,0,,1.17947,0.99331,0.94874,0.97047,0.8913,0.93952,0.80809,0.97474,1.0,1.0,1.05488,0.96068,1.0,55.537,7.748,56.431,10.891,36.879,167.486,0.98227,177,0,,,71,5,53,15,33
2025-08-20,wkday,35.2,Summer Vacation,24,0,0,,1.17966,0.9972,0.94874,0.97092,0.9389,0.9385,0.82275,0.9712,1.0,1.0,1.05832,0.96078,1.0,54.671,7.356,63.739,12.836,39.203,177.804,0.98548,191,0,,,66,6,66,14,39
2025-08-21,thu,34.9,Summer Vacation,25,0,0,,1.17984,0.99271,0.94874,0.97153,1.17709,0.92791,0.87071,0.96593,1.0,1.0,1.04782,0.96046,1.0,51.762,5.798,94.863,22.093,45.752,220.268,0.99822,236,0,,,50,7,102,21,56
2025-08-22,fri,34.7,Summer Vacation,26,0,0,,1.18003,1.00208,0.94874,0.97229,1.0031,0.92305,0.92331,0.95733,1.0,1.0,1.0,0.96309,1.0,12.085,2.388,86.014,34.499,45.992,180.977,0.88658,136,0,,,14,1,65,23,33
2025-08-23,sat,35.0,Summer Vacation,27,0,0,,1.18022,1.00519,0.94874,0.97317,0.90333,0.92814,0.88844,0.95861,1.0,1.0,1.0,0.96272,1.0,16.594,3.768,73.526,29.233,40.794,163.915,1.03742,186,0,,,24,0,87,21,54
2025-08-24,wkday,35.8,In Session,28,0,0,,1.1804,0.99734,0.94874,0.97419,0.91136,0.96067,1.0,0.96934,1.0,1.0,1.09916,0.95847,1.0,67.479,45.574,54.62,12.335,36.612,216.62,0.99639,218,0,,,78,38,58,11,33
2025-08-25,wkday,35.7,In Session,29,0,0,,1.18059,0.99548,0.94874,0.97532,0.88758,0.96336,1.0,0.96923,1.0,1.0,1.10543,0.95872,1.0,64.7,45.532,53.705,11.438,36.793,212.167,1.0395,219,0,,,66,52,55,7,39
2025-08-26,wkday,35.1,In Session,30,0,0,,1.18077,0.99689,0.94874,0.97655,0.90934,0.96408,1.0,0.96892,1.0,1.0,1.10215,0.95864,1.0,65.246,45.675,57.215,12.6,37.395,218.131,0.8698,184,0,,,48,44,50,12,30
2025-08-27,wkday,33.5,In Session,0,0,0,,1.18096,1.00158,0.94874,0.97787,0.9381,0.96482,1.0,1.06397,1.0,1.0,1.10052,0.95886,1.0,66.906,47.639,76.221,17.193,43.649,251.608,1.08667,272,0,,,80,44,84,15,49
2025-08-28,thu,31.5,In Session,1,0,0,,1.18114,1.01316,0.94874,0.97927,1.12534,0.96767,1.0,1.04723,1.0,1.0,1.06711,0.95867,1.0,63.501,37.007,117.514,29.755,49.412,297.189,1.04179,311,0,,,68,40,128,33,42
2025-08-29,fri,32.5,In Session,2,0,0,,1.18133,1.01552,0.94874,0.98073,0.91023,0.95427,1.0,1.03719,1.0,1.0,1.01026,0.96152,1.0,14.644,15.047,101.387,45.007,49.868,225.952,1.0226,220,0,,,14,19,107,35,45
2025-08-30,sat,35.2,In Session,3,0,0,,1.18151,1.01613,0.94874,0.98223,0.84689,0.94483,1.0,1.02369,1.0,1.0,1.01767,0.96129,1.0,19.966,23.545,81.927,36.49,44.925,206.853,0.89386,201,0,,,18,34,73,38,38
2025-08-31,wkday,34.0,In Session,4,0,0,,1.1817,1.02234,0.94874,0.98376,0.90755,0.97201,1.0,1.0124,1.0,1.0,1.10316,0.95832,1.0,72.228,49.488,63.261,14.223,39.325,238.526,0.99077,218,0,,,72,35,62,17,32
2025-09-01,wkday,35.4,In Session,5,0,0,,1.18189,1.01949,0.9725,0.98531,0.88339,0.97002,1.0,1.00831,1.0,1.0,1.03126,0.95851,1.0,68.555,43.853,58.0,12.792,37.474,220.673,1.04893,213,0,,,67,34,66,12,34
2025-09-02,wkday,35.3,In Session,6,0,0,,1.18207,1.01995,0.9725,0.98685,0.9059,0.96921,1.0,1.00563,1.0,1.0,1.03045,0.95848,1.0,68.698,43.861,61.666,13.967,38.19,226.381,0.97012,202,0,,,58,43,50,13,38
2025-09-03,wkday,33.8,In Session,7,0,0,,1.18226,1.02782,0.9725,0.98838,0.93794,0.97047,1.0,1.00389,1.0,1.0,1.02774,0.95848,1.0,67.97,42.004,70.951,16.668,39.784,237.378,1.07214,249,0,,,73,47,71,20,38
2025-09-04,thu,32.9,In Session,8,0,0,,1.18244,1.02816,0.9725,0.98986,1.1206,0.96411,1.0,1.00286,1.0,1.0,1.01931,0.95849,1.0,63.958,35.411,110.181,28.937,46.64,285.125,1.02981,308,0,,Road works end,75,34,116,30,53
2025-09-05,fri,35.3,In Session,9,0,0,,1.18263,1.01836,0.9725,0.9913,0.86443,0.94208,1.0,1.00224,1.0,1.0,1.01059,1.02904,1.0,18.974,16.516,105.396,47.658,51.771,240.316,1.03761,242,0,,,25,24,97,47,49
2025-09-06,sat,34.0,In Session,10,0,0,,1.18281,1.02167,0.9725,0.99267,0.81942,0.95453,1.0,1.00142,1.0,1.0,1.01761,1.03444,1.0,26.009,26.068,91.846,40.832,45.004,229.758,1.04006,209,0,,,21,21,104,28,35
2025-09-07,wkday,32.4,In Session,11,0,0,,1.183,1.01711,0.9725,0.99396,0.90956,0.98073,1.0,1.00073,1.0,1.0,1.0,1.07305,1.0,90.796,40.034,67.241,15.581,35.951,249.603,1.01981,267,0,,,103,48,64,14,38
2025-09-08,wkday,33.5,In Session,12,0,0,,1.18318,1.00817,0.9725,0.99515,0.88409,0.97728,1.0,1.00049,1.0,1.0,1.0,1.07208,1.0,85.864,39.729,63.778,13.982,36.175,239.528,0.93043,244,0,,,103,32,48,17,44
2025-09-09,wkday,31.6,In Session,13,0,0,,1.18337,0.99948,0.9725,0.99623,0.905,0.98487,1.0,1.00034,1.0,1.0,1.0,1.07041,1.0,85.263,39.43,69.918,15.552,35.813,245.977,0.96527,244,1,,,84,42,65,16,37
2025-09-10,wkday,32.7,In Session,14,0,0,,1.18356,0.99393,0.9725,0.9972,0.93878,0.97735,1.0,1.00023,1.0,1.0,1.0,1.06767,1.0,83.216,37.29,76.011,17.782,38.123,252.422,1.03306,259,0,,,94,36,76,12,41
2025-09-11,thu,32.6,In Session,15,0,0,,1.18374,0.99052,0.9725,0.99803,1.12023,0.96847,1.0,0.9973,1.0,1.0,1.0,1.05713,1.0,77.866,31.265,115.563,30.351,44.855,299.9,0.94812,274,0,,,70,23,109,24,48
2025-09-12,fri,33.8,In Session,16,0,0,,1.18393,0.9839,0.9725,0.99873,0.87984,0.95233,1.0,0.99327,1.0,1.0,1.0,1.02923,1.0,18.496,13.573,104.278,46.908,49.028,232.282,1.09068,267,0,,,14,12,122,60,59
2025-09-13,sat,34.0,In Session,17,0,0,,1.18411,0.99469,0.9725,0.99928,0.82497,0.95627,1.0,0.99029,1.0,1.0,1.0,1.03477,1.0,25.493,21.536,89.261,39.74,43.591,219.621,1.03033,215,0,,,24,21,92,44,34
2025-09-14,wkday,34.3,In Session,18,0,0,,1.1843,0.99615,0.9725,0.99968,0.91162,0.97599,1.0,0.9901,1.0,1.0,1.0,1.07371,1.0,89.325,39.161,63.256,14.834,35.735,242.312,0.99612,233,1,,,85,47,56,21,24
2025-09-15,wkday,33.3,In Session,19,0,0,,1.18448,0.99593,0.9725,0.99992,0.8845,0.9797,1.0,0.98754,1.0,1.0,1.0,1.07251,1.0,85.005,39.094,62.52,13.705,35.158,235.482,0.98948,256,1,,,95,46,70,10,35
2025-09-16,wkday,34.6,In Session,20,0,0,,1.18467,0.99933,0.9725,1.0,0.90767,0.97455,1.0,0.98487,1.0,1.0,1.0,1.07138,1.0,85.232,39.162,65.062,14.743,36.526,240.725,0.9888,220,1,,,82,35,58,18,27
2025-09-17,wkday,33.9,In Session,21,0,0,,1.18485,0.982,0.9725,1.00003,0.93934,0.97375,1.0,0.9818,1.0,1.0,1.0,1.06844,1.0,82.012,36.496,71.958,16.964,37.375,244.804,1.00691,264,0,,,104,37,69,21,33
2025-09-18,thu,33.5,In Session,22,0,0,,1.18504,0.9928,0.9725,1.0001,1.1168,0.96413,1.0,0.97706,1.0,1.0,1.0,1.05782,1.0,77.775,31.02,111.393,29.433,44.41,294.03,1.15585,344,0,,,88,35,134,38,49
2025-09-19,fri,34.1,In Session,23,0,0,,1.18522,0.99836,0.9725,1.00023,0.87416,0.95155,1.0,0.96912,1.0,1.0,1.0,1.02944,1.0,18.688,13.625,102.909,46.39,48.736,230.349,1.02032,262,0,,,18,18,114,62,50
2025-09-20,sat,31.5,In Session,24,0,0,,1.18541,1.01224,0.9725,1.00042,0.82714,0.97665,1.0,0.96727,1.0,1.0,1.0,1.03497,1.0,25.82,21.674,93.17,40.862,41.913,223.44,0.98276,217,0,,,23,16,95,40,43
2025-09-21,wkday,31.6,In Session,25,0,0,,1.18559,1.02846,0.9725,1.00065,0.90747,0.98676,1.0,0.97217,1.0,1.0,1.0451,1.07144,1.0,91.755,43.176,72.481,16.421,36.503,260.335,1.051,252,0,,,92,36,64,17,43
2025-09-22,wkday,30.8,In Session,26,0,0,,1.18578,1.03308,0.9725,1.00092,0.87521,0.99016,1.0,0.96891,1.0,1.0388,1.0469,1.0684,1.0,87.721,43.306,80.808,16.49,36.16,264.485,1.05348,288,1,,,96,52,93,16,31
2025-09-23,holiday,28.8,In Session,27,0,0,,1.18597,1.03284,0.9725,1.00124,0.90931,1.00777,1.0,0.9589,1.0,1.15722,1.0632,1.03208,1.0,26.324,14.295,142.067,57.593,47.351,287.629,0.8708,233,0,,,26,9,115,43,40
2025-09-24,wkday,30.2,In Session,28,0,0,,1.18615,1.02957,0.9725,1.0016,0.93766,0.99427,1.0,0.96812,1.0,1.0,1.04787,1.0658,1.0,85.766,41.042,86.782,19.593,38.572,271.755,1.00315,280,0,,,93,46,79,23,39
2025-09-25,thu,28.7,In Session,0,0,0,,1.18634,1.04608,0.9725,1.002,1.13621,1.00694,1.0,1.06976,1.0,1.0,1.0,1.05446,1.0,85.214,34.779,148.048,37.8,49.531,355.372,0.89091,311,0,,,71,25,140,37,38
2025-09-26,fri,28.0,In Session,1,0,0,,1.18652,1.03622,0.9725,1.00243,0.91651,1.0203,1.0,1.05556,1.0,1.0,1.0,1.02876,1.0,20.022,14.867,135.381,58.466,51.42,280.156,1.07773,306,0,,,21,16,161,55,53
2025-09-27,sat,28.2,In Session,2,0,0,,1.18671,1.03506,0.9725,1.00288,0.84888,1.01605,1.0,1.0355,1.0,1.0,1.0,1.03396,1.0,27.13,23.125,112.515,48.109,44.499,255.378,1.09505,272,0,,,26,27,113,44,62
2025-09-28,wkday,30.7,In Session,3,0,0,,1.18689,1.04332,0.9725,1.00336,0.90666,0.99251,1.0,1.01811,1.0,1.0,1.0,1.07217,1.0,95.397,42.131,74.826,17.159,37.482,266.996,0.95676,259,1,,,96,42,71,14,36
2025-09-29,wkday,30.8,In Session,4,0,0,,1.18708,1.04596,0.9725,1.00385,0.8806,0.9922,1.0,1.01218,1.0,1.0,1.0,1.07125,1.0,90.902,42.079,72.418,15.616,37.323,258.338,0.93848,269,0,,,106,46,78,11,28
2025-09-30,wkday,30.9,In Session,5,0,0,,1.18726,1.053,0.9725,1.00436,0.90395,0.99093,1.0,1.00826,1.0,1.0,1.0,1.07004,1.0,91.411,42.264,76.868,17.032,38.259,265.834,0.99435,270,0,,,89,45,76,19,41
2025-10-01,wkday,30.6,In Session,6,0,0,,1.18745,1.05255,0.97486,1.00488,0.93795,0.99173,1.0,1.00571,1.0,1.0,1.0,1.06706,1.0,89.715,40.178,86.44,19.947,40.127,276.407,1.11027,297,0,,,93,45,85,15,59
2025-10-02,thu,30.9,In Session,7,0,0,,1.18763,1.05771,0.97486,1.00539,1.12484,0.984,1.0,1.00421,1.0,1.0,1.0,1.05657,1.0,84.624,33.977,131.338,34.118,47.899,331.955,1.05698,333,0,,,87,42,133,24,47
2025-10-03,fri,33.3,In Session,8,0,0,,1.18782,1.05803,0.97486,1.0059,0.88347,0.95725,1.0,1.00336,1.0,1.0,1.0,1.02917,1.0,20.245,14.866,116.05,52.101,53.657,256.918,1.10429,291,0,,,26,19,141,52,53
2025-10-04,sat,31.8,In Session,9,0,0,,1.188,1.05596,0.97486,1.00641,0.83194,0.97392,1.0,1.00215,1.0,1.0,1.0,1.03458,1.0,27.561,23.316,101.649,44.683,46.202,243.412,1.07548,244,0,,,25,23,102,47,47
2025-10-05,wkday,32.9,In Session,10,0,0,,1.18819,1.06111,0.97486,1.00689,0.90987,0.98132,1.0,1.0011,1.0,1.0,1.0,1.07319,1.0,96.973,42.61,71.172,16.573,38.521,265.848,1.00603,277,0,,,98,46,68,21,44
2025-10-06,wkday,33.5,In Session,11,0,0,,1.18837,1.05673,0.97486,1.00736,0.88394,0.97956,1.0,1.00074,1.0,1.0,1.0,1.07212,1.0,92.016,42.449,68.4,15.018,38.658,256.54,0.91919,248,1,,,91,42,66,14,35
2025-10-07,wkday,32.1,In Session,12,0,0,,1.18856,1.0592,0.97486,1.0078,0.90532,0.98422,1.0,1.0005,1.0,1.0,1.0,1.07055,1.0,92.275,42.565,74.878,16.734,38.916,265.369,1.01738,254,0,,,102,30,76,14,32
2025-10-08,wkday,29.8,In Session,13,0,0,,1.18875,1.06044,0.97486,1.00821,0.93773,0.9977,1.0,1.00035,1.0,1.0,1.0,1.06699,1.0,90.58,40.502,88.611,20.321,39.873,279.887,1.0709,291,0,,,98,34,90,21,48
2025-10-09,thu,30.0,In Session,14,0,0,,1.18893,1.06375,0.97486,1.00859,1.12684,0.99292,1.0,1.00026,1.0,1.0,1.0,1.05641,1.0,85.341,34.229,135.014,34.83,47.563,336.979,0.99563,346,0,,,85,42,137,32,50
2025-10-10,fri,28.9,In Session,15,0,0,,1.18912,1.06024,0.97486,1.00893,0.90064,1.00751,1.0,0.99676,1.0,1.0,1.0,1.0292,1.0,20.327,14.904,128.546,55.907,50.606,270.29,0.97407,272,0,,,14,17,127,68,46
2025-10-11,sat,27.4,In Session,16,0,0,,1.1893,1.07392,0.97486,1.00923,0.84526,1.0262,1.0,0.99354,1.0,1.0,1.0,1.03434,1.0,28.057,23.689,114.958,48.861,44.048,259.613,0.95082,230,0,,,24,14,104,48,40
2025-10-12,wkday,26.5,In Session,17,0,0,,1.18949,1.0778,0.97486,1.00948,0.90292,1.02128,1.0,0.99245,1.0,1.0,1.0,1.07174,1.0,98.48,43.161,83.783,18.612,35.6,279.636,0.9892,295,0,,,97,42,99,21,36
2025-10-13,wkday,24.8,In Session,18,0,0,,1.18967,1.07588,0.97486,1.00968,0.8746,1.03006,1.0,0.98981,1.0,1.0,1.0,1.0704,1.0,93.55,43.017,84.086,17.386,34.577,272.616,0.99013,285,0,,,101,37,89,24,34
2025-10-14,wkday,22.4,In Session,19,0,0,,1.18986,1.07819,0.97486,1.00984,0.89813,1.03561,1.0,0.98705,1.0,1.0,1.0,1.06899,1.0,93.673,43.041,91.279,19.257,34.09,281.34,1.09205,313,0,,,93,57,111,15,37
2025-10-15,wkday,24.9,In Session,20,0,0,,1.19004,1.08437,0.97486,1.00994,0.93622,1.03355,1.0,0.98401,1.0,1.0,1.0,1.06613,1.0,92.245,41.056,99.764,22.119,37.347,292.531,1.01717,300,0,,,104,43,91,25,37
2025-10-16,thu,24.7,In Session,21,0,0,,1.19023,1.06796,0.97486,1.00999,1.13826,1.04533,1.0,0.97945,1.0,1.0,1.0,1.05544,1.0,85.208,33.993,149.901,37.294,43.325,349.721,1.04174,362,0,,,83,27,159,46,47
2025-10-17,fri,26.0,In Session,22,0,0,,1.19041,1.05575,0.97486,1.01001,0.90924,1.04672,1.0,0.97232,1.0,1.0,1.0,1.02933,1.0,20.123,14.676,134.186,57.158,47.242,273.385,0.89096,266,0,,,19,15,142,52,38
2025-10-18,sat,25.3,In Session,23,0,0,,1.1906,1.06085,0.97486,1.01006,0.84778,1.04927,1.0,0.97025,1.0,1.0,1.0,1.03447,1.0,27.548,23.135,116.039,48.672,41.213,256.606,1.05506,283,0,,,37,28,106,55,57
2025-10-19,wkday,26.4,In Session,24,0,0,,1.19078,1.05155,0.97486,1.01017,0.90384,1.02172,1.0,0.97459,1.0,1.0,1.0,1.07229,1.0,95.489,41.626,79.888,17.736,33.821,268.559,0.94557,255,1,,,87,42,75,13,38
2025-10-20,wkday,27.1,In Session,25,0,0,,1.19097,1.05173,0.97486,1.01033,0.87798,1.01714,1.0,0.97202,1.0,1.0,1.0,1.07148,1.0,90.883,41.566,76.401,16.012,34.034,258.896,1.04018,276,1,,,100,37,84,11,44
2025-10-21,wkday,25.6,In Session,26,0,0,,1.19115,1.04181,0.97486,1.01054,0.90046,1.02715,1.0,0.96895,1.0,1.0,1.0,1.06979,1.0,89.955,41.11,82.852,17.66,33.63,265.207,0.86621,253,1,,,81,37,84,20,31
2025-10-22,wkday,25.5,In Session,27,0,0,,1.19134,1.05453,0.97486,1.0108,0.93663,1.03009,1.0,0.96803,1.0,1.0,1.0,1.06672,1.0,89.269,39.548,93.95,20.892,35.854,279.512,0.93991,221,0,,,75,24,76,19,27
2025-10-23,thu,26.0,In Session,28,0,0,,1.19152,1.04379,0.97486,1.0111,1.1343,1.03499,1.0,0.96484,1.0,1.0,1.0,1.05606,1.0,82.987,32.979,140.57,35.209,42.39,334.136,1.00184,306,0,,,73,27,140,23,43
2025-10-24,fri,26.1,In Session,29,0,0,,1.19171,1.02835,0.97486,1.01144,0.9059,1.04548,1.0,0.95847,1.0,1.0,1.0,1.02944,1.0,19.561,14.222,128.728,54.866,45.481,262.858,1.01294,245,0,,,18,15,125,42,45
2025-10-25,sat,26.8,In Session,30,0,0,,1.19189,1.01548,0.97486,1.01182,0.84189,1.03337,1.0,0.9604,1.0,1.0,1.0,1.03467,1.0,26.354,22.081,106.632,45.132,39.93,240.129,1.03886,238,0,,,24,10,104,55,45
2025-10-26,wkday,28.7,In Session,31,0,0,,1.19208,1.0144,0.97486,1.01223,0.90694,1.00602,1.0,0.96973,1.0,1.0,1.0,1.07315,1.0,92.194,40.127,72.393,16.343,33.513,254.571,0.93342,248,0,,,83,54,57,17,37
2025-10-27,wkday,27.6,In Session,0,0,0,,1.19226,1.02514,0.97486,1.01268,0.87418,1.01435,1.0,1.06097,1.0,1.0,1.0,1.06894,1.0,92.431,43.378,83.895,17.646,38.104,275.454,1.02613,304,0,,,98,52,88,24,42
2025-10-28,wkday,25.7,In Session,1,0,0,,1.19245,1.02735,0.97486,1.01315,0.8976,1.0275,1.0,1.04161,1.0,1.0,1.0,1.06764,1.0,91.884,42.881,90.864,19.378,37.007,282.014,1.05086,263,0,,,95,32,85,16,35
2025-10-29,wkday,25.9,In Session,2,0,0,,1.19263,1.02374,0.97486,1.01363,0.93589,1.02834,1.0,1.02871,1.0,1.0,1.0,1.06506,1.0,89.261,40.227,98.957,22.055,38.284,288.785,0.93719,296,1,,,81,38,102,27,48
2025-10-30,thu,25.4,In Session,3,0,0,,1.19282,1.02551,0.97486,1.01414,1.14065,1.04077,1.0,1.02121,1.0,1.0,1.0,1.05461,1.0,83.664,33.735,150.951,37.682,44.599,350.63,0.99171,325,0,,,92,28,126,44,35
2025-10-31,fri,24.9,In Session,4,0,0,,1.19301,1.0213,0.97486,1.01465,0.92212,1.05832,1.0,1.01679,1.0,1.0,1.0,1.02901,1.0,19.884,14.643,140.071,59.317,47.551,281.466,1.02216,273,0,,,23,12,124,61,53
2025-11-01,sat,24.9,In Session,5,0,0,,1.19319,1.0244,0.99698,1.01517,0.85506,1.05296,1.0,1.01075,1.0,1.0,1.0,1.03402,1.0,27.783,23.55,121.758,50.972,42.7,266.762,0.98565,258,0,,,31,34,111,45,37
2025-11-02,wkday,25.4,In Session,6,0,0,,1.19338,1.02357,0.99698,1.01568,0.90106,1.02775,1.0,1.00555,1.0,1.0,1.0,1.07107,1.0,97.111,42.726,85.7,18.915,35.04,279.491,0.89002,263,0,,,83,47,87,13,33
2025-11-03,wkday,24.6,In Session,7,0,0,,1.19356,1.01563,0.99698,1.01619,0.87372,1.03104,1.0,1.00374,1.0,1.0,1.0,1.06995,1.0,91.755,42.365,83.927,17.338,34.306,269.691,1.03131,274,0,,,95,31,92,20,36
2025-11-04,wkday,21.4,In Session,8,0,0,,1.19375,1.01966,0.99698,1.01668,0.89748,1.03377,1.0,1.00254,1.0,1.0,1.0,1.06867,1.0,92.128,42.522,91.148,19.232,33.56,278.589,0.99336,289,0,,,96,40,92,22,39
2025-11-05,wkday,22.5,In Session,9,0,0,,1.19393,1.01235,0.99698,1.01716,0.93551,1.03936,1.0,1.00175,1.0,1.0,1.0,1.0655,1.0,89.661,40.107,101.116,22.27,35.687,288.841,1.00867,303,0,,,85,35,119,28,36
2025-11-06,thu,21.5,In Session,10,0,0,,1.19412,1.01067,0.99698,1.01761,1.14249,1.05096,1.0,1.00129,1.0,1.0,1.0,1.05491,1.0,84.063,33.725,154.047,38.105,41.609,351.549,0.98101,365,0,,,85,23,182,40,35
2025-11-07,fri,22.1,In Session,11,0,0,,1.1943,1.00638,0.99698,1.01803,0.92285,1.06847,1.0,1.00102,1.0,1.0,1.0,1.02922,1.0,20.025,14.697,142.925,60.111,45.441,283.198,1.12783,335,0,,,31,11,176,71,46
2025-11-08,sat,19.8,In Session,12,0,0,,1.19449,1.00896,0.99698,1.01843,0.85291,1.04719,1.0,1.00065,1.0,1.0,1.0,1.03447,1.0,27.388,23.162,120.317,50.224,38.731,259.823,1.00368,260,0,,,25,23,127,57,28
2025-11-09,wkday,19.6,In Session,13,0,0,,1.19467,1.0069,0.99698,1.01878,0.90053,1.02322,1.0,1.00034,1.0,1.0,1.0,1.07173,1.0,95.705,42.043,85.408,18.764,31.536,273.455,1.11269,285,0,,,109,49,93,13,21
2025-11-10,wkday,21.9,In Session,14,0,0,,1.19486,1.01373,0.99698,1.0191,0.87278,1.03345,1.0,1.00023,1.0,1.0,1.0,1.07007,1.0,91.804,42.344,85.378,17.541,32.883,269.949,0.99678,253,0,,,83,48,79,14,29
2025-11-11,wkday,21.5,In Session,15,0,0,,1.19504,1.00844,0.99698,1.01937,0.89767,1.03401,1.0,0.99756,1.0,1.0,1.0,1.0688,1.0,91.257,42.06,89.863,18.96,33.125,275.265,0.95528,256,0,,,82,41,83,18,32
2025-11-12,wkday,21.8,In Session,16,0,0,,1.19523,1.00789,0.99698,1.0196,0.93556,1.0382,1.0,0.99476,1.0,1.0,1.0,1.06578,1.0,89.315,39.874,100.098,22.042,34.942,286.27,0.94584,246,0,,,80,37,70,28,31
2025-11-13,thu,19.8,In Session,17,0,0,,1.19541,1.01729,0.99698,1.01978,1.14004,1.04022,1.0,0.99128,1.0,1.0,1.0,1.05555,1.0,84.56,33.837,151.458,37.607,40.426,347.888,0.99801,380,0,,,91,46,166,33,44
2025-11-14,fri,20.3,In Session,18,0,0,,1.1956,1.02368,0.99698,1.0199,0.91687,1.05768,1.0,0.98621,1.0,1.0,1.0,1.02949,1.0,20.33,14.873,142.218,59.958,44.398,281.777,0.97942,281,0,,,23,12,143,62,41
2025-11-15,sat,21.9,In Session,19,0,0,,1.19578,1.02265,0.99698,1.01998,0.85343,1.06134,1.0,0.98348,1.0,1.0,1.0,1.03438,1.0,27.67,23.309,121.653,50.58,39.837,263.049,0.96536,234,0,,,19,23,98,58,36
2025-11-16,wkday,23.5,In Session,20,0,0,,1.19597,1.01917,0.99698,1.02,0.9009,1.03392,1.0,0.98469,1.0,1.0,1.0,1.07151,1.0,96.423,42.163,85.545,18.74,33.133,276.004,0.97731,268,0,,,94,40,87,19,28
2025-11-17,wkday,23.6,In Session,21,0,0,,1.19615,1.00953,0.99698,1.02006,0.88623,1.0228,1.0,0.98174,1.0,1.0,1.0,1.06742,0.91142,81.791,33.355,61.719,11.86,52.397,241.122,1.16302,293,1,Rain,,95,38,80,14,66
2025-11-18,wkday,23.9,In Session,22,0,0,,1.19634,1.00519,0.99698,1.02023,0.89892,1.03423,1.0,0.97925,1.0,1.0,1.0,1.06922,1.0,90.415,41.449,86.479,18.297,33.359,269.997,0.92453,247,0,,,71,47,90,14,25
2025-11-19,wkday,24.5,In Session,23,0,0,,1.19652,0.99393,0.99698,1.02051,0.93624,1.03523,1.0,0.97598,1.0,1.0,1.0,1.06631,1.0,87.551,38.877,94.501,20.916,34.957,276.803,0.91868,255,0,,,82,40,82,18,33
2025-11-20,thu,22.9,In Session,24,0,0,,1.19671,0.9946,0.99698,1.02088,1.13952,1.05215,1.0,0.97057,1.0,1.0,1.0,1.05552,1.0,82.196,32.715,146.208,36.183,40.387,337.69,1.05865,375,0,,,87,32,177,40,39
2025-11-21,fri,21.6,Term Break,25,0,0,,1.19689,0.99832,0.99698,1.02135,0.99583,1.07087,1.01134,0.96111,1.0,1.0,1.0,1.02868,1.0,18.338,6.457,141.916,64.286,43.083,274.08,0.93219,301,0,,,20,8,156,75,42
2025-11-22,sat,19.8,Term Break,26,0,0,,1.19708,1.00804,0.99698,1.02192,0.89795,1.05175,0.98398,0.95905,1.0,1.0,1.0,1.03389,1.0,25.239,10.232,119.971,53.932,37.134,246.509,1.06549,257,0,,,28,8,135,54,32
2025-11-23,wkday,19.5,Term Break,27,0,0,,1.19726,1.01451,0.99698,1.02257,0.88571,1.02642,0.91013,0.96797,1.0,1.0,1.0,1.07356,1.0,88.975,18.739,85.806,20.31,30.461,244.291,1.03146,246,0,,,75,12,100,15,44
2025-11-24,wkday,19.5,Term Break,28,0,0,,1.19745,1.0064,0.99698,1.0233,0.85662,1.02591,0.90756,0.96785,1.0,1.0,1.0,1.07262,1.0,84.134,18.605,83.116,18.484,30.244,234.582,1.13227,264,0,,,88,22,88,26,40
2025-11-25,wkday,20.1,Term Break,29,0,0,,1.19763,1.0095,0.99698,1.0241,0.88393,1.03202,0.91197,0.96739,1.0,1.0,1.0,1.07069,1.0,84.472,18.68,89.359,20.36,31.327,244.198,0.99491,239,0,,,86,26,88,19,20
2025-11-26,wkday,19.4,Term Break,30,0,0,,1.19782,1.0239,0.99698,1.02496,0.93084,1.02913,0.92564,0.96553,1.0,1.0,1.19644,1.06216,1.0,90.771,21.26,125.578,28.267,44.788,310.664,0.89166,303,0,,,88,20,122,24,49
2025-11-27,thu,18.5,Term Break,0,0,0,,1.198,1.03049,0.99698,1.02587,1.19446,1.02999,0.96489,1.07462,1.0,1.0,1.21148,1.04904,1.0,89.377,19.283,217.015,55.103,60.211,440.989,0.96173,434,0,,,99,18,218,46,53
2025-11-28,fri,19.4,Term Break,1,0,0,,1.19819,1.02583,0.99698,1.02684,1.04045,1.04928,1.01366,1.0572,1.0,1.0,1.23652,1.02684,1.0,21.115,8.288,198.932,85.53,64.34,378.204,0.96913,359,0,,,19,5,176,101,58
2025-11-29,sat,18.9,Term Break,2,0,0,,1.19837,1.0168,0.99698,1.02783,0.93132,1.03885,0.98795,1.03714,1.0,1.0,1.23015,1.03126,1.0,28.404,12.799,163.664,69.719,54.704,329.29,0.93434,308,0,,,27,16,154,58,53
2025-11-30,wkday,19.3,In Session,3,0,0,,1.19856,1.01587,0.99698,1.02885,0.8944,1.02099,1.0,1.01897,1.0,1.0,1.18699,1.06615,1.0,106.498,51.386,111.535,23.16,44.47,337.049,0.96485,315,0,,,97,49,105,15,49
2025-12-01,wkday,16.5,In Session,4,0,0,,1.19874,1.01355,0.98825,1.02988,0.87159,0.99211,1.0,1.0126,1.0,1.0,1.18614,1.06671,1.0,100.158,50.654,100.647,19.969,41.759,313.187,0.92111,282,0,,,84,49,86,24,39
2025-12-02,wkday,18.2,In Session,5,0,0,,1.19893,0.99993,0.98825,1.03091,0.90005,1.01246,1.0,1.00825,1.0,1.0,0.96672,1.07152,1.0,91.435,40.583,83.01,17.9,29.667,262.594,0.94978,241,0,,,85,30,84,18,24
2025-12-03,wkday,17.4,In Session,6,0,0,,1.19911,0.98395,0.98825,1.03193,0.93627,1.00606,1.0,1.00568,1.0,1.0,0.96584,1.06892,1.0,88.169,37.905,89.455,20.235,30.306,266.07,1.11406,292,0,,,129,45,69,26,23
2025-12-04,thu,18.7,In Session,7,0,0,,1.19929,0.98509,0.98825,1.03293,1.13539,1.0291,1.0,1.00423,1.0,1.0,0.96193,1.05719,1.0,82.893,31.95,140.251,35.361,36.659,327.114,1.01062,346,0,,,90,32,144,43,37
2025-12-05,fri,18.5,In Session,8,0,0,,1.19948,0.97824,0.98825,1.0339,0.90188,1.03511,1.0,1.00337,1.0,1.0,0.95318,1.03021,1.0,19.695,13.884,129.093,55.409,39.419,257.501,0.92418,249,0,,,21,9,119,58,42
2025-12-06,sat,17.7,In Session,9,0,0,,1.19966,0.96759,0.98825,1.03483,0.83738,1.0192,1.0,1.00215,1.0,1.0,0.9553,1.0357,1.0,26.583,21.589,106.958,45.596,33.876,234.603,1.10067,255,0,,,29,20,98,57,51
2025-12-07,wkday,16.1,In Session,10,0,0,,1.19985,0.96732,0.98825,1.0357,0.90638,0.99099,1.0,1.00109,1.0,1.0,0.96808,1.07548,1.0,93.085,39.265,73.341,16.628,27.012,249.332,0.90416,217,0,,,73,27,76,12,29
2025-12-08,wkday,15.1,In Session,11,0,0,,1.20003,0.97635,0.98825,1.03652,0.88,0.9798,1.0,1.00073,1.0,1.0,0.96792,1.07504,1.0,89.55,39.659,70.367,15.107,26.832,241.515,0.90778,230,1,,,69,39,87,13,22
2025-12-09,wkday,16.2,In Session,12,0,0,,1.20022,0.97515,0.98825,1.03727,0.90075,0.99134,1.0,1.0005,1.0,1.0,1.0,1.071,1.0,89.508,41.289,80.956,17.509,30.007,259.27,1.01522,264,0,,,88,42,98,9,27
2025-12-10,wkday,16.4,In Session,13,0,0,,1.2004,0.96542,0.98825,1.03793,0.9362,0.99426,1.0,1.00035,1.0,1.0,1.0,1.06782,1.0,86.906,38.859,90.089,20.309,31.441,267.605,1.02371,279,0,,,86,37,97,18,41
2025-12-11,thu,19.3,In Session,14,0,0,,1.20059,0.96671,0.98825,1.03852,1.17642,1.04511,1.0,1.00027,1.0,1.0,1.0,1.04939,1.23715,81.749,39.346,219.844,36.463,39.098,416.5,0.92753,426,0,Nearby Riyadh Season event,,76,35,226,42,47
2025-12-12,fri,18.8,In Session,15,0,0,,1.20077,0.97282,0.98825,1.03901,0.9134,1.03919,1.0,0.99675,1.0,1.0,1.0,1.02962,1.0,19.662,14.417,135.73,57.561,42.299,269.669,1.02796,298,0,,,21,18,154,61,44
2025-12-13,sat,19.4,In Session,16,0,0,,1.20096,0.96047,0.98825,1.03941,0.85074,1.04265,1.0,0.99352,1.0,1.0,1.0,1.03462,1.0,26.455,22.336,114.911,48.042,36.971,248.715,0.91431,232,0,,,35,19,101,47,30
2025-12-14,wkday,17.5,In Session,17,0,0,,1.20114,0.96749,0.98825,1.03971,0.90297,1.00502,1.0,0.9925,1.0,1.0,1.0,1.07299,1.0,93.203,40.848,79.294,17.615,29.477,260.438,0.97429,276,0,,,89,48,78,24,37
2025-12-15,wkday,17.4,In Session,18,0,0,,1.20133,0.96214,0.98825,1.0399,0.87603,1.00344,1.0,0.98993,1.0,1.0,1.0,1.07207,1.0,88.204,40.559,76.488,15.976,29.165,250.393,1.07334,275,0,,,104,49,76,21,25
2025-12-16,wkday,16.9,In Session,19,0,0,,1.20151,0.97944,0.98825,1.03999,0.90066,0.99901,1.0,0.98726,1.0,1.0,1.0,1.071,1.0,89.709,41.22,81.454,17.527,30.0,259.91,0.96642,276,0,,,75,42,104,18,37
2025-12-17,wkday,16.0,In Session,20,0,0,,1.2017,0.97445,0.98825,1.03999,0.93655,0.98958,1.0,0.9843,1.0,1.0,1.0,1.06855,1.0,87.381,38.891,88.2,19.943,30.9,265.315,1.02258,265,0,,,92,39,76,21,37
2025-12-18,thu,16.3,In Session,21,0,0,,1.20188,0.97993,0.98825,1.03993,1.13097,0.99682,1.0,0.97973,1.0,1.0,1.0,1.05744,1.0,82.407,32.875,135.922,34.44,36.882,322.526,0.92729,294,0,,,95,37,97,26,39
2025-12-19,fri,16.6,In Session,22,0,0,,1.20207,0.98087,0.98825,1.03981,0.89623,1.0013,1.0,0.97243,1.0,1.0,1.0,1.03018,1.0,19.703,14.37,127.153,54.67,40.168,256.064,0.89697,218,0,,,20,9,106,44,39
2025-12-20,sat,16.7,In Session,23,0,0,,1.20225,0.96785,0.98825,1.03965,0.83693,1.0021,1.0,0.97043,1.0,1.0,1.0,1.0355,1.0,26.481,22.239,106.73,45.331,34.8,235.581,1.06288,253,0,,,29,28,107,48,41
2025-12-21,wkday,16.5,In Session,24,0,0,,1.20244,0.9819,0.98825,1.03943,0.90524,0.99477,1.0,0.97492,1.0,1.0,1.0,1.07415,1.0,93.917,40.941,76.518,17.117,28.679,257.173,1.0031,251,0,,,114,38,66,9,24
2025-12-22,wkday,12.8,In Session,25,0,0,,1.20262,0.99948,0.98825,1.03917,0.89368,0.94193,1.0,0.97237,1.0,1.0,1.0,1.0727,0.90693,81.841,33.272,51.583,10.413,43.743,220.852,1.00148,200,1,Rain,,86,27,54,7,26
2025-12-23,wkday,15.1,In Session,26,0,0,,1.20281,0.9922,0.98825,1.03886,0.90318,0.9794,1.0,0.96964,1.0,1.0,1.0,1.07267,1.0,90.156,41.202,76.643,16.718,28.722,253.442,1.02648,250,0,,,95,45,66,12,32
2025-12-24,wkday,17.4,In Session,27,0,0,,1.20299,0.99596,0.98825,1.03852,0.93645,1.00568,1.0,0.96835,1.0,1.0,1.0,1.06821,1.0,88.672,39.283,91.157,20.406,31.547,271.065,0.97967,265,0,,,92,47,85,15,26
2025-12-25,thu,17.0,In Session,0,0,0,,1.20318,0.98341,0.98825,1.03813,1.14072,1.00704,1.0,1.06976,1.0,1.0,1.0,1.05503,1.0,85.55,34.912,155.284,39.148,41.873,356.766,0.96532,334,0,,,77,33,138,42,44
2025-12-26,fri,17.7,In Session,1,0,0,,1.20336,0.98966,0.98825,1.03771,0.91925,1.02149,1.0,1.05556,1.0,1.0,1.0,1.02938,1.0,20.404,15.149,143.828,61.377,45.045,285.804,1.04004,308,0,,,24,19,139,77,49
2025-12-27,sat,18.5,In Session,2,0,0,,1.20355,0.9842,0.98825,1.03727,0.8543,1.03103,1.0,1.03558,1.0,1.0,1.0,1.03437,1.0,27.5,23.439,121.532,51.03,39.161,262.661,1.05938,274,0,,,28,27,140,47,32
2025-12-28,wkday,17.9,In Session,3,0,0,,1.20373,0.9789,0.98825,1.0368,0.90107,1.00902,1.0,1.01826,1.0,1.0,1.0,1.07197,1.0,95.326,42.097,84.023,18.619,31.155,271.22,1.08004,305,0,,,113,48,93,20,31
2025-12-29,wkday,16.1,In Session,4,0,0,,1.20391,0.97968,0.98825,1.03631,0.87638,0.98975,1.0,1.01217,1.0,1.0,1.0,1.07213,1.0,90.588,41.932,77.847,16.411,30.02,256.798,0.95858,238,0,,,92,40,65,13,28
2025-12-30,wkday,13.9,In Session,5,0,0,,1.2041,0.97258,0.98825,1.0358,0.90266,0.96593,1.0,1.00816,1.0,1.0,1.0,1.07218,1.0,89.741,41.491,77.002,16.957,29.193,254.384,0.97574,231,0,,,82,38,64,16,31
2025-12-31,wkday,14.0,In Session,6,0,0,,1.20428,0.96749,0.98825,1.03529,0.93675,0.96587,1.0,1.00564,1.0,1.0,1.0,1.06914,1.0,87.352,39.118,85.463,19.63,30.538,262.101,1.00054,283,0,,,98,45,87,20,33
